1687242625621,1.609913338649632,1.05257,0.4308428670370144,2.16023,268.01825,2.77714,1.286315283859209,0.959544,0.5533006636173228,339.563,237.61200000000008,291.219,1.2987898973241594,0.959626,0.3062430979548641,338.742,298.9285,64.3122
1687242625674,1.6086022528656514,1.05374,0.4309054501580939,1.84405,268.12051,2.59598,1.2865486531275525,0.960579,0.550629608435453,338.885,236.07899999999995,290.559,1.2970465984417352,0.95594,0.3083209444377734,337.758,299.4523,68.0734
1687242625731,1.607469650480737,1.05444,0.4310516976458882,1.58852,268.24455,2.7371,1.2865543877054768,0.960153,0.5502112484055554,339.241,236.32899999999995,288.922,1.2973930869101105,0.953487,0.309534751993065,337.67,298.7122,67.5606
1687242625786,1.606308640254466,1.05507,0.4309087181561208,1.27018,268.31708,2.68438,1.2905141638021402,0.960176,0.5491020043998049,337.104,235.569,288.842,1.298712419834506,0.950681,0.3118711468386778,337.475,299.7338,67.4546
1687242625841,1.6051639009322265,1.05397,0.4308819292756211,1.79077,268.47242,2.43296,1.2943912416414871,0.957453,0.5427548239684918,337.116,233.99800000000005,289.668,1.2987609319622595,0.949028,0.3127650512985955,336.784,299.2525,68.7267
1687242625897,1.6045769102108878,1.05265,0.430869104570465,2.64878,268.51726,2.5682,1.2970783443505898,0.954783,0.5384226185219861,336.224,233.92000000000007,290.391,1.298055869709226,0.947841,0.3141952464004425,336.312,299.86990000000003,69.9052
1687242625953,1.604253899022588,1.05151,0.4305207215452858,3.12338,268.40188,2.76234,1.2951452158247592,0.950974,0.5342749214377454,338.158,233.271,291.412,1.2980760561741318,0.947731,0.3143917368751088,336.522,299.4198,69.8654
1687242626008,1.604322380931299,1.0508,0.430013710669486,3.34091,268.08367,2.79836,1.293526191180967,0.946734,0.5319047728764115,339.083,233.962,289.456,1.3003090446543328,0.947721,0.3158713702105301,335.989,300.0771,70.7878
1687242626064,1.604943705790701,1.05101,0.4295686409905715,3.35895,268.06821,2.79072,1.2932458845543933,0.945434,0.5332180497684258,338.882,234.586,290.763,1.3048915206726486,0.948213,0.3168281443696499,334.305,301.866,68.2684
1687242626119,1.6053120586587777,1.05172,0.4291761418509802,2.96062,267.9905,2.85628,1.292694228879324,0.943969,0.5352755132592717,338.626,234.964,288.973,1.3067061385445058,0.947293,0.3156473099277669,334.707,301.2079,69.0061
1687242626175,1.605517342982764,1.05205,0.4287006655462863,2.74782,267.80481,2.89155,1.2945548179151518,0.943215,0.5351699981430232,338.384,235.118,289.777,1.309167198146695,0.945949,0.3154706851150377,334.035,301.2114,70.3879
1687242626232,1.6058451512194691,1.05214,0.4284292656753425,2.49237,267.87534,3.04948,1.29769325596968,0.940098,0.5346876543051953,338.876,236.40100000000007,291.134,1.3126326003788928,0.942254,0.3166008151115774,332.007,302.1401,68.4091
1687242626287,1.6076001133883018,1.05358,0.4279484063237996,1.59624,268.01781,3.00365,1.3001099724117489,0.93379,0.5355169109835725,339.861,237.092,292.527,1.3128135810387946,0.93256,0.3173538828646658,329.651,304.1013,63.1003
1687242626343,1.610129768844632,1.05438,0.4277501646474055,1.05572,268.13435,3.02432,1.3001324181642118,0.921995,0.5369617591375998,338.133,237.33500000000004,292.141,1.302475413953562,0.909548,0.3166749646974177,328.657,308.094,65.3184
1687242626398,1.6124826580877212,1.05482,0.4272782704434211,0.430769,267.85457,3.23538,1.2919542302340732,0.900437,0.5342951194582779,340.528,237.65,289.217,1.2923245931644134,0.877579,0.3222759852532259,332.822,307.5135,70.7106
1687242626454,1.6139850504868245,1.05584,0.4269928215353522,359.543,268.06341,2.63884,1.2821183998256007,0.868919,0.5285732168747161,344.809,238.399,284.757,1.2835990329138935,0.834162,0.329670243006682,336.433,303.3372,76.511
1687242626510,1.6158461741790882,1.0553,0.427149177674003,359.631,268.47567,3.06584,1.2699040806250914,0.825421,0.5178259474322918,349.039,238.522,288.433,1.27541677483685,0.781963,0.3414524063377794,343.07,303.7475,82.5569
1687242626565,1.6165363217210404,1.05559,0.4267721932972217,358.789,268.42328,2.93193,1.259066726946158,0.767733,0.5071244814001208,356.88,236.637,279.564,1.2748505407567283,0.723852,0.3524265019932997,349.999,300.5599,88.5631
1687242626621,1.6162922750599222,1.0561,0.4266480287000251,357.997,268.54406,3.14059,1.2549770367304016,0.703714,0.4950630742708035,6.18611,234.89,279.946,1.2787715993894384,0.662721,0.3608142148853132,358.756,299.1941,95.1617
1687242626676,1.6153861826850764,1.05678,0.4259911072981463,357.147,268.05277,3.18377,1.2612331359325455,0.647662,0.4866261587928024,12.0424,234.37200000000007,279.673,1.288401703814969,0.609495,0.3677086062662383,7.91359,300.7411,99.9966
1687242626732,1.6130019142469467,1.05767,0.4251782340577586,356.368,267.69006,2.91411,1.2738218448088756,0.602261,0.4797245136507363,16.1301,231.432,274.32,1.3048357026678978,0.579298,0.3681674104858533,11.5661,298.3214,99.1574
1687242626788,1.611498862093469,1.05656,0.4239292570227712,356.317,267.80656,2.78381,1.2842577793005114,0.577268,0.4785014130104421,19.7127,232.31500000000003,278.593,1.3164155001823037,0.595218,0.3732819221463501,8.43025,297.1422,76.6857
1687242626843,1.6110898302747063,1.0562,0.4225633786309515,356.672,267.82035,3.04968,1.285954373686939,0.57312,0.4756979323634709,15.8285,229.82400000000007,283.41,1.311058794490728,0.60331,0.3821926133868678,6.41874,306.3134,83.7143
1687242626899,1.6127259872852997,1.05758,0.4214191103072236,356.436,268.18238,3.23387,1.291649491236579,0.585786,0.4696132389828819,10.9859,228.615,292.48,1.3205128360831195,0.613797,0.3852538982771267,359.305,306.3455,75.2047
1687242626954,1.615017997974651,1.05942,0.4207281160309097,354.632,268.54706,3.88247,1.2955804126986583,0.588475,0.4696235936418605,10.9411,227.524,292.615,1.3324030562783775,0.607963,0.3848474383058171,356.211,307.591,64.0984
1687242627011,1.616887375958311,1.06217,0.4194250333573202,351.467,268.95567,4.20408,1.297881669947939,0.585554,0.4689826656329278,10.9928,227.79999999999995,294.955,1.341937025117984,0.593552,0.3847718462069111,355.254,311.1996,67.1023
1687242627066,1.618503698515819,1.06479,0.4174090779312035,348.246,269.21622,4.07013,1.2960376435903749,0.578443,0.4652683246304606,15.2531,228.909,293.048,1.3452356180644425,0.597283,0.3863700207229052,358.858,306.5784,65.1856
1687242627122,1.620707366412336,1.06609,0.4152069861229764,346.05,269.14435,4.06476,1.3008236649696456,0.578524,0.4589203688085316,16.6019,229.8820000000001,298.608,1.340356791512288,0.588732,0.3957436072242605,7.99726,309.2312,62.2817
1687242627177,1.6238538780214489,1.06637,0.4132984775970018,344.991,268.49227,4.70028,1.3019001433716269,0.574464,0.4592939732117022,17.3692,231.65200000000004,302.56,1.3399163771076528,0.586883,0.3940834891415357,10.9354,300.8085,57.4131
1687242627234,1.6273585429289483,1.06667,0.4112171360161603,344.406,267.81215,4.89275,1.303344504589383,0.580109,0.4605584948298019,15.6186,229.8820000000001,298.732,1.3440326009775805,0.587573,0.3946784324409665,5.83214,304.7074,62.2514
1687242627289,1.6309474899842165,1.06698,0.4097744322196437,343.404,267.43631,4.83687,1.3058188225519118,0.582,0.4588324328754367,15.8315,230.647,300.802,1.3443492936617825,0.588492,0.3936482954529047,6.59939,305.0389,61.1081
1687242627345,1.6339986680923029,1.06736,0.4086098714428975,342.707,267.39384,5.05514,1.308342841919039,0.582579,0.4566402195933022,15.042,229.4,300.46,1.3451339342128936,0.587547,0.3898491188250481,6.11615,304.299,62.0827
1687242627400,1.6364167660651456,1.06758,0.4076293737867384,342.477,267.22251,5.29213,1.3083966715280153,0.582302,0.4549528317946034,15.4382,229.81099999999992,301.048,1.34570880212018,0.5893,0.3858805521443468,4.9338,303.0745,63.765
1687242627456,1.6379157179889894,1.06845,0.4069729921447002,341.656,267.00723,5.36814,1.308540341081152,0.583103,0.4545872253675518,15.0203,228.702,300.674,1.3453492998416612,0.59011,0.3836463831821284,4.27795,302.68330000000003,63.8956
1687242627512,1.6387128447907635,1.06974,0.4065329261702226,341.04,266.91972,5.37938,1.3074737264151204,0.583865,0.4562826672462979,14.1075,228.366,299.354,1.344331606606176,0.589745,0.3823116855502855,4.1795,302.9155,65.5109
1687242627568,1.6387122670053416,1.07095,0.4065436893558108,340.259,267.10244,5.37971,1.306428321055378,0.584688,0.4568673166487791,14.1435,228.48,297.866,1.3438465411063647,0.590691,0.381509467312589,3.4506,302.7129,65.7457
1687242627623,1.6382066762597565,1.07293,0.4077709391258162,338.922,268.45795,5.08039,1.306719363761582,0.584727,0.4566909766840366,13.9798,228.36400000000003,298.663,1.343376964395741,0.590495,0.3813219777853083,3.26111,303.0794,65.9443
1687242627679,1.6383563322230037,1.07499,0.4111243728038043,337.545,271.3562,4.41892,1.306340117033469,0.582725,0.4586402347914239,14.6473,225.24,294.77,1.3413497466635722,0.58902,0.3825682893941686,3.79605,303.2399,66.8088
1687242627734,1.637691221126326,1.07602,0.4122899857537479,335.923,273.5036,3.56719,1.3060527489596845,0.590853,0.4631148127424903,15.6967,227.592,293.461,1.3405867568829517,0.594146,0.3856688013526472,3.13156,305.311,66.1409
1687242627791,1.635850743395744,1.07694,0.4127594219402867,335.509,273.334,3.73912,1.3066520236255226,0.613313,0.4692641986862154,10.9077,228.923,291.975,1.3405327721697111,0.609998,0.3842876441238219,0.837124,303.6509,65.0902
1687242627846,1.632384913782611,1.07648,0.413135906591673,336.644,273.6964,3.66249,1.30603386065134,0.646377,0.4784366052786725,5.02916,232.07400000000007,293.885,1.3461284161865184,0.628698,0.3816637547345427,356.846,306.2201,66.0619
1687242627902,1.627820071476804,1.07256,0.4135954109475999,339.652,273.9035,3.91713,1.3037311419257636,0.682051,0.4892558104047841,2.37121,239.28,298.26,1.3516490026442085,0.653722,0.37371828497353,352.162,303.9021,65.1758
1687242627957,1.6221273769285038,1.06639,0.4140348611492758,345.118,273.4748,3.99177,1.3056444809261911,0.721422,0.4999252510124,1.8141,250.319,309.235,1.355198056005242,0.686318,0.3626376315992682,345.005,303.638,68.2439
1687242628013,1.6167935934407374,1.05793,0.4147095087799908,352.26,273.1221,3.46583,1.3178430413414053,0.763713,0.5094085819038314,355.671,256.602,317.86,1.3538465561952688,0.72143,0.3520297891577704,341.822,300.3062,71.4616
1687242628069,1.6114275058233616,1.05141,0.4159848730936854,357.237,272.6115,2.89534,1.3325115392324,0.798988,0.5187801144690996,349.456,260.770458,318.163,1.349585685978829,0.754402,0.3454483093425117,346.049,294.78,68.3884
1687242628124,1.606842392500871,1.04437,0.4173045249985146,2.14984,271.8823,3.19108,1.3435166957612468,0.828321,0.524792481205717,346.198,265.83317,320.628,1.354201346994073,0.791743,0.3421051199069044,340.955,294.337,63.3218
1687242628180,1.6015419091805023,1.03921,0.4185406857892279,5.73997,271.245,3.49489,1.3528931525965329,0.852509,0.5280115913647541,342.077,264.91058,315.468,1.3554970236313106,0.823455,0.3407518526229885,339.955,292.7734,57.4649
1687242628235,1.5968098979533554,1.03467,0.420296657823787,8.14021,270.8757,3.1301,1.3554248985861923,0.872845,0.5270597640464648,342.393,262.93928,315.359,1.3529857045461156,0.849705,0.3413805174719624,341.565,291.8722,58.0255
1687242628292,1.5920232710394695,1.03303,0.4217145091302591,9.60225,270.349,2.77977,1.3579448226947546,0.890863,0.5264917143240919,338.474,268.10034,316.236,1.3520396683519171,0.870237,0.338545266172824,338.787,287.8249,58.8298
1687242628348,1.587868140944643,1.03125,0.4231012460105153,10.6226,269.87278,2.22826,1.3585379779574722,0.908791,0.5258459033344747,337.924,268.35746,317.182,1.3508875360690218,0.887592,0.3386755802653475,337.086,289.2615,59.8791
1687242628403,1.5839160427575796,1.03114,0.4245188073036568,11.3391,269.83625,2.01782,1.359812596065463,0.925572,0.5234833458899282,336.735,270.7071,317.713,1.3557577934265272,0.904204,0.3376259452660916,334.551,288.394,57.406
1687242628458,1.5802915517507228,1.03139,0.4254691590233975,12.078,269.96904,1.92146,1.3614042874471746,0.938324,0.5217585364670108,333.959,271.7601,320.426,1.359654226049397,0.918726,0.3372329837216145,332.493,284.6087,52.7159
1687242628514,1.5766466339868137,1.03159,0.4260366471152022,12.356,270.1124,1.9695,1.3601468074606728,0.946759,0.520315250603591,334.983,269.13702,317.318,1.35750875035628,0.929443,0.3377102769336387,331.947,285.9404,55.9619
1687242628571,1.5731153452927926,1.03111,0.4262056122284016,12.9194,270.1219,2.04147,1.3541939011494144,0.95244,0.5190279827801052,336.364,265.6836,313.752,1.348599044287614,0.938403,0.3375971033502353,335.789,282.2694,54.0142
1687242628626,1.5699151746209044,1.03018,0.4264092013999838,13.8899,269.89989,1.88993,1.3489934666034944,0.957322,0.5163583795261363,337.047,269.02956,318.252,1.342172244716249,0.945663,0.3378629399720542,335.168,285.892,55.7836
1687242628682,1.566834944746248,1.02981,0.426321289516406,14.7569,269.86542,1.61379,1.3460811739286278,0.957178,0.5192841136862947,336.159,270.0825,317.714,1.3419804229968566,0.948078,0.3344704915659662,335.697,287.3025,56.4424
1687242628737,1.5641106639781996,1.03016,0.42603964430192,15.1957,269.92866,1.47107,1.3451026456620154,0.948424,0.5300913807058256,338.884,271.7823,311.298,1.3471474309517473,0.941809,0.3287663747294966,333.001,283.965,57.1054
1687242628793,1.5619520030960063,1.02999,0.4261003185517149,15.5685,270.0928,1.75901,1.3474704964669528,0.929286,0.5398416826788702,340.222,269.87944,306.534,1.351618192815788,0.923701,0.3244885242184291,334.707,286.6383,60.3948
1687242628849,1.559476672914439,1.02875,0.4258866356531903,15.8973,270.1998,1.89825,1.3519302290106456,0.905985,0.5468790200758356,341.253,268.52819,302.391,1.3540811318671977,0.899541,0.318340913069451,336.107,286.3669,66.7947
1687242628905,1.5574686230995394,1.02511,0.4256146087624572,16.5414,270.1303,1.76892,1.3536751951164707,0.883745,0.5542764132849005,343.056,267.70066,297.558,1.3557406877412783,0.878826,0.3127989977768103,338.032,282.3447,71.6095
1687242628960,1.5569121906478929,1.01972,0.4256839385565901,18.44,270.3577,1.99156,1.354278908404975,0.863519,0.5608094992529009,346.14,267.22222,291.12,1.353097653062324,0.865268,0.3110303701942355,340.036,279.6018,75.2893
1687242629015,1.5570485621612966,1.01604,0.4258034346353205,20.1982,270.7015,2.37001,1.3518503136983353,0.855614,0.5624547736223853,347.465,265.58896,286.813,1.3484002055392217,0.857274,0.314434280031129,342.118,281.6412,77.4418
1687242629071,1.5585342948891567,1.01438,0.4259295453206936,21.3285,270.7174,2.53349,1.348020336163479,0.858715,0.5596836047205507,347.551,261.80439,287.732,1.3468759065575402,0.851556,0.3175621070107499,344.871,282.8606,76.5636
1687242629128,1.5596668673808165,1.01401,0.4260303458565837,21.8006,270.7992,2.51958,1.3493834271260794,0.859166,0.5570208497510356,347.559,259.298,287.212,1.3482540599132136,0.84604,0.3188162744510249,347.236,283.4778,77.4407
1687242629183,1.5602065263569176,1.01463,0.4262084626486429,21.3055,270.611,2.94784,1.3485605956635696,0.856834,0.5515000938802962,348.265,256.265,286.076,1.3504342814589636,0.840005,0.3167195114073197,347.948,283.3161,78.7784
1687242629238,1.559940393775769,1.01524,0.4258463478738115,21.0436,270.0669,2.82375,1.3450501517933529,0.8532,0.5466518560732102,349.544,251.177,284.847,1.3496894942189577,0.834262,0.3159620732731305,349.095,284.274,82.2256
1687242629295,1.5591420678942234,1.01468,0.4255172198449923,21.4151,269.56077,2.85208,1.3419677509133583,0.848935,0.5443689198465474,351.956,249.553,284.922,1.3463573115646712,0.832101,0.315383658406038,350.523,285.82280000000003,80.7737
1687242629350,1.5582348000103448,1.01311,0.4256204426161351,21.8638,269.36401,2.72805,1.34019189071003,0.8462,0.5426636378938388,351.933,248.992,285.48,1.3438256403935958,0.829832,0.3140027593613771,352.842,284.87760000000003,80.3339
1687242629406,1.5573692189874695,1.01251,0.4256640992918904,22.2199,269.35585,2.54219,1.3367452672369362,0.84347,0.5414385258031628,352.535,245.539,283.503,1.3431141496060313,0.828819,0.3140297198734481,350.221,288.9388,84.6801
1687242629462,1.5565112380450858,1.01235,0.4257608828240982,22.2954,269.62909,2.32756,1.334712841114042,0.842267,0.5447184277917865,351.524,246.59500000000003,281.485,1.3425290280419373,0.828047,0.3115490272856347,351.325,288.5239,86.2137
1687242629516,1.5555817207326823,1.01275,0.4256957848522223,22.1872,269.72239,2.45016,1.3333070278138337,0.842321,0.5459246358853413,351.587,247.198,282.06,1.342905631920642,0.829162,0.3115036342405212,351.217,287.7399,84.1552
1687242629573,1.55517562053869,1.01296,0.4254519620777747,22.1631,269.55928,2.46482,1.3317795741592409,0.841351,0.5455344688274404,352.095,246.87699999999995,282.086,1.3429227562214254,0.829287,0.3102605221786689,349.6,289.7462,86.6114
1687242629629,1.5550800303408872,1.01296,0.4254674990557299,22.1391,269.49494,2.3823,1.3307630350906667,0.840873,0.5462894180456415,351.211,246.262,279.998,1.3427536772402209,0.829353,0.3079081237030455,349.091,288.8871,88.3058
1687242629684,1.5552729305405857,1.01284,0.4256021413427587,22.1785,269.47454,2.3355,1.3302674297747314,0.841444,0.5448444040765683,352.152,246.809,282.091,1.3427416222175492,0.82974,0.3094046662137777,351.03,288.2317,84.9836
1687242629739,1.5556850233944564,1.01268,0.4258373742320162,22.1704,269.53084,2.19639,1.3304113016720611,0.841871,0.5413563964967085,352.504,246.222,282.747,1.3434562412392437,0.829566,0.3115828500108509,350.102,289.5874,86.9699
1687242629795,1.5562607575165197,1.01256,0.4262291006171274,22.1425,269.83317,2.06415,1.329811574690785,0.841367,0.5393213378862678,351.817,246.025,279.857,1.3444032106583552,0.831352,0.317666514051482,350.348,290.7792,85.0862
1687242629851,1.557022270082138,1.01271,0.4265431063388982,21.9468,270.0628,2.12204,1.3309047873795778,0.843839,0.5346532535878578,351.648,244.34500000000003,281.546,1.3450396310893242,0.832975,0.3213765917157695,353.332,288.0954,78.3851
1687242629907,1.5575931898608646,1.01381,0.4264737924848781,21.4348,269.90923,1.92522,1.3325908454165694,0.844589,0.5321053257443159,351.872,244.831,282.704,1.3442595545064036,0.831784,0.3245336963521062,352.566,290.0401,80.9528
1687242629963,1.5581881306564531,1.01599,0.4265280268111315,20.4814,269.85063,1.75606,1.332748169424704,0.845435,0.5303723164666533,350.915,243.648,282.131,1.344660422720228,0.831605,0.3264296095687765,351.474,290.6523,83.86
1687242630018,1.5591889627377504,1.01777,0.4266612433365565,19.6249,269.9598,1.55614,1.332510588548535,0.845567,0.5290073236727972,351.665,244.54999999999995,283.688,1.3449229790824029,0.832564,0.3304747568796519,353.284,289.4891,79.7301
1687242630074,1.5601941632828904,1.0186,0.427123619106305,19.2654,270.1242,1.48893,1.3318669551023594,0.84464,0.5290755950940776,351.023,244.726,282.195,1.3458246166406085,0.833374,0.3339591605192482,354.394,288.0362,76.781
1687242630130,1.5609932496596828,1.01844,0.4275850897758224,19.6905,270.298,1.48714,1.331352336202881,0.843795,0.5275368555487681,351.199,243.58999999999992,281.409,1.3459506554512854,0.833202,0.3366074808658459,353.652,289.204,78.4434
1687242630186,1.5609482702492594,1.01624,0.4281861100313363,20.641,270.3932,1.51459,1.3323659052593568,0.843633,0.5275013201051281,351.526,244.81099999999992,281.925,1.3461029267237945,0.832132,0.3376097492029535,353.569,289.1958,80.2598
1687242630241,1.5606950678246736,1.01487,0.4286721255596725,21.3369,270.4009,1.54558,1.333624949785856,0.843406,0.5268683344178554,351.389,243.74700000000007,281.814,1.3461690778691733,0.831498,0.3364226007766963,353.446,288.8608,79.4383
1687242630296,1.5601972900993142,1.01417,0.4290773435363665,21.5101,270.3253,1.55792,1.3348631158138264,0.84271,0.5293886286243282,350.344,243.83500000000004,279.247,1.3458554340504358,0.827635,0.3304615757343929,353.391,287.2109,83.9427
1687242630353,1.559615280881163,1.01436,0.4292866586633567,21.5673,270.2629,1.34278,1.334788787878909,0.842907,0.5318430092708643,348.998,242.03,277.476,1.344183930368265,0.823941,0.3250432049386196,352.203,287.8632,89.9008
1687242630408,1.5590860007139045,1.01496,0.4294687464494569,21.4497,270.3349,1.23796,1.3343243535350495,0.842813,0.5350125129765324,348.794,242.197,275.581,1.343186144892223,0.82225,0.3207392546329353,353.146,286.3405,89.56
1687242630464,1.5584867344112197,1.01532,0.4296308679377507,21.3989,270.4394,1.20775,1.3344022616157036,0.843166,0.5374673358481402,347.751,241.802,273.887,1.342965140382688,0.821846,0.3191881122646257,353.53,286.3312,87.7702
1687242630519,1.557949852447169,1.01522,0.4295478582595372,21.4571,270.5573,1.07068,1.3351543009277738,0.843526,0.5396348555996306,346.826,241.90599999999995,273.241,1.342751101313509,0.820536,0.31599076995626,352.104,286.5593,91.9333
1687242630575,1.5575976465577916,1.01515,0.4293206464913829,21.4783,270.5628,1.08879,1.3355869584303848,0.843581,0.540394526900546,347.138,241.976,273.568,1.3429686099030866,0.820441,0.3149011867086557,351.658,286.5751,92.5955
1687242630631,1.557766731804962,1.01494,0.429068547892241,21.4439,270.6164,1.10022,1.3362924953965802,0.843754,0.5410002443176073,346.693,242.14300000000003,273.112,1.343552215043335,0.820353,0.3153115632190406,352.708,286.1891,90.1721
1687242630687,1.5584647588729974,1.01473,0.4288336910169107,21.5079,270.5988,1.26419,1.3362770604856689,0.843521,0.539982096114483,346.743,241.713,273.059,1.343556954746674,0.819878,0.3154862399925747,352.451,286.459,91.0748
1687242630743,1.5593234584148328,1.01495,0.4285268408845143,21.4505,270.4514,1.27408,1.3367576009111792,0.843374,0.5380745613443019,347.177,240.92000000000007,273.3,1.3432379996508717,0.818843,0.3163103744760552,353.384,286.4307,90.4241
1687242630798,1.56005459881759,1.01553,0.428302290660609,21.1641,270.3385,1.2299,1.337744851062032,0.843691,0.5362360646378481,347.184,239.895,274.219,1.3422741105392282,0.816634,0.3156840820998799,355.008,285.6831,89.9877
1687242630854,1.5607322608616498,1.01621,0.4283482638760783,20.8181,270.3426,1.28752,1.339640944131548,0.845679,0.5335911353246654,346.059,238.19600000000003,275.777,1.3409185420564755,0.813001,0.3124647816962879,357.678,282.9249,90.5878
1687242630910,1.5614115100562578,1.01677,0.4283894398159522,20.6357,270.3879,1.25509,1.3419651875293386,0.847993,0.5288750886086301,348.162,237.73,282.995,1.3396654813656164,0.811046,0.3118487307933395,358.368,282.972,92.1776
1687242630965,1.5616774515872065,1.01712,0.428469536933358,20.4991,270.4536,1.19934,1.3430668256057472,0.848505,0.5273035102464074,347.314,238.80600000000004,283.329,1.340402783554678,0.81339,0.3145144603974076,355.958,286.8351,91.8175
1687242631021,1.5617046755497437,1.01677,0.4286186293740241,20.6964,270.6181,1.14962,1.3396316234360022,0.846367,0.52988927726085,346.349,244.301,280.412,1.3434588064855313,0.816988,0.3154439543113732,355.054,287.4765,91.3547
1687242631077,1.561711491097227,1.0159,0.4287245216226191,20.9998,270.6333,1.06733,1.330363084715852,0.836731,0.5320587719008705,356.141,252.452,283.77,1.347957539557239,0.823424,0.316846864468697,352.631,288.455,90.4932
1687242631132,1.5611256027649418,1.01565,0.4286951367593002,21.0415,270.5908,0.929106,1.326157151043215,0.829681,0.5309475370285879,1.6452,257.60799999999995,292.272,1.3523810072036304,0.829146,0.3161773196745798,350.869,288.0488,89.5044
1687242631188,1.5605622366307623,1.01591,0.4286546948533163,20.9401,270.4114,0.973386,1.324474906209285,0.827659,0.5238566924160811,4.84332,257.37200000000007,303.657,1.354274932245702,0.832421,0.3146446110183069,349.96,286.9353,89.4365
1687242631244,1.560431985026674,1.01603,0.4286458424111403,20.9823,270.1708,0.951366,1.3279807984664822,0.831549,0.5134930370049375,3.44385,252.935,311.815,1.3528579417110853,0.83179,0.3146242437699317,353.063,284.844,86.0712
1687242631299,1.5606331989163391,1.01634,0.4288206383799322,20.9189,270.062,0.947038,1.3353858667084155,0.838013,0.5044657691274285,359.717,247.61900000000003,314.539,1.3506310602952694,0.829264,0.314319317352752,353.993,283.0605,84.5013
1687242631355,1.5609552333161938,1.01688,0.4291224441747909,20.7203,270.0302,0.85347,1.3447184891295592,0.845016,0.4957479182601348,356.273,242.34400000000005,317.413,1.3468426002323368,0.824922,0.3150846858336584,355.246,283.71,85.0907
1687242631411,1.5614299147899744,1.01718,0.4293980589555073,20.5678,270.1396,0.717218,1.3553047654524155,0.853681,0.4937355332010249,349.92,239.44900000000007,317.74,1.343482297159559,0.820209,0.3161975827332323,358.278,283.6512,84.6624
1687242631467,1.5621034281487316,1.01759,0.4294243121681809,20.2122,270.225,0.612359,1.3615866293198964,0.86151,0.4985531579591852,343.111,237.279,310.332,1.3419850731318126,0.818845,0.3195692151821713,358.826,286.2234,83.3815
1687242631522,1.5632305012468386,1.01791,0.4292155548652581,20.1109,270.2766,0.44309,1.3598056008911954,0.866592,0.5111071083329185,340.286,245.5360000000001,301.193,1.3429539564236437,0.821043,0.3245265734107857,357.83,290.4059,82.2066
1687242631577,1.5644889345922253,1.01802,0.428852666431688,19.9852,270.4086,0.616118,1.352483101000264,0.864941,0.5227758438834103,341.497,253.847,294.148,1.344623726912343,0.823929,0.3308934532239334,357.957,295.2025,80.3281
1687242631634,1.565495921506443,1.01849,0.4280994853614305,19.8936,270.2277,0.830822,1.343533767803863,0.857621,0.5342379435313716,346.059,262.15573,287.188,1.3467996000948264,0.826214,0.3338026874416873,359.537,294.7529,78.2287
1687242631692,1.565927562100945,1.01963,0.4272559233618253,19.2027,269.65743,0.96413,1.3332426649114535,0.844792,0.5438133847357153,353.563,270.0466,283.876,1.3501824450817703,0.830718,0.3359481060382104,354.768,296.8132,78.5654
1687242631745,1.566441087342801,1.02077,0.4267651399819347,18.7687,269.40509,1.00883,1.3248318331726427,0.832676,0.5486107417644771,356.719,272.46,284.163,1.352612265733562,0.833638,0.3358680233301716,352.656,298.7563,80.7534
1687242631800,1.5667226164788084,1.02177,0.4267844199087731,18.4263,269.35196,1.0758,1.3136886831131458,0.81969,0.549611964892223,2.17486,272.6982,284.875,1.3566470109059217,0.838915,0.3354104986487389,350.003,299.5216,80.0655
1687242631855,1.5670186725916733,1.0224,0.4270426526488264,18.1603,269.37969,1.00707,1.3048916723310806,0.809839,0.5454735075346767,6.36813,272.3608,290.445,1.3613025629868352,0.844559,0.3342827944224887,347.296,299.5571,78.9945
1687242631912,1.567001002319047,1.02267,0.4276099020309021,18.1647,269.56153,0.901299,1.2994131125029678,0.803561,0.5360713253300081,9.48205,270.4576,299.198,1.365140666760482,0.848773,0.3315140100930909,345.087,298.44780000000003,79.287
1687242631968,1.5666166482871384,1.02277,0.4282008372880628,18.1132,269.6324,0.919426,1.3011178278316284,0.804951,0.5210765415820433,9.30044,267.56777,311.005,1.3663514939269406,0.849895,0.3284017863522641,344.272,296.5658,80.7532
1687242632023,1.5666474783693407,1.02233,0.4284544437273174,18.2609,269.58963,0.868841,1.3106305165884389,0.814077,0.5067131910809919,5.67273,260.888391,318.479,1.362423284781385,0.845207,0.3253642124192092,347.845,292.9411,79.8826
1687242632079,1.5669549629753488,1.0217,0.4282078921970687,18.587,269.48437,0.788141,1.330103108617496,0.832307,0.4982088714774086,355.198,248.75800000000004,317.189,1.3554456622630942,0.836579,0.3250567905555785,353.762,289.1979,74.9915
1687242632135,1.5671190821568772,1.02169,0.4277654698035865,18.5733,269.45005,0.89163,1.353071583220729,0.853453,0.5018453515393158,343.525,242.857,312.343,1.3480303090318255,0.82545,0.3257461001416954,359.206,287.2302,72.5958
1687242632191,1.5674843372934812,1.02133,0.4273001260755913,18.9387,269.74246,1.02491,1.3700655515014268,0.870216,0.5111930354858685,335.135,238.397,306.003,1.341155537677373,0.815494,0.3289268310740439,1.83799,288.6406,72.1177
1687242632246,1.5678608369057527,1.01977,0.4268804283963514,19.6058,270.0896,1.26554,1.376378416213385,0.879103,0.5265576763579655,330.145,243.43900000000008,296.337,1.3352442992190938,0.80612,0.3347514442499863,5.03394,292.35360000000003,73.9702
1687242632302,1.5677051524188932,1.01875,0.4264100479327357,20.1112,270.2173,1.45731,1.3711993196068382,0.877466,0.5419187041992285,330.851,249.01600000000008,283.124,1.3329756759373366,0.800623,0.341818364346851,7.85034,294.4104,70.7579
1687242632357,1.567317972800052,1.01818,0.4259706392929094,20.3274,270.1289,1.40064,1.360307084493325,0.86746,0.5530950817085982,335.948,256.294,274.943,1.3343731889006991,0.799366,0.3468153554492279,7.15275,297.016,71.3566
1687242632413,1.5669805205825569,1.01799,0.4259172299219365,20.4424,270.0241,1.48583,1.346930775748604,0.853324,0.5568848857095856,342.252,260.48547,275.143,1.3355753346893458,0.802,0.3491252991093285,6.73478,297.251,69.2511
1687242632470,1.566560519364106,1.01836,0.4258568806344536,20.3233,269.62914,1.55282,1.3357987101667643,0.84019,0.5542873605640626,347.64,258.568,274.438,1.334679439534352,0.804039,0.346817670484255,8.00966,294.7149,69.8685
1687242632524,1.5660632130947256,1.01927,0.4260909808147929,20.1442,269.1594,1.48616,1.328461543094372,0.83458,0.5484059226147343,348.88,256.3430000000001,276.725,1.3352770403070648,0.807933,0.3421961312031871,4.44185,294.3184,74.6921
1687242632580,1.5657034313191789,1.02015,0.4269243663642143,19.9275,269.06009,1.07597,1.3232712404820175,0.832127,0.538209732993499,355.168,259.946,291.536,1.3377156470528773,0.813082,0.3376953132831556,0.488889,294.829,77.6838
1687242632635,1.5653537367732306,1.02028,0.4279792688831866,20.006,269.34003,0.869586,1.3227742293068592,0.831613,0.5270864400956305,355.799,261.2379,306.713,1.341381325794804,0.819485,0.3302608048279187,355.777,292.2679,80.127
1687242632692,1.5651456646553137,1.01841,0.4286939958476602,20.6586,269.69375,0.800234,1.323503001004974,0.830303,0.5173328104219128,355.501,259.395,313.631,1.3447306215667003,0.824804,0.3242750671296601,353.607,292.4719,83.5461
1687242632748,1.5648363235106468,1.01655,0.4288370526762851,21.512,269.84612,0.768052,1.3283570584694728,0.831793,0.5081918367247982,355.29,251.913,316.918,1.3485975193495057,0.828925,0.3178301338648903,350.68,291.1389,85.4259
1687242632803,1.564505608695135,1.01581,0.4281620701499921,21.9269,269.80436,0.817711,1.3406163843706462,0.839431,0.501401790264072,350.08,241.98,316.104,1.3491228511399371,0.827783,0.3128525358748993,354.334,286.698,83.5338
1687242632858,1.5645042887441478,1.01545,0.4272112965556336,21.8679,269.62917,1.00916,1.3588395010119785,0.852703,0.4982674841069773,341.892,233.1800000000001,315.692,1.3471014125263543,0.824288,0.3114631082152074,358.533,282.7578,77.0459
1687242632914,1.56519807383161,1.01735,0.4256671114299395,21.4113,269.34927,1.09562,1.3740974439117244,0.866694,0.5028967266830463,333.119,229.131,311.852,1.3421237026693775,0.816528,0.311215983591265,2.85619,280.4453,73.8933
1687242632970,1.5658218759967686,1.01997,0.42445877621207,20.0923,269.30729,1.27524,1.377083008004074,0.875701,0.5137220250535519,328.653,233.809,302.982,1.337696600502029,0.810862,0.3147797672491004,4.63649,283.1105,74.2238
1687242633026,1.5671911322683725,1.02378,0.4234305236007561,17.9942,269.44622,1.36245,1.3708345158094102,0.875656,0.5263254602715083,329.277,239.053,292.972,1.3357445724846808,0.807864,0.320632822197543,7.19115,284.2615,69.7088
1687242633082,1.56922877362205,1.02895,0.4230741420723598,15.1901,269.75211,1.50776,1.3582441087789423,0.867085,0.5408325543915291,334.99,252.262,282.481,1.3357448139474666,0.806741,0.3266090565555393,8.7504,285.5088,65.579
1687242633137,1.5722635605519242,1.03506,0.4234669956204728,11.5769,270.1386,1.86326,1.3432132582495646,0.853514,0.5471931056540779,343.759,260.0142877,282.869,1.3385346502449846,0.810398,0.3299119854562349,5.28691,289.971,68.6013
1687242633193,1.5764366164588792,1.04034,0.4239717068720087,8.65158,270.3758,1.95931,1.3298810860013937,0.837954,0.5467878413636458,353.572,264.10367,287.267,1.345000190189641,0.820073,0.3295473754398337,357.116,293.7702,74.4823
1687242633248,1.5803829909645164,1.04398,0.4247144718828016,6.31002,270.3586,2.01973,1.3211007717361614,0.828757,0.5394161634404211,359.549,263.93443,295.21,1.353949881314734,0.833121,0.3257712044723825,349.578,295.458,77.1842
1687242633304,1.5839142849322756,1.04674,0.4255400165231854,4.41771,270.0476,1.75945,1.3214607793096589,0.829655,0.5255632207729939,1.73441,263.42062,309.327,1.364594275224526,0.845354,0.3183787764853686,342.256,292.5982,79.4114
1687242633359,1.5870646031124174,1.04837,0.4264230792411551,3.32799,269.72236,1.21962,1.3342774338612204,0.841012,0.513401038604241,356.273,258.878,318.459,1.3717872889419878,0.851128,0.3106289935935448,336.883,291.0116,82.4392
1687242633415,1.5892296041198748,1.0499,0.4268854522050146,2.30752,269.47435,0.687689,1.354418555668809,0.856726,0.5057756610836281,345.753,243.332,312.257,1.3707021037016145,0.847817,0.301810581662019,339.15,286.5754,88.344
1687242633471,1.591153207411386,1.05181,0.4271936648538251,0.905381,269.26994,0.417472,1.3811686934089318,0.874072,0.5058462460995351,333.423,233.163,312.325,1.36447640665133,0.839341,0.2963231340551547,345.224,282.948,91.1619
1687242633527,1.5933569422231633,1.05336,0.4271357596782218,359.801,269.31789,0.387686,1.3980652803424298,0.885148,0.5133793524414597,324.448,228.948,308.927,1.355102638841912,0.826782,0.2970220139125852,355.486,280.4661,89.6595
1687242633583,1.5952371410010264,1.05472,0.4268291953689451,358.868,269.48887,0.363067,1.396439651715397,0.888893,0.5251498858434331,322.824,237.788,297.431,1.3481812774402533,0.820385,0.3094909634797151,3.94725,283.6418,77.1084
1687242633638,1.5969203591727597,1.05655,0.4263094876084232,357.546,269.59563,0.621458,1.3805079101747977,0.882695,0.5353411968721248,328.937,246.884,288.201,1.3518239791605038,0.824125,0.3253715741549154,3.827,287.5023,63.6269
1687242633697,1.5984838790265516,1.05837,0.4254930870224369,356.241,269.73427,0.896658,1.3615616263442676,0.868106,0.5430086957480952,341.292,258.57899999999995,283.716,1.3640464893976016,0.83745,0.3349954998401044,353.065,296.3882,65.087
1687242633750,1.599959899587864,1.06029,0.4247715332804443,355.096,269.52171,1.44892,1.345530335305553,0.850469,0.5446772402131982,352.703,265.52512,284.691,1.3803961680151389,0.855467,0.3323793464896212,337.012,300.6416,70.7249
1687242633806,1.6014256818557586,1.06203,0.423658859688089,353.982,268.86042,2.16502,1.338121245857239,0.842445,0.53523014269349,358.689,263.58634,293.77,1.3940740780280176,0.86708,0.3225772751488489,327.935,297.0757,72.8308
1687242633861,1.6026532091915568,1.06431,0.4222060460696684,352.421,267.8913,2.55803,1.342143139219913,0.84645,0.5184445259106822,357.695,259.903,309.361,1.3950495174819662,0.868137,0.3135497094242651,328.651,291.6056,77.7913
1687242633916,1.604328833594404,1.06578,0.4205263975586448,351.013,266.91432,2.78089,1.35517403787627,0.856638,0.5035066782445106,353.175,253.48700000000008,318.792,1.38590008668441,0.860462,0.3071599526768817,335.191,287.5212,84.3521
1687242633973,1.606264972849746,1.06761,0.4183408004814316,349.46,266.13453,2.89024,1.373584840960081,0.869811,0.4976148708563537,343.695,240.21499999999992,312.288,1.3737153937703044,0.848209,0.3036619605972814,342.904,284.757,87.7527
1687242634028,1.6085676198817382,1.06949,0.4163237067562771,347.681,265.82755,2.94372,1.3928008846745084,0.883178,0.4979655291162243,335.539,232.40599999999995,312.442,1.358208170860781,0.830015,0.3056293486434865,357.332,282.828,88.1658
1687242634084,1.6113941916106251,1.07103,0.4144490556230107,346.492,265.97949,3.23766,1.402441641449815,0.891394,0.5092222437505828,327.319,230.852,304.908,1.3467627672316873,0.812312,0.3137407048881062,10.8934,284.8598,83.3141
1687242634139,1.6141515477032984,1.07282,0.4126795832219269,344.888,266.38899,4.0313,1.3967613208105885,0.892831,0.5226000046710648,326.081,238.23800000000008,293.208,1.3421683943813536,0.801558,0.3216968724782287,18.2845,284.5842,77.5475
1687242634195,1.6174550231730254,1.07418,0.4104867110617421,343.318,266.38568,5.66244,1.37880263171231,0.8842,0.5346465247441555,332.788,248.39300000000003,285.157,1.3416764537005847,0.80138,0.3279305514663228,16.8083,287.1234,76.9304
1687242634251,1.6210821313737205,1.07571,0.4076562507386765,342.107,265.73696,7.18481,1.358505603855448,0.866642,0.5425399009658846,345.758,256.53600000000006,282.304,1.3451600127536394,0.812691,0.3304895419633511,9.49378,289.9975,77.9409
1687242634307,1.624602799996704,1.07773,0.4046877096193484,340.467,264.30778,8.35402,1.345183509328315,0.850495,0.5446171008624124,355.674,260.493769,282.479,1.3554367987061324,0.831708,0.32792309705129,357.915,289.9443,76.5174
1687242634363,1.6280033566792698,1.07923,0.4029030978272056,339.403,263.02819,8.57346,1.338610319861106,0.843991,0.5371959342945354,1.7654,259.831,288.864,1.3689887314952511,0.848805,0.3206149381286057,345.738,289.8433,78.1823
1687242634418,1.6307458604392422,1.07977,0.4023851599674802,338.97,262.33352,8.41791,1.3382571139624344,0.844077,0.5241859498366991,8.98098,259.509,299.829,1.3783081762534104,0.856549,0.310906448962437,338.509,288.5788,82.7372
1687242634474,1.6329709097698502,1.08054,0.40255420388592,338.358,262.56117,7.44437,1.3508727456591991,0.858421,0.5098640494428415,359.315,254.37300000000005,308.177,1.3787024565090635,0.855749,0.3020189946086863,341.19,284.0054,84.5351
1687242634530,1.634660420659855,1.08133,0.4029616747714511,337.383,262.98137,6.80618,1.3710882316436683,0.875528,0.5000029190156674,345.747,240.908,308.959,1.3752208616583108,0.849532,0.2967595187512256,344.86,281.7991,85.7251
1687242634585,1.6363186630350683,1.08158,0.4034197852658151,336.747,263.53082,6.732,1.386254607385512,0.885738,0.5023469435243315,338.188,237.14100000000008,305.121,1.3703887710382272,0.841413,0.2939243626286638,346.998,281.1856,87.88
1687242634641,1.6376016721345763,1.08062,0.4035740206397701,337.23,264.00815,6.98122,1.3912547281565135,0.890295,0.5068666701881241,336.906,241.173,305.943,1.3646719230211808,0.834829,0.2938840296397759,350.433,281.9991,88.8043
1687242634696,1.6385092609085068,1.08035,0.4033707333862695,337.502,264.11418,7.09262,1.387359737030103,0.888877,0.5144902310972521,337.757,243.765,302.662,1.3619000317617538,0.831701,0.2950229992820018,353.385,281.9233,87.8173
1687242634752,1.6391344285113203,1.08009,0.4031486181720402,337.39,263.92438,7.34531,1.378886607708399,0.882877,0.5207753730604603,340.703,246.19900000000007,298.023,1.3617246561762737,0.830964,0.297330603321697,354.897,281.691,86.1558
1687242634808,1.639343252442829,1.07993,0.4028408036733087,337.265,263.5357,7.44299,1.3669739984538485,0.873818,0.5243033683479283,346.014,250.081,296.328,1.361108434634215,0.83051,0.2999788300890081,356.071,282.11220000000003,85.5366
1687242634864,1.6391837939349705,1.07965,0.4030984278846544,337.703,263.25308,7.40626,1.35413636264293,0.861991,0.5264030349372273,353.764,252.721,291.794,1.3607344150730143,0.830131,0.3018178206729533,357.035,282.3878,85.7283
1687242634919,1.6385221042968388,1.07875,0.4039993131563672,338.924,263.44702,6.78337,1.3475275737477497,0.853227,0.5245797307006986,0.761966,253.543,290.949,1.3597522968114375,0.828787,0.3026539807774052,358.792,282.1938,85.8913
1687242634975,1.6365415481644636,1.07928,0.4047898025026024,339.449,263.41344,5.6815,1.3531565940224426,0.859523,0.5204017265423597,357.1,253.44000000000003,297.564,1.357689673666434,0.824979,0.300409714580695,2.50192,281.1737,87.8718
1687242635031,1.634355178255722,1.07953,0.4052905508447361,339.458,263.17625,4.96796,1.364454548756595,0.871715,0.5191272333783773,346.516,246.432,295.408,1.3560938108511147,0.820089,0.2963072705683188,5.83721,279.5518,91.1842
1687242635086,1.6329191442085595,1.07828,0.4063341406230447,340.394,263.54203,5.15259,1.3743481859377282,0.880393,0.5235595827924131,340.394,248.0840000000001,294.881,1.3559706322485097,0.819239,0.2936484879461662,5.26535,278.0381,90.54
1687242635142,1.6317330732850708,1.07806,0.4071832819331071,340.887,264.5638,4.99005,1.3764093748371908,0.881436,0.5259041233275141,340.427,249.07899999999995,295.979,1.3553434040181416,0.819598,0.2929672209302105,4.18891,278.7373,88.7769
1687242635197,1.631006828730952,1.07768,0.4077137295814312,340.963,265.22135,4.59387,1.3746528871468116,0.879416,0.5289493766820885,341.916,249.529,293.885,1.355884704553589,0.819648,0.2922584489426683,3.72801,278.6924,90.2997
1687242635253,1.6304047902277912,1.07683,0.407881840677769,341.617,265.60521,4.50317,1.3718110108633073,0.87681,0.5304506984961099,342.227,250.56600000000003,293.581,1.3565959736934703,0.820414,0.2924285436534977,3.24817,278.7549,89.9066
1687242635309,1.6295121871985825,1.07611,0.4072923866573,342.111,265.46065,4.70789,1.3676676404806516,0.873391,0.5305913465395773,345.029,250.75800000000004,292.433,1.3574148392460692,0.821112,0.2927658628002519,3.12066,278.8617,89.641
1687242635365,1.6287071047975357,1.07537,0.40671968493954,342.307,265.35046,4.77423,1.3668385813379902,0.871731,0.52985113647617,345.012,250.137,292.036,1.3583522422099854,0.82163,0.2923848527173919,2.71992,278.9686,89.644
1687242635420,1.6277921225511325,1.07533,0.406410908938584,342.463,265.29439,4.91248,1.365973348076884,0.871138,0.5289187248697023,346.039,250.327,292.499,1.3584732797982966,0.821257,0.2917329670662108,2.64849,278.7332,89.7516
1687242635476,1.6268821319414155,1.07597,0.4061308357870195,342.451,265.48061,5.26971,1.3653085505707652,0.87122,0.5288421201971413,346.361,250.659,292.248,1.3568288965486806,0.818129,0.2902955858612475,4.35006,278.3059,90.4173
1687242635532,1.6251701746938128,1.07346,0.4067697642903599,344.142,266.18365,5.40828,1.364982432623382,0.87107,0.5293959036244795,346.138,250.76299999999992,291.72,1.35417078323602,0.813159,0.289401425016065,6.9661,278.4031,91.5264
1687242635588,1.622320885223078,1.07208,0.4076174689039841,345.907,267.5975,4.83569,1.3630530531604124,0.869163,0.531786184128494,347.103,252.264,290.308,1.3509452650799494,0.805095,0.2893698398160723,12.1814,278.8332,93.3722
1687242635644,1.6189004561315277,1.07096,0.4076339682881163,346.734,268.43918,4.37069,1.3591741600424032,0.865507,0.5363296468144924,349.453,253.9300000000001,287.825,1.3493982150849146,0.79651,0.2905247429777541,17.986,279.6571,95.5019
1687242635699,1.6159202230141887,1.07038,0.4065942607444696,347.242,268.43932,4.5026,1.357558049336934,0.862377,0.5419879748526737,349.47,255.534,286.77,1.3477164483837676,0.796504,0.293105921151169,16.2069,278.7339,92.5788
1687242635757,1.612498752057004,1.06799,0.4045371768207706,348.145,268.07886,5.14051,1.3562523453353357,0.860597,0.547417731943024,349.352,256.503,286.424,1.3457763346093017,0.798792,0.2962020612549317,13.6048,281.8397,90.2543
1687242635811,1.6090584443674905,1.06698,0.402782719511095,348.73,267.93449,5.62985,1.3563827204488632,0.861371,0.5505885430899977,348.8,257.197,286.974,1.3469594671947034,0.799703,0.2949687736626156,12.7753,281.4644,91.2193
1687242635866,1.606275944243936,1.06776,0.4004954953610782,348.16,267.45928,5.40298,1.3571125068905576,0.863119,0.5514483312903814,348.233,257.794,287.825,1.348208647977409,0.803667,0.2933897019821275,9.76714,280.3314,89.2164
1687242635922,1.60414582808518,1.06857,0.3987877602381136,347.268,267.13286,5.33719,1.358010034990215,0.864855,0.5496752482944883,347.395,258.015,288.68,1.3483639747600047,0.803607,0.2922899667455326,8.3449,281.2845,91.2392
1687242635977,1.6030438451556732,1.06741,0.3973425468721793,347.867,267.43014,5.42298,1.357951943199132,0.864966,0.5464227479726115,347.809,257.424,288.736,1.3476299546841943,0.803966,0.2918112324472969,8.35356,282.1682,91.9975
1687242636034,1.6019826249220894,1.0673,0.3960525702693557,348.104,267.64621,5.65016,1.357395002694644,0.864406,0.5425613733113722,347.953,256.5930000000001,288.946,1.3481196955158907,0.805577,0.2910781376936878,7.3655,281.96,91.6639
1687242636089,1.6011705141905903,1.06614,0.3949691897361245,348.751,267.73931,6.29348,1.3565657385712773,0.863136,0.5399334490328405,349.005,256.198,289.168,1.3497450729376714,0.807145,0.2912296838476013,5.82235,282.4825,92.1261
1687242636145,1.6005577307664152,1.06265,0.3938121022523723,350.447,267.57121,7.32461,1.3563197991606093,0.861766,0.5388634869745036,349.745,255.702,289.138,1.3514828013508182,0.808484,0.2911644461120326,4.67473,282.8924,92.1819
1687242636200,1.598863886055223,1.0503,0.3945636874733321,358.008,268.41379,10.099,1.3564670618892345,0.861401,0.5393413182091021,349.422,256.004,288.483,1.3529448671210602,0.811155,0.2912343938316977,2.95326,283.0683,91.6722
1687242636255,1.5941085295330644,1.03507,0.3949461387737191,8.61128,269.99828,11.6056,1.354936874226078,0.860626,0.5367898412416332,351.517,257.755,288.66,1.3550000299867244,0.816124,0.2931524080640734,1.26484,283.8678,90.5122
1687242636312,1.5871051554088316,1.02572,0.3947461777624553,14.165,269.87384,9.24325,1.3519048195297072,0.857306,0.5262339629589787,352.468,255.929,293.165,1.3586521287344522,0.820516,0.2977270880241192,359.481,285.8663,86.8691
1687242636368,1.579107882448477,1.02208,0.3937751132344339,15.974,268.76929,7.14766,1.3491030970805955,0.84857,0.5199002252537889,354.222,248.029,287.932,1.3598397349122728,0.817178,0.3007471958974247,359.713,287.1048,86.6941
1687242636423,1.573464673892628,1.01747,0.3936574934436034,18.213,268.18903,7.21936,1.3464137755688717,0.844977,0.5149561173659511,349.858,242.666,281.391,1.358172113239621,0.815621,0.3026550002681351,359.899,287.2357,85.9768
1687242636478,1.5678587005643247,1.01585,0.3927910633714401,19.775,267.2218,6.60483,1.3414806222523772,0.844365,0.5114502218518264,352.144,240.207,279.996,1.354582510517082,0.816282,0.303882013383118,0.770909,287.5684,85.1033
1687242636535,1.563317500229148,1.01555,0.3927197081628636,20.5933,267.12739,6.28,1.3417491971955169,0.847543,0.5120002150335276,351.577,242.37300000000005,282.511,1.353094026367674,0.817659,0.3026258569848291,359.702,287.5319,86.8133
1687242636590,1.55873864911297,1.01623,0.392763463756517,20.2623,267.84308,7.44471,1.341193155255886,0.84963,0.5141746945945654,350.434,242.194,283.572,1.352329172161168,0.818617,0.302696311812837,357.325,288.095,88.8982
1687242636646,1.555493438754102,1.0155,0.3926985527474721,21.0011,268.12015,7.89567,1.3391742442195695,0.849019,0.516750242735727,352.04,244.14200000000005,284.58,1.3518314249929182,0.82038,0.303175356692258,356.878,289.3344,89.4293
1687242636702,1.5529157536202345,1.01462,0.3933498368909437,21.1957,268.30147,8.07491,1.3366963718982918,0.847571,0.5189514053284141,352.395,246.346,285.435,1.352829318427428,0.822724,0.3032632747413834,355.477,289.0871,90.5353
1687242636757,1.5507184961195712,1.01319,0.3950447364630068,21.2851,269.12907,8.94815,1.3343022470919816,0.844866,0.5168710648726689,354.965,247.424,287.392,1.353906799265631,0.824975,0.3041379658487495,353.933,289.5788,90.5718
1687242636813,1.5510712158801805,1.01088,0.3975682230379812,22.2005,270.9757,10.9578,1.3354538199939028,0.843225,0.5119756612272519,356.127,243.39100000000008,287.579,1.355654625836355,0.824086,0.3002549814902089,351.198,286.6189,96.7535
1687242636869,1.55115312646546,1.01038,0.3972504184967625,22.4685,270.8172,9.52182,1.3406247369871518,0.846318,0.50692891004962,354.692,241.98299999999995,292.488,1.3553244790032877,0.823326,0.2980846803432213,352.196,285.3843,96.8261
1687242636924,1.5519462442046508,1.01049,0.3972025141725227,22.403,269.73161,8.58578,1.347235826732963,0.85163,0.5006077815915969,353.244,238.048,299.578,1.3571809838559417,0.821867,0.2948580390969603,353.364,281.026,95.4043
1687242636980,1.5537817061894412,1.01127,0.3967766692602731,22.4743,269.07791,8.47126,1.3551175458978113,0.856879,0.4969338119065748,349.386,233.809,302.541,1.355383582825035,0.818743,0.2923823118231891,354.524,280.937,97.7851
1687242637035,1.5552739637689454,1.01176,0.3963564124239073,22.3736,268.59921,8.35127,1.3622467919633767,0.861581,0.4943830405454721,345.82,230.021,302.835,1.3533015933712396,0.813927,0.2895913775863633,358.695,279.4225,100.396
1687242637092,1.5560392387547346,1.01239,0.3957218607650762,22.1709,268.09139,7.94016,1.3689267612323213,0.865872,0.4919903547625165,344.3,226.6800000000001,305.223,1.352524345679552,0.80981,0.2886034003468651,2.38329,278.1002,98.1965
1687242637147,1.5569601153110575,1.01253,0.3953079815456127,22.3555,267.85195,7.84709,1.3750546825471457,0.869721,0.4934137821928124,341.552,226.582,305.718,1.3511093956467706,0.803756,0.2882604872314379,6.33203,277.1169,99.112
1687242637203,1.557399569956905,1.0123,0.3948807006877048,22.3812,267.80116,7.87322,1.378881151675284,0.873358,0.4963660938314109,339.044,224.841,304.101,1.3483114013202122,0.800165,0.2903940339847449,8.29605,278.8778,97.8685
1687242637258,1.5576735299513902,1.01143,0.3948654415204633,22.7906,268.01786,8.12169,1.3785983003232103,0.875252,0.500953266672348,337.298,229.01700000000005,301.685,1.3468897218192315,0.80063,0.2933084382800497,6.93141,281.4439,96.9091
1687242637314,1.5580719964039902,1.01079,0.3949101131563444,23.0862,268.37251,8.36952,1.372889530544429,0.873175,0.5084629379849203,335.592,235.302,297.181,1.3481105867030485,0.80258,0.2955525320694138,6.61727,282.2516,95.9041
1687242637370,1.557927375170464,1.01114,0.3948021598900052,22.9273,268.51577,8.60492,1.3597836912839625,0.8657,0.5135118370014196,340.284,240.078,291.329,1.35063491646493,0.810482,0.298334136148588,2.06409,284.3628,94.5628
1687242637426,1.557510254786172,1.0119,0.3944933359660771,22.5844,268.26528,8.51183,1.348932923495456,0.856633,0.5171336443402927,346.476,249.08999999999992,290.472,1.3543342287486406,0.817096,0.299594665254792,358.56,285.8408,94.627
1687242637481,1.5578868435175226,1.01171,0.3945202386248427,23.0282,268.05056,8.18104,1.339369024659085,0.847432,0.5169297937880275,351.353,252.13799999999992,290.103,1.3572551348073087,0.821788,0.2982037440505405,356.318,284.9171,95.2764
1687242637536,1.5580538832537951,1.01116,0.3948683331080077,23.3538,267.90829,7.78762,1.3316313889028364,0.839918,0.5147246666026649,354.325,252.7860000000001,291.003,1.3601759543133836,0.825183,0.2961913664982575,355.225,283.5478,95.5611
1687242637594,1.5578231678389989,1.01116,0.3955194619061915,23.3592,267.96243,7.72628,1.3258175350732389,0.833588,0.5115315914942355,357.165,251.419,291.129,1.3626337381231262,0.82838,0.2940810964338897,352.134,283.4059,97.1766
1687242637648,1.5576373605017018,1.01157,0.3962249142062534,23.1159,268.14557,7.71633,1.321980103153503,0.828889,0.5059809009731027,1.11286,251.668,296.366,1.3647077881562406,0.829762,0.291025835158624,350.803,282.5028,99.6634
1687242637704,1.55796379871255,1.01217,0.3966841768380221,22.8773,268.17077,7.60465,1.3222713400453818,0.827588,0.4977987687551041,3.68707,249.96000000000004,302.771,1.3656345468514748,0.831849,0.2895016086922459,350.797,281.3097,98.2697
1687242637759,1.558566627394145,1.01304,0.3969746701867283,22.5666,268.04178,7.44688,1.3269717907439995,0.83044,0.4884232583839371,2.72316,246.599,309.203,1.3653210985513369,0.830887,0.2886878156207956,351.651,280.72860000000003,98.3041
1687242637815,1.55933616087072,1.01356,0.3968446225568764,22.5089,267.72759,7.20903,1.334210166445441,0.834795,0.4798288203077868,1.63628,242.884,315.175,1.363828348163076,0.829155,0.2895750818031488,352.775,280.8828,98.079
1687242637872,1.5600530517971007,1.01325,0.3965060659238399,22.6752,267.49582,7.04593,1.3442219527460075,0.841332,0.4754309349941623,357.21,238.51800000000003,315.625,1.36311492552214,0.826383,0.2889161871716635,353.99,279.2596,98.2868
1687242637927,1.560414284923929,1.01251,0.3960737251705192,22.9253,267.35055,7.13198,1.35324249532871,0.84817,0.4750594927326367,353.35,234.424,315.04,1.3611858451933274,0.823711,0.289294960302955,354.408,279.6525,98.383
1687242637984,1.5605313976306416,1.01174,0.3956988666351669,23.2832,267.30241,7.33249,1.3599891945206106,0.855057,0.4785884576593552,349.794,233.396,312.994,1.3591417136787758,0.821115,0.291299453343905,356.631,280.3029,96.1585
1687242638038,1.5605809014547811,1.01136,0.395361335020358,23.3236,267.31534,7.24777,1.363418076896382,0.860978,0.485903305815204,345.31,233.243,308.419,1.3564958202648545,0.818029,0.2953749141819168,0.186091,281.1325,92.9859
1687242638094,1.5607288741601784,1.0116,0.3954923201697357,23.2539,267.51205,7.32307,1.3578435966052664,0.861873,0.4982777023598426,344.514,240.00800000000004,298.932,1.3544937868385385,0.816424,0.2997608976702478,0.672844,283.2194,92.3985
1687242638149,1.5608696169806306,1.0124,0.3959655493181312,23.0557,267.73411,7.36171,1.3506923281498335,0.858481,0.5096606298707393,344.491,242.89,290.586,1.3530277886697022,0.815755,0.3031915490630549,1.08285,285.1509,92.7107
1687242638205,1.5608303189337618,1.01337,0.39622780960699,22.6224,267.6693,7.26237,1.3409651614027671,0.849814,0.519671614441438,350.14,251.73700000000008,285.364,1.3520222485415747,0.816567,0.3073451412506348,1.83919,287.196,90.5728
1687242638261,1.5607904797730996,1.01334,0.3966559967339307,22.8028,267.46319,7.13931,1.3339513368531248,0.841638,0.524919402278883,352.685,254.18900000000008,282.791,1.3521384253765916,0.817125,0.3108901721310371,2.13274,288.2892,88.9674
1687242638316,1.5604444733360832,1.01268,0.3974724165989163,23.0165,267.54684,7.00212,1.3274305032023737,0.832262,0.5298936412658268,357.573,259.68499999999995,281.394,1.3528164908207825,0.819081,0.3151011918108052,2.31374,290.109,86.6308
1687242638374,1.560009713312985,1.01243,0.3984991192331858,23.0214,267.69913,6.93555,1.3216782508114089,0.823202,0.5306126971959438,0.873176,261.23079,280.413,1.3545883257521192,0.821917,0.3194322664737606,0.561466,293.0029,85.6727
1687242638428,1.5599981613736962,1.0136,0.3996564964200608,22.7463,267.99448,6.58776,1.315352698923674,0.815985,0.5273040102485916,4.67887,260.826481,285.052,1.3581333722987852,0.826632,0.3202604391501824,356.777,293.24,86.0785
1687242638484,1.5603606111529067,1.01418,0.4007143056630012,22.3566,268.35353,6.39247,1.310746553976591,0.810298,0.5221508738515553,10.1914,264.10397,293.417,1.3609905816154195,0.832945,0.320376755447141,353.75,293.39,85.3863
1687242638539,1.5611933114054537,1.01396,0.4016064563174921,22.6632,268.67527,6.5567,1.3089897112351694,0.810379,0.5134963191789038,10.64,263.52807,300.856,1.3623774539943927,0.836805,0.3194737648522612,352.812,292.7808,84.5731
1687242638595,1.5613177366609905,1.01447,0.4021317428186365,22.3446,268.58702,6.55522,1.310872724541181,0.813717,0.5051149694731952,9.93722,260.606165,304.579,1.3635758228308053,0.838002,0.3176242613021388,352.547,291.7029,84.8729
1687242638651,1.561709560280493,1.01423,0.4022749580371013,22.609,268.49551,6.13916,1.315557065613015,0.818438,0.5048087445187478,6.66171,261.88882,301.657,1.3639558617247018,0.838033,0.3194079526429054,353.934,291.5359,79.1523
1687242638707,1.5621271810329274,1.0136,0.4024379533853052,22.8637,268.61374,6.20127,1.319804505931168,0.825132,0.5040548514601961,2.51115,255.283,296.235,1.3607650642928943,0.832422,0.3200720658555217,359.896,287.9475,74.7094
1687242638762,1.5622164296163663,1.01386,0.40217982976133,22.639,268.56931,6.21962,1.3269318230199914,0.832511,0.5096982327263666,357.262,253.17100000000005,290.223,1.354991431972117,0.824225,0.3223405484727076,4.53609,289.2147,72.8472
1687242638817,1.5622671903167291,1.01479,0.4017038124925269,22.2825,268.53418,6.33839,1.3325983019744343,0.84051,0.5170153702308047,353.926,255.009,288.899,1.350346309554381,0.816909,0.323777664450716,8.30305,289.1351,70.2732
1687242638874,1.5628900082572947,1.01508,0.4012772837631199,22.3137,268.50173,6.36222,1.337121267117601,0.845646,0.5242872510957324,352.816,258.778,289.162,1.3459747667071025,0.811505,0.3260531233350748,11.181,288.3347,64.9397
1687242638929,1.563430402589668,1.01484,0.4007043176108573,22.4529,268.39598,6.5532,1.342218184548076,0.849691,0.528211946460588,349.477,258.5129999999999,285.938,1.34209472247037,0.80469,0.3255757077079765,13.9589,286.8109,66.3527
1687242638985,1.5633968244114795,1.01497,0.3998977329886077,22.2806,267.99545,6.78328,1.346273127058817,0.853644,0.5266148158351895,347.573,254.71000000000004,287.961,1.339674651950582,0.80138,0.324247183606105,14.9609,285.1017,68.9262
1687242639040,1.5634781079787428,1.0155,0.3991124170177443,21.9932,267.70685,6.84207,1.3511402876313667,0.857457,0.5212982183366932,345.693,250.307,294.261,1.3390740094424414,0.800673,0.3222518698294235,10.772,287.5275,78.2263
1687242639096,1.5636074308388883,1.01638,0.3986834568275825,21.3402,267.57382,6.88198,1.3547313175190665,0.858532,0.5137227050639408,343.103,244.74800000000005,301.771,1.339781401443017,0.801801,0.3190405195343729,6.08674,289.5784,86.6421
1687242639152,1.5642804110768151,1.01661,0.3985212544001649,21.2208,267.56711,7.03864,1.3532163025499546,0.854457,0.506979176118102,345.752,242.48299999999995,306.799,1.3427749769686024,0.805254,0.3143926366848794,3.15087,287.5761,88.9801
1687242639208,1.564882487737587,1.01663,0.3984191527618161,21.3829,267.49802,6.96138,1.3486667497223557,0.848661,0.5014647784693207,347.888,240.59500000000003,308.803,1.3465423228715667,0.81031,0.3089326804316282,358.348,286.8825,92.2155
1687242639264,1.5649884911659833,1.01631,0.3986033585640274,21.4156,267.4614,6.69145,1.3418673826578704,0.843399,0.5016840114102712,350.547,244.389,306.444,1.349218132035203,0.813442,0.3049927737817442,355.848,288.0856,95.7663
1687242639318,1.5647324280462944,1.0164,0.3988343022230335,21.3689,267.55589,6.58686,1.3364635162471592,0.838113,0.4997304610359051,353.209,243.70399999999995,305.601,1.351835676627957,0.815131,0.3009686704586489,354.402,286.5857,96.4183
1687242639374,1.5645621577096482,1.01609,0.3990124414241051,21.6121,267.6158,6.43707,1.3329078756650172,0.833329,0.4964976163534891,356.934,242.723,307.688,1.3532110057930924,0.815445,0.2963361149341541,352.847,284.7034,100.096
1687242639431,1.5641918551502263,1.01582,0.3995268541445792,21.837,267.86533,6.45696,1.3290289255049172,0.829075,0.495432360090677,359.431,243.927,308.355,1.3549048905622638,0.816807,0.2925862866195817,349.774,283.5621,104.044
1687242639487,1.5637602006018383,1.01555,0.4001995173849575,22.0,268.00823,6.38018,1.3241713993972624,0.827307,0.4980107307784276,359.964,246.37200000000007,304.864,1.3575725988869751,0.82054,0.2912492162047323,346.635,284.025,104.395
1687242639542,1.56351053802364,1.01502,0.4009505741734543,22.2989,268.04318,6.06981,1.3199713895081888,0.826148,0.5002520575042052,1.45224,249.17000000000007,302.481,1.3603427860831356,0.823628,0.2895209986552819,343.295,284.3027,105.941
1687242639597,1.563386706216621,1.01505,0.4021948747271673,22.3587,268.34189,5.83144,1.316646746782817,0.823955,0.5072266998426073,1.94671,253.723,295.543,1.3627023871657515,0.827612,0.2878696514080566,339.866,283.8307,107.016
1687242639653,1.5637236410663766,1.01537,0.4034498487247545,22.4785,268.61516,5.56357,1.3147818005655654,0.821949,0.5126492358366566,1.74217,252.19000000000003,287.516,1.3640964158118498,0.828546,0.286482650278332,341.167,282.9325,106.076
1687242639709,1.563874126503498,1.016,0.4043530011615637,22.1606,268.71845,5.19513,1.3139868349427202,0.821974,0.515879262873462,359.12,248.044,283.121,1.3644584320880675,0.829058,0.2862205315728695,340.227,282.6693,106.537
1687242639765,1.5644223742626393,1.01662,0.4055149560921426,21.8304,268.80966,5.06504,1.3144732617228907,0.821531,0.5212980536045692,358.82,249.668,281.15,1.3634840203467355,0.826595,0.2849916573895805,341.035,281.1638,107.837
1687242639820,1.5654748229830953,1.01765,0.4069214801555025,21.5681,268.96754,5.07044,1.314398809465401,0.820907,0.5249394460389759,359.319,250.549,280.176,1.358446793604523,0.824619,0.2845695392218377,341.739,280.8493,109.336
1687242639876,1.5668498274434668,1.01878,0.4087336785397746,20.9857,269.10258,4.87889,1.3140264615489567,0.8191,0.5279667805149001,358.335,248.87699999999995,276.734,1.346133517820703,0.827037,0.288273634856617,342.986,282.4626,111.546
1687242639933,1.5685256976756454,1.02087,0.4113147018959063,20.3838,269.24333,4.69379,1.314550780315855,0.817972,0.5338502100275805,357.576,248.812,273.418,1.3329671515840285,0.829973,0.2921339664643627,350.348,287.2371,106.638
1687242639987,1.5703876131459586,1.02315,0.4146189186005746,19.5328,269.44444,4.16097,1.3158698359147796,0.820374,0.5394361242165872,356.143,249.136,272.204,1.3253511434934884,0.836847,0.2977562760542757,347.485,285.6385,103.491
1687242640044,1.5717307221276176,1.02509,0.4184686328371624,18.7609,269.78935,3.37017,1.3167429443025374,0.822835,0.5461690258008394,353.62,247.98700000000008,269.598,1.313851759835141,0.83606,0.3095944779244132,356.847,293.7478,95.7064
1687242640099,1.5730014031058592,1.02558,0.4225258220947069,18.576,270.2463,2.71463,1.31814806518098,0.82468,0.5528850540405779,351.003,247.19600000000003,265.588,1.3056939015068694,0.82975,0.3151397254622471,0.529947,296.8317,97.1791
1687242640155,1.5737074503989192,1.02583,0.4260886533326359,18.856,270.2994,2.03091,1.320419167272058,0.825566,0.5580011518007757,351.69,248.963,268.713,1.303124594687162,0.827698,0.3187117368950683,4.18781,296.29290000000003,92.8228
1687242640210,1.5735312177948442,1.02574,0.4293968091828433,18.7113,270.5924,1.41334,1.322156171310496,0.824167,0.5635490646489061,352.941,251.154,269.582,1.3027559331920573,0.825539,0.3211307700473891,0.358048,298.8355,97.1747
1687242640266,1.5738407906366665,1.02489,0.4322233880266058,19.3409,271.0293,1.04705,1.3226010131138324,0.823958,0.5661112357536539,350.858,249.861,267.707,1.3032298152062354,0.82465,0.3232403074081956,2.21315,299.5302,95.6067
1687242640322,1.5735873258356878,1.02449,0.4342735915237165,19.5102,271.1781,0.561378,1.3223844905885282,0.824163,0.5657958455254668,351.145,249.0840000000001,267.805,1.3038394345185187,0.825102,0.325927592591069,2.7482,299.1401,93.6865
1687242640377,1.5735277640934089,1.02404,0.4357147633744188,19.8404,271.4112,0.287102,1.3229333433073769,0.824492,0.5648254096991431,351.452,249.567,268.694,1.3044434286227151,0.82431,0.3267406268843778,2.27057,299.5991,96.2134
1687242640433,1.5732059381480583,1.02361,0.4365436617137821,20.1654,271.627,0.0938966,1.3231975673516951,0.825023,0.5636666881387999,350.978,248.99,268.379,1.30475831508496,0.825724,0.3276902329952968,2.80419,299.2368,93.0581
1687242640489,1.5725962295149143,1.02357,0.4368877239999597,20.0851,271.7271,359.858,1.3234133410727813,0.826411,0.5611011810346802,350.899,248.60799999999995,269.385,1.3048634514635231,0.826292,0.3304916495480256,3.40175,300.9622,93.2668
1687242640545,1.572296791742232,1.02316,0.4365893542697741,20.3365,271.7816,359.796,1.323883711950616,0.8269,0.5589633821111879,351.002,247.881,269.964,1.304925856073751,0.827042,0.3306041958257179,2.31753,300.5342,93.257
1687242640600,1.5720815786242588,1.02309,0.4359636266961829,20.3324,271.8717,359.879,1.3238640493774732,0.82683,0.5575373023857807,350.438,248.376,269.065,1.3043817819680936,0.826336,0.3324862103786779,3.36139,300.4305,91.7935
1687242640655,1.5720485996625704,1.02316,0.435241925699796,20.2847,271.8492,0.00185618,1.3232929009775192,0.826985,0.5539810967526332,351.296,247.541,270.419,1.304657037906516,0.825418,0.3340060985878444,3.03401,301.5947,93.1432
1687242640712,1.5722107347070116,1.02323,0.434437011702549,20.2622,271.7219,0.0668759,1.3232755024229863,0.826567,0.5521736158287227,350.9,247.374,269.925,1.3049735815106605,0.825351,0.3343761883022045,3.04702,301.7319,92.1388
1687242640767,1.5725353354424272,1.02323,0.4337288596071856,20.2368,271.5698,0.211789,1.3226968283636813,0.826782,0.5507332477045658,351.07,246.855,270.563,1.3052292674004171,0.825057,0.3343024677095644,2.62009,301.7944,93.1299
1687242640823,1.572923515993792,1.02321,0.4332152739321107,20.2125,271.4586,0.283159,1.3227859236838408,0.826954,0.549911230658559,351.574,247.328,271.349,1.3058142688535344,0.826747,0.3342154298450964,2.2093,301.6259,92.4165
1687242640878,1.573492931580675,1.02347,0.4329810941946977,20.1682,271.429,0.245258,1.3227719909575697,0.827072,0.5496965497811184,351.423,247.4110000000001,271.406,1.3055881802601568,0.828458,0.335756786646082,2.52755,302.4335,91.1579
1687242640935,1.5741870337035215,1.02412,0.432947940077914,19.8587,271.3736,0.253701,1.322365207033431,0.827315,0.5487901421250042,351.635,247.471,271.652,1.3053099975780884,0.829305,0.3363900006741935,3.20994,302.0505,90.9823
1687242640990,1.5751403495242549,1.02492,0.4330404673297889,19.6068,271.2985,0.210271,1.3216015603604987,0.827831,0.5472988806593586,352.135,247.655,273.262,1.3043442658335564,0.829634,0.3362175837156209,3.95437,301.1145,89.994
1687242641046,1.5761411210117178,1.02595,0.4332335731867212,19.2101,271.286,0.255383,1.3212988626585365,0.828068,0.5471439642263157,352.258,248.474,274.389,1.3022389612073142,0.827317,0.3350561567180345,3.90812,300.6483,91.6965
1687242641101,1.5770363376802508,1.027,0.4334189116373473,18.6571,271.2,0.305842,1.3206162802907189,0.828114,0.5462295429278189,353.257,248.98,278.327,1.3010852916533786,0.82535,0.3344638252565016,3.26861,300.2675,91.3879
1687242641157,1.577918745703219,1.02798,0.4336452182890419,18.1271,271.2257,0.162429,1.3204143292439152,0.826658,0.5469717502941897,352.693,249.86300000000008,277.443,1.300808199495986,0.821516,0.3330695261722619,4.70589,299.4203,92.3893
1687242641213,1.5787172806171523,1.02859,0.4339653864961295,17.6719,271.2168,0.0889718,1.320359119903779,0.827407,0.546530459087885,352.772,250.26,281.287,1.300992388823722,0.819398,0.3329866512571902,4.1646,299.4271,93.0998
1687242641268,1.579509473162096,1.02917,0.4340957802622205,17.3355,271.2354,359.936,1.3214478714858928,0.827651,0.547680998088721,353.123,253.166,284.435,1.301456262126255,0.818448,0.3332755916648817,4.41451,299.5308,92.6438
1687242641324,1.579982846702915,1.02955,0.4343429355592563,17.164,271.3677,359.943,1.3224308183571318,0.82948,0.5473872219012559,353.124,253.953,288.516,1.30198493157539,0.818058,0.3336289626506056,3.7171,299.7932,93.1106
1687242641379,1.580241501833804,1.02962,0.4342846246780704,17.1201,271.3843,359.979,1.3249479461017732,0.832706,0.5475376011456909,352.349,255.35,290.488,1.3021920421058133,0.818743,0.3334967179222127,3.67763,299.7137,93.0007
1687242641435,1.5801229523796343,1.02968,0.4341927631991135,17.0433,271.3593,0.0438303,1.3280994360000749,0.836521,0.5467681621156808,351.557,255.67200000000005,292.127,1.3033271101164683,0.821996,0.3333767985693639,2.63682,299.1718,92.4556
1687242641491,1.5800219435001408,1.0299,0.4342536583250548,17.1604,271.3776,0.021277,1.3321712838082729,0.838854,0.5480121297305616,351.416,258.15100000000007,292.89,1.3051314138138743,0.825123,0.3332564847815963,0.875051,299.8663,91.7567
1687242641547,1.5798983868065295,1.03043,0.4342955798119537,16.9175,271.4796,0.040105,1.333569768674128,0.839932,0.5520015828359351,349.656,257.039,287.934,1.3067604107960331,0.825073,0.330531153228901,1.98856,298.3174,92.9205
1687242641603,1.580026617752319,1.03063,0.4343077721104202,16.7685,271.3634,0.0083879,1.332127340348659,0.839749,0.5556728830859672,347.719,254.06,282.296,1.306512730451876,0.825321,0.3293558890853494,359.693,298.8193,93.6243
1687242641658,1.5803875161592524,1.0304,0.4344044299102758,16.8556,271.445,359.962,1.33176625195373,0.837409,0.5592698263953686,349.155,255.74,281.927,1.3053206826110464,0.822861,0.3277603523621202,0.579268,298.5685,93.9229
1687242641714,1.580429611136882,1.03005,0.43462985432989,17.0264,271.6186,0.084786,1.330665983828833,0.834598,0.5606954248848934,350.99,257.27,281.76,1.3043554435805989,0.821928,0.3277982155909948,0.909765,298.4086,94.5023
1687242641770,1.5804654084667151,1.03001,0.4346497020017134,16.9783,271.5939,0.0158475,1.328489914444579,0.831577,0.5612022542791797,351.375,255.81600000000003,279.655,1.3036129378788692,0.822241,0.3299878462385925,0.756658,299.5301,93.2278
1687242641826,1.5806714098195744,1.0306,0.4348180209035639,16.684,271.6304,359.994,1.3269682735443808,0.82896,0.5617869062875092,351.968,255.24400000000003,277.714,1.3024436681262788,0.821341,0.3298525492109941,1.16478,299.0256,93.7962
1687242641881,1.5812023480407131,1.03141,0.4350612018227047,16.4314,271.6555,359.904,1.3244245434262232,0.826505,0.562789422664422,353.187,255.871,276.482,1.2985776798602513,0.819944,0.3297676373923964,2.04745,298.8076,93.7403
1687242641937,1.5816492827569235,1.03218,0.4353229680387174,16.0255,271.692,359.806,1.3212774836891952,0.824629,0.5641729605249726,353.753,256.097,272.974,1.294214271689622,0.818784,0.3296416251053614,3.22189,298.594,93.4805
1687242641993,1.5820967057890207,1.03269,0.435667770557921,15.5688,271.6442,359.836,1.3125159953210184,0.826097,0.565113838080396,352.382,254.21900000000005,268.965,1.2866827393817908,0.817525,0.3289742493071062,4.71609,297.6212,93.5159
1687242642048,1.5830304778726492,1.03327,0.4358446455065042,15.1645,271.1289,359.53,1.2957039261586276,0.830062,0.557498762803093,351.771,249.697,265.487,1.2767077176426955,0.817197,0.3279461863739245,7.02203,297.3612,92.8742
1687242642104,1.5840782025864195,1.03669,0.436220074605343,13.869,270.9173,359.015,1.2856780200981164,0.832335,0.5529354555960548,356.387,244.634,264.553,1.2677388108388483,0.817602,0.3246040779145978,6.91708,296.7617,93.1513
1687242642159,1.5850092025657103,1.04118,0.4367904462825498,11.527,271.0136,359.062,1.2831555068557288,0.837944,0.5527983427156289,353.466,248.213,271.676,1.2650272121350217,0.819541,0.3199245207529205,6.33211,295.7715,92.4936
1687242642215,1.5859016425812602,1.04597,0.4371078590785205,8.93317,271.2954,359.117,1.284136682422442,0.832606,0.5530962479141144,354.705,244.36300000000008,270.409,1.2680615193649762,0.821749,0.3169978601227406,358.622,295.8481,89.6408
1687242642271,1.5866819958554923,1.04908,0.4373474357098835,6.79748,271.4738,359.175,1.2925470986925047,0.825086,0.5552981532627309,350.969,244.775,275.448,1.2737631075541918,0.813752,0.3145736005717439,355.813,297.3835,91.4857
1687242642326,1.5874032399508455,1.05077,0.4376607889728602,5.32832,271.4402,359.366,1.299891023463545,0.811358,0.557709039190621,352.832,245.463,278.434,1.2796349389897337,0.801026,0.3115063347400001,357.83,297.641,90.1382
1687242642383,1.5881826949793312,1.05169,0.4371740959576355,3.94668,271.219,359.623,1.3083976930968708,0.798723,0.5593247531967047,353.326,244.089,280.934,1.2851041591452184,0.786966,0.3057986421781289,357.723,296.1404,91.6129
1687242642438,1.5903734951533397,1.05187,0.4364230544067453,3.19175,270.7554,359.772,1.3149471099815526,0.790799,0.5624292111962024,352.26,244.655,280.082,1.2895012342464984,0.776048,0.3025894311296463,358.909,296.1201,95.2888
1687242642494,1.593435446294297,1.05276,0.4355003080519486,2.16186,270.0818,359.974,1.316090216313082,0.789339,0.5603805863123308,352.501,243.54600000000005,281.02,1.2967896504971992,0.771264,0.300414407838617,357.8,295.4193,96.2319
1687242642550,1.596974842788553,1.05476,0.4343507128692656,0.92623,269.50861,359.908,1.32006244156487,0.790992,0.5584002705422941,354.457,243.271,283.892,1.3101776314162694,0.76954,0.2981190344483795,354.293,296.2018,96.3939
1687242642605,1.6000775408606671,1.05825,0.4327171736033468,358.848,269.19303,359.768,1.332826189649847,0.795546,0.5540130199427445,351.886,240.262,287.034,1.3312749853035557,0.770019,0.2965766187441648,349.223,298.0734,92.8683
1687242642660,1.602109395604213,1.06078,0.4302427087963367,356.506,268.70256,0.00620999,1.3544466880662107,0.801093,0.548467125494775,348.606,234.909,294.047,1.3604260227350715,0.77185,0.2952972061186418,339.086,303.8614,85.458
1687242642716,1.6031293233097057,1.06285,0.4276147934446619,354.862,267.83975,0.226626,1.390109808955344,0.805577,0.5446875410669497,339.709,226.361,305.066,1.3949954638152646,0.77244,0.2907520758231407,327.029,307.1398,79.9963
1687242642772,1.6028220562954505,1.06356,0.4244324907591917,353.084,266.83537,0.567756,1.4252258677414884,0.811131,0.543089096720704,334.314,219.65200000000004,306.083,1.424369465196187,0.777557,0.2944449202381642,316.367,316.9441,72.5303
1687242642828,1.60359156010859,1.0607,0.4213526235913477,353.468,265.77532,0.584653,1.460905248521712,0.816314,0.5390554764175742,328.819,211.179,312.277,1.443672668235387,0.7943,0.299829693067858,306.062,332.4418,50.3302
1687242642884,1.6032170315390868,1.0591,0.4188713919031279,354.323,265.41244,0.693134,1.4780378273625865,0.828943,0.5325100782057598,325.433,210.254,322.323,1.4503718704391009,0.799852,0.3073827451551774,305.82,328.2644,59.5208
1687242642939,1.6032100395205853,1.05469,0.4162090304998475,356.047,264.80309,0.772838,1.477855383823986,0.83501,0.5247056301147528,327.336,210.89100000000008,317.454,1.4574818448138729,0.802253,0.3103717895493082,307.431,325.88,61.2616
1687242642994,1.6017383513691934,1.05526,0.4125587180864981,355.484,264.75158,0.106908,1.47542182611494,0.828882,0.5192905804818555,332.237,212.226,312.877,1.461042829145481,0.805961,0.3112535438178223,305.991,328.4522,59.3263
1687242643051,1.599937443343142,1.05467,0.4096087774630781,354.964,264.66323,0.583034,1.4740811139122196,0.82308,0.5183003240304869,331.907,215.06600000000003,316.023,1.463416164100396,0.807376,0.3104687462695477,305.104,328.9349,60.1286
1687242643106,1.5985705417690674,1.05511,0.4065810190419367,354.75,264.30737,1.11808,1.468440722078896,0.821289,0.5159467237911564,332.525,213.731,312.327,1.465003460298432,0.807734,0.310876573168735,304.25,328.7754,59.5639
1687242643162,1.597298762378719,1.05589,0.4042035578914056,354.8,264.32777,1.48966,1.4647872317723758,0.8197,0.5133177620207681,333.674,213.2280000000001,309.596,1.4637604113360276,0.808008,0.3136417289106536,305.718,329.4076,57.9236
1687242643217,1.595449050846362,1.05739,0.402468499417732,354.154,264.2115,2.30631,1.462626545569291,0.818291,0.5123500612499721,334.306,215.4300000000001,312.011,1.459843165858292,0.807172,0.3152468924123444,307.512,328.5214,57.7743
1687242643273,1.593116855277683,1.06015,0.4010804300140512,352.179,263.78026,2.81343,1.4583654990284292,0.816943,0.512821195876813,335.723,216.486,310.713,1.4544936042891767,0.805083,0.3157668501204755,308.225,326.9647,61.1617
1687242643329,1.5914622245673689,1.06107,0.4010993945199509,350.881,263.55666,3.40965,1.4542064302840896,0.815072,0.5163742601993179,335.227,217.732,308.035,1.4487854856023803,0.801698,0.3168460410477206,309.368,324.713,64.8116
1687242643385,1.590355901627593,1.062,0.4020997816864649,350.859,263.90625,3.25543,1.4498481816279474,0.812494,0.5188133129542283,335.667,218.557,306.129,1.4454910008893276,0.799807,0.3174186591363799,310.519,323.8889,66.2993
1687242643440,1.5905844368917337,1.06169,0.4038592974161599,350.747,264.1557,2.99487,1.4456850201536706,0.810876,0.5202237147229087,337.501,220.26299999999992,305.228,1.446402038181103,0.799919,0.3173944919479883,309.889,324.1642,65.9413
1687242643496,1.5914684320046444,1.06183,0.4054903813871281,350.9,264.40461,2.70274,1.4439561142388948,0.810106,0.5221606192940875,337.935,221.5070000000001,304.491,1.4470623689193762,0.800133,0.3178419551488118,309.722,324.1794,65.4041
1687242643552,1.5930810868471144,1.06187,0.4070869717569657,350.816,264.66035,2.3686,1.441716596354328,0.809407,0.5234614943091085,339.171,222.347,302.911,1.4473659412683004,0.800943,0.3187866215391151,310.201,323.937,65.4625
1687242643607,1.595016778991075,1.0617,0.4085123559591405,350.586,264.94324,1.9345,1.4422080684249308,0.808906,0.5236791441283536,339.446,223.12200000000007,304.575,1.4488493314767936,0.801101,0.3191963339984653,310.295,324.0455,64.8832
1687242643663,1.5966554794237846,1.06172,0.4096583231191574,350.5,265.22631,1.62547,1.4423324106489126,0.808722,0.5237122387100137,339.58,223.379,304.536,1.451060193898699,0.801045,0.3187398106130749,308.886,324.748,64.4124
1687242643718,1.598250782330623,1.06123,0.4105724319285629,350.527,265.53109,1.66124,1.4416007682113468,0.80806,0.5240838357276991,339.873,223.05600000000004,302.949,1.4508428131914943,0.801772,0.3189590942607446,309.587,324.0626,64.943
1687242643775,1.5993191021378552,1.06166,0.4106801806616195,350.29,265.5972,1.78854,1.4416221885167824,0.80785,0.5237809538686929,340.233,223.678,303.938,1.4510323852559734,0.802265,0.318926315115406,309.875,323.8996,64.9567
1687242643831,1.600238701851416,1.06193,0.4107018974021482,350.195,265.64301,1.75867,1.4407432398726854,0.807261,0.5229050186136427,340.955,224.27,304.539,1.451255511492002,0.802316,0.318616859249739,309.684,323.9287,64.8524
1687242643886,1.600402568207685,1.06194,0.410607010958,350.179,265.92265,1.66519,1.4404788807877806,0.80703,0.522179084571027,340.873,223.70800000000008,304.287,1.4510509310597306,0.802187,0.318780825242346,309.584,324.0327,64.808
1687242643942,1.5998084507060883,1.06203,0.410749203764768,350.285,266.34125,1.84829,1.4396677049101687,0.806166,0.5206124242678404,341.369,223.452,304.57,1.449423044549686,0.801057,0.3194554954732108,310.146,323.5777,64.8274
1687242643997,1.5987567423906015,1.0617,0.4112066258008972,350.549,266.90717,1.90928,1.4388178332849928,0.805443,0.520047259485922,341.754,223.831,304.74,1.4473045134464677,0.79947,0.3193653468476206,310.523,322.5545,65.9783
1687242644053,1.59843440048062,1.06134,0.4117539670592263,351.073,267.49334,1.87803,1.4377885080568122,0.804506,0.5194615203420782,342.023,223.512,304.597,1.4456517146584635,0.798572,0.3198933631034051,311.091,322.32280000000003,66.6958
1687242644109,1.5985005666174457,1.06168,0.4125045598798271,350.974,268.01248,1.76209,1.435650387484792,0.803073,0.5188029341977474,343.182,224.22900000000004,304.822,1.4446394736964168,0.797815,0.3202726515487268,311.331,321.85,66.7066
1687242644164,1.598852718459466,1.06315,0.4132462787822166,350.841,268.28394,1.77552,1.4340959907914423,0.802806,0.5187417870824982,343.793,224.64300000000003,304.358,1.444008145848884,0.798258,0.3205187615829179,311.445,321.7263,67.3074
1687242644220,1.599728123633774,1.06276,0.4135940751030632,351.995,268.10992,1.73883,1.434965663031979,0.804212,0.5199772739031645,343.528,224.808,303.728,1.443923906178512,0.798951,0.3211001663626847,311.711,322.0186,67.82
1687242644275,1.6015895501129056,1.06316,0.4140527771335666,351.734,267.88422,1.59559,1.4367446304906213,0.80598,0.5224060874964835,342.546,224.995,304.733,1.4453440238926545,0.799541,0.3213216317730312,311.446,322.3722,66.8049
1687242644332,1.6035786099336538,1.06435,0.4152572727414811,350.844,268.24617,1.44931,1.4361005560446185,0.806228,0.5244239002524166,342.266,224.996,303.983,1.4472180148296143,0.800042,0.3208636897153524,310.921,322.7906,65.6181
1687242644387,1.6059376193713275,1.06463,0.4166366665224461,350.504,268.83643,1.25589,1.4346378713452983,0.805562,0.5259825876843207,342.474,225.15599999999995,302.689,1.447332978469891,0.80026,0.3205226721184246,310.757,322.56600000000003,65.8372
1687242644443,1.6080757509640315,1.06542,0.4178319075744025,349.856,269.2968,1.05428,1.4343240713435466,0.80541,0.5260541846039511,342.816,225.6,303.232,1.4467441930919416,0.800605,0.320268367146564,311.134,322.0716,66.396
1687242644498,1.6102678884196355,1.06608,0.4191044002721174,349.445,270.069,0.637008,1.434291293346028,0.805366,0.5259976336280208,342.924,225.67499999999995,303.302,1.44631788835163,0.800492,0.3195360140156307,311.173,321.5561,67.0797
1687242644555,1.6122335371001,1.06687,0.4204174802182702,348.941,270.7754,0.241038,1.434049994646004,0.804955,0.5257225534626748,342.933,225.32100000000003,302.82,1.446353526658076,0.800175,0.3191668947921898,310.868,321.8384,67.1187
1687242644610,1.6134776060183929,1.06775,0.4214818811608373,348.007,271.7339,0.504949,1.4337464423065605,0.804632,0.5247967775355639,343.557,225.741,303.209,1.4459980369707175,0.800126,0.3194150344548431,311.049,321.4854,67.4171
1687242644665,1.614346688545427,1.06799,0.4220601814385511,347.939,272.3119,1.14646,1.4339753683994656,0.804671,0.5246208575139996,343.519,225.655,303.223,1.4451840549259014,0.79997,0.3209504138186216,311.594,320.8713,68.4655
1687242644721,1.6148561830089736,1.0685,0.4220759944589894,347.451,272.461,1.21059,1.4343779862409551,0.804826,0.5249375831424451,343.386,225.791,303.505,1.445334554808616,0.799421,0.3220030395998483,311.786,320.9894,68.3218
1687242644776,1.615184817001326,1.06744,0.42170258827389,348.026,272.3947,1.00976,1.4343633684147428,0.805711,0.5260012035677646,343.338,226.01,303.66,1.4452769250655522,0.798583,0.3236486325545957,312.165,321.183,67.3175
1687242644833,1.6151822480010638,1.06694,0.4211003934796269,348.278,272.0159,0.98878,1.4346210391674634,0.807097,0.5269107659203235,343.317,226.617,303.949,1.4446442815015483,0.79867,0.3235566781586996,312.582,320.9293,67.736
1687242644888,1.6153445507714923,1.06685,0.4203434778101424,348.316,271.6694,0.499019,1.4345588149993236,0.807101,0.5268876090012857,343.252,226.462,303.845,1.4441715050343604,0.798935,0.3233124713363677,312.706,320.8928,68.0926
1687242644944,1.6157089105768374,1.06602,0.420062885397114,349.151,271.3904,0.724356,1.434722440086266,0.807195,0.5262665874872275,343.291,226.319,304.03,1.4440792703429444,0.799095,0.3227644289550692,312.693,320.6884,68.1022
1687242644999,1.6154963989133737,1.06665,0.4199297606702905,348.687,271.4627,1.28917,1.434895236961314,0.806807,0.5251587630065566,343.638,225.952,304.301,1.4438591785914257,0.799005,0.3223598641754437,312.559,320.6361,68.2227
1687242645055,1.6154653245448305,1.06705,0.4201681868928827,348.495,271.8094,0.899777,1.4350029069748071,0.80662,0.5252305503187668,343.538,225.944,304.475,1.4433400476777556,0.799047,0.3224476517285029,312.929,320.3331,68.4828
1687242645111,1.615449655794301,1.06684,0.4207569100708339,348.461,272.2633,0.603221,1.434516599273828,0.806465,0.526032284008946,343.371,225.51800000000003,304.087,1.4430018675959424,0.798864,0.3227415930019996,313.209,320.2811,68.4826
1687242645167,1.6153565263532272,1.06666,0.4212712523277069,348.583,272.431,0.796317,1.4336859198748728,0.806173,0.5270098900779491,343.771,225.98800000000008,303.568,1.4426540736406224,0.798679,0.3228021187373757,313.306,320.1725,68.7548
1687242645222,1.6153647961091748,1.06742,0.4215865788745383,348.224,272.6488,0.801552,1.433896410704702,0.80631,0.5278979327911999,343.449,226.202,304.059,1.4425522889198503,0.798759,0.3227286275092096,313.274,320.192,68.7982
1687242645278,1.6152100005551413,1.06755,0.4215925902347383,348.013,272.6028,0.709477,1.4344702913143197,0.80794,0.5285281606911734,343.322,226.23299999999995,303.879,1.44258217323608,0.799172,0.3226800793100309,313.422,320.185,68.6505
1687242645334,1.6152482085210795,1.06801,0.4217888059357891,347.833,272.7324,0.629943,1.4346700679197608,0.808305,0.5292264602743884,343.118,226.245,303.918,1.4426103997899942,0.799374,0.3227906607806945,313.505,320.1814,68.5957
1687242645390,1.6153688747085049,1.06819,0.4222136131758548,347.482,272.9252,0.669155,1.4346718520675052,0.808432,0.5296004518609473,343.153,226.337,304.377,1.442077878903272,0.799172,0.323898825003725,313.903,320.2228,68.6543
1687242645445,1.6159912224633852,1.06925,0.4229156482191365,346.89,273.4325,0.479071,1.4345300728830088,0.808325,0.5301044896302102,343.021,226.32899999999995,304.158,1.441313984826027,0.798237,0.3256223605672542,314.289,320.5491,69.0777
1687242645501,1.6164920581415272,1.07041,0.4244813032397269,346.244,274.597,0.849572,1.4343749538423256,0.808166,0.5304497995246782,342.991,226.36400000000003,304.028,1.44015991149915,0.797589,0.3277043885200422,315.282,320.6115,69.4093
1687242645556,1.6169486691886188,1.07064,0.4266145009829457,345.916,276.6991,1.41072,1.4348799708895923,0.808877,0.5305520482017836,343.232,226.6,304.183,1.439667150786758,0.796952,0.3292147675719107,315.896,320.6557,69.4673
1687242645612,1.6175684481679715,1.07153,0.4289619880770002,345.234,279.3955,1.64953,1.436095267150303,0.81002,0.530579499225514,342.828,226.307,304.517,1.4402295977458346,0.796985,0.3292729189108931,315.576,320.8409,69.2098
1687242645668,1.617986183878611,1.07244,0.4309735878423752,344.356,281.69,1.5782,1.4364007888106316,0.81047,0.5303388972199738,342.897,226.203,304.556,1.4413479771815911,0.796857,0.3300308379551698,315.167,321.5747,68.5561
1687242645724,1.6187964361712874,1.07286,0.432438948802075,343.91,283.3908,1.43703,1.436474606844825,0.810733,0.5302127998852366,343.005,226.29199999999992,304.561,1.441719106597873,0.796985,0.330482952538401,315.415,321.693,67.9758
1687242645779,1.619284646773816,1.07366,0.4338205147750125,343.323,284.7509,1.40958,1.4361508957279323,0.810523,0.5301211963765692,343.358,226.474,304.557,1.4416377796799045,0.796909,0.3303913384433408,315.482,321.584,68.1474
1687242645835,1.619622485980832,1.07407,0.4346560739591537,342.786,285.7904,1.37955,1.4359717573208253,0.810045,0.5297849814585492,343.377,226.581,304.865,1.4416620031586551,0.796948,0.3297932586300405,315.587,321.4417,68.1856
1687242645891,1.619829043039614,1.0737,0.4353746591395376,342.969,286.1845,1.18085,1.4356751017689051,0.809508,0.5290492909709698,343.832,226.371,304.763,1.4415475405233174,0.796856,0.3290315097244873,315.695,321.1706,68.1451
1687242645947,1.6192165586795055,1.07167,0.4358657633226011,344.201,285.9908,0.83581,1.4361705448686146,0.809313,0.5282481526714543,343.939,226.034,305.337,1.441934186796542,0.796762,0.3276795102350638,315.132,321.014,68.3508
1687242646002,1.6186969999196392,1.07137,0.4365001811226716,344.025,285.8294,0.443359,1.4369007085279244,0.809368,0.5277818602303583,343.523,225.665,305.175,1.4424337683146704,0.797169,0.326936676339267,315.019,320.8196,68.1413
1687242646057,1.6186326611214836,1.0711,0.4371823728325684,344.131,285.6054,0.274963,1.43719858904802,0.808791,0.5271642030392342,343.385,225.16000000000008,305.408,1.442666719120989,0.797013,0.3263353929769199,314.824,320.8466,67.5806
1687242646114,1.6181280654599384,1.07015,0.4371525983745624,344.596,284.8031,0.33062,1.435401563109524,0.807085,0.5254683895423035,344.465,224.855,305.367,1.4410727451228629,0.795975,0.3264779683369812,315.664,320.2833,67.7309
1687242646169,1.616060049821669,1.06767,0.4343722515113323,346.076,282.5072,0.87187,1.4347165394142616,0.806015,0.5250348499859433,344.725,225.078,305.576,1.4395992866982206,0.794904,0.3262134868993499,316.234,319.2685,68.3675
1687242646225,1.6132869865498694,1.06702,0.4308394428255136,346.424,279.6561,1.7439,1.434053311225444,0.804894,0.5248295628466543,345.251,224.9110000000001,305.155,1.4384044952004946,0.794397,0.3268794307160207,317.591,318.0751,68.4651
1687242646281,1.611046816542756,1.06644,0.4267509276538125,346.734,277.1467,2.20426,1.4343241168380592,0.804864,0.5249666707245315,345.035,224.913,305.384,1.4387547972590538,0.794196,0.3267758869679275,317.526,317.7543,67.7781
1687242646336,1.6092885530423495,1.06576,0.4239501584232014,347.214,275.7557,2.21569,1.434279918002249,0.804792,0.5246380024679064,344.744,224.472,305.428,1.4392728787220217,0.794447,0.325599884753759,316.01,318.3058,68.7318
1687242646392,1.6073977458501352,1.06555,0.4214576564950436,347.849,275.2973,2.92197,1.4336203692624785,0.805012,0.5237743522436447,345.005,224.416,305.382,1.4397714971636586,0.795402,0.3244306049499226,315.196,318.5617,69.1577
1687242646448,1.6037929218375724,1.06527,0.4181259695637052,348.301,274.4934,4.29661,1.4332720669268102,0.805096,0.5226802482801348,345.424,224.602,305.435,1.439434270549227,0.796385,0.3239589811374209,315.522,318.4306,69.0545
1687242646503,1.5983467383202228,1.06385,0.4123847273509651,348.873,272.494,5.30152,1.434378363691354,0.805664,0.5221574116337911,345.268,224.668,305.768,1.4389382151750876,0.797804,0.3221940284281995,315.661,317.2917,70.1266
1687242646559,1.5955796138860874,1.06012,0.4064479279122093,350.538,270.4676,6.68245,1.43832064824344,0.806465,0.5223163975148783,344.022,223.577,307.542,1.437751300906399,0.798962,0.3208976276881569,316.817,315.116,71.4652
1687242646615,1.5922076016140927,1.05531,0.4006429941384685,353.137,269.29902,7.25731,1.4384662517517215,0.805841,0.5226101439674121,342.84,221.977,310.844,1.4374486444411034,0.797041,0.3198325916540178,316.406,314.6815,70.5576
1687242646671,1.5875880944979597,1.05214,0.3948797688032942,354.779,267.96948,7.02044,1.4337512582475953,0.805646,0.5247285777062975,343.987,224.819,309.575,1.4347952133937043,0.796248,0.3191998148871415,318.006,312.132,71.5736
1687242646726,1.5824108129778405,1.04917,0.3911217505607313,356.995,267.37842,6.24828,1.430279491169557,0.804872,0.5273109436206966,344.617,226.433,306.549,1.43306606613992,0.795559,0.3191127285809308,318.583,310.8404,72.1912
1687242646782,1.5774414944695545,1.04945,0.3881532390981959,356.661,266.67946,6.23018,1.4291935630958297,0.80449,0.5277165360499785,344.735,227.77,307.773,1.4309820903957968,0.793951,0.3195291767744758,320.924,309.5824,71.0306
1687242646837,1.5739877308610644,1.04907,0.3867376940312093,357.025,266.31708,5.903,1.4265446681050094,0.80337,0.5256298589480756,345.612,228.74700000000007,307.611,1.4277087826557917,0.791479,0.3201314223134562,321.292,309.9072,71.5773
1687242646894,1.5721015611297984,1.04708,0.3862229438832191,357.999,266.34804,6.82264,1.423930907049966,0.80144,0.5216738839548357,348.99,230.82899999999995,310.179,1.424794630270403,0.79133,0.3206432610426821,322.456,308.8261,72.2989
1687242646949,1.5701494917677972,1.04677,0.3854985656629939,358.166,266.44306,8.69292,1.4237041457970554,0.799231,0.5193837144558295,348.882,229.57100000000003,310.409,1.4228994029601123,0.791296,0.3216017194102329,322.981,309.0777,72.8736
1687242647005,1.5696695566525751,1.04821,0.384931003256578,357.218,265.6425,9.12643,1.4227511492424736,0.796527,0.5176072396975075,349.058,227.85899999999992,309.262,1.4213643004870036,0.790889,0.323690890872094,324.32,309.3722,72.6176
1687242647060,1.5705848656352217,1.04841,0.3850069995478438,358.381,265.13006,7.7182,1.4216259796278234,0.795595,0.5170087638514884,349.099,227.881,309.117,1.4223633750858862,0.790433,0.3236914874184224,323.344,309.183,72.5888
1687242647116,1.5733879763627665,1.04785,0.3860440091230762,359.16,265.00749,6.46174,1.4219938711686422,0.797059,0.5181702937969457,349.444,227.799,308.141,1.4221686581416018,0.790944,0.3231775675787504,322.955,309.6776,73.1008
1687242647172,1.5755288268794736,1.04776,0.3880444551846123,359.57,265.59754,6.25131,1.4258311347142445,0.799877,0.5208483127441512,347.327,227.698,309.15,1.421119034760116,0.792275,0.3200544552981818,323.412,308.2915,75.0317
1687242647228,1.5773105378086831,1.04693,0.3906644496435253,359.513,267.27775,7.08397,1.427991077696955,0.801593,0.5214292080113365,347.477,227.73,310.123,1.4220353555248522,0.792581,0.3161649829038699,323.246,306.842,75.9213
1687242647283,1.57843661800205,1.04403,0.3920611098234212,0.743844,267.95042,9.0189,1.4294665125930548,0.801494,0.5218264495844023,347.44,228.31400000000008,310.571,1.422010223127226,0.792104,0.3141882882758129,323.556,305.9937,76.2015
1687242647339,1.5785689107841452,1.04103,0.3932371489000703,2.38118,268.60291,7.91121,1.4293324754338057,0.799518,0.5227248225804013,347.88,229.511,311.553,1.4202314543517116,0.790771,0.3138931241125843,325.014,303.7972,77.7099
1687242647395,1.5784735703029815,1.03692,0.3950539951766307,4.76663,269.08162,6.82916,1.4258892150271254,0.79604,0.5227706021805409,348.75,230.801,313.913,1.416894310059219,0.788778,0.3162049570241686,327.656,303.0559,78.8612
1687242647450,1.577206974996708,1.03513,0.3977056376167281,6.6828,269.79877,6.39394,1.4156227295371804,0.788367,0.5240117007603284,352.333,237.943,318.642,1.4102582215063888,0.785439,0.3183890942929762,333.215,299.0639,79.1024
1687242647506,1.5746212108512547,1.03384,0.4016946260830047,8.03223,270.999,5.67037,1.403662254732393,0.783808,0.5290838433494165,357.132,246.04600000000005,320.191,1.3997601079766189,0.778754,0.3184157205218363,341.144,295.039,80.873
1687242647562,1.5708615328765307,1.03232,0.4060186565935789,9.14724,271.7444,6.16456,1.396346379454292,0.783524,0.5309193402617736,355.726,250.445,326.572,1.3906047919015203,0.771882,0.316228690671779,348.747,291.7975,78.4642
1687242647617,1.5662780605872344,1.02867,0.4105112983056734,11.134,272.4664,6.66069,1.3785660799287494,0.781511,0.5294403545343281,357.587,252.9590000000001,329.19,1.383567384471935,0.772355,0.3135306686796488,350.686,289.4972,70.228
1687242647673,1.5625417027206867,1.02532,0.412488423546013,13.4275,272.5459,5.94484,1.361900417041995,0.787835,0.5302953823380068,359.095,258.297,326.701,1.369096660352547,0.778119,0.3179699971818618,353.769,291.1855,70.6935
1687242647730,1.559601941762957,1.02168,0.4139933018965142,15.2319,272.0514,5.43959,1.3451067835921502,0.795698,0.5261116380159606,0.192306,260.993022,324.984,1.355965251890431,0.789656,0.3227723099539616,355.226,288.429,65.8327
1687242647784,1.5559303078353082,1.02165,0.4140439995674566,15.4166,271.6178,4.51797,1.334310173871053,0.806505,0.5222105602763726,0.0918285,259.683,320.843,1.3425876332070523,0.801212,0.3277212970828717,356.168,284.1391,62.8094
1687242647840,1.5534438132084183,1.02077,0.4135552998600609,16.4151,270.9819,3.76636,1.3315137292709174,0.820547,0.5267367253858635,355.456,270.6583,326.19,1.3264622148901672,0.807723,0.3288122211661456,359.902,281.6235,61.2749
1687242647896,1.5499446150293916,1.01995,0.4138412141535414,17.4548,271.288,3.38881,1.3271332180651991,0.836105,0.5303357346351676,352.392,272.1601,324.735,1.315168518724429,0.81974,0.3296767251661309,356.123,283.8061,65.7577
1687242647952,1.547108490097676,1.01947,0.4146203632530736,17.9634,271.7682,3.99742,1.3224807710993185,0.8525,0.5288025532272238,351.331,270.7136,319.314,1.30982113835167,0.834354,0.3305931853993266,354.729,284.4039,64.101
1687242648008,1.54539631801963,1.01998,0.4147566177031271,18.5724,271.7862,3.94923,1.3172311290498246,0.862962,0.5226169898452683,349.172,269.72029,320.031,1.310082395664351,0.845932,0.3322154988420899,350.963,286.2832,62.9432
1687242648064,1.5442534874794225,1.02185,0.4146760431539866,18.0725,271.6404,3.47278,1.3159856820518592,0.867813,0.5252172236376913,347.907,274.3278,316.583,1.312572037524311,0.850815,0.3268839219816165,350.664,284.4323,68.8709
1687242648118,1.5442679688455796,1.02225,0.4141507778566993,18.4135,271.1462,3.48202,1.3153834720329576,0.863235,0.5298936971052879,351.261,271.9527,308.893,1.3144784101239115,0.849598,0.3237199929177005,349.793,285.9491,74.3174
1687242648174,1.5440540445437534,1.02271,0.4136075778630614,18.4716,270.5426,3.84006,1.3179735320896435,0.854516,0.5312947413239906,351.529,267.46738,301.704,1.3137718749948244,0.84589,0.3227686513642267,349.895,285.6887,79.0413
1687242648230,1.5442980920657623,1.01997,0.413509161098731,19.1784,270.2242,3.70422,1.3203133721801783,0.848724,0.5308381130827211,351.553,260.719693,296.107,1.3097287063735206,0.842732,0.3230551145201549,350.619,287.616,80.8393
1687242648286,1.545165914017153,1.017,0.41413699500693,20.1161,270.3541,3.50643,1.3222263275031283,0.849334,0.5357164065274,349.507,255.87,291.021,1.305393974210282,0.840969,0.3206933151398126,350.518,289.997,84.1068
1687242648342,1.5469400234762212,1.01553,0.4147306853721414,21.225,270.7892,3.55489,1.3229877325708637,0.848444,0.541493388466339,347.694,250.217,283.143,1.300862849711975,0.836192,0.3174758125336224,352.762,293.3869,91.1299
1687242648397,1.5483896026177943,1.01662,0.4153277732550501,20.8104,270.7997,3.54233,1.3203882489009149,0.842463,0.5456338964846466,351.148,249.4110000000001,282.425,1.3015424004729328,0.833545,0.3150903751306957,351.937,297.9865,96.1552
1687242648453,1.549694735196248,1.01758,0.4153158256377596,20.3554,270.4023,3.26481,1.319907131069974,0.838365,0.5479708548994993,354.533,252.793,291.552,1.3032864723186088,0.832857,0.3121155355304618,353.663,296.5901,93.7837
1687242648509,1.5497175559389114,1.01824,0.4154726712554997,19.7676,270.0738,3.26361,1.3193635148634972,0.835902,0.5495220226596257,354.644,252.414,290.226,1.3016848625238735,0.831346,0.3117946438424925,354.584,297.0788,95.6771
1687242648564,1.5495410435870345,1.0181,0.4154245897410171,20.0579,269.6618,3.13477,1.3212861448490931,0.839509,0.5465020029678873,352.131,248.915,288.216,1.3022648846407352,0.834571,0.3113096961814494,353.828,297.7308,93.9174
1687242648620,1.5489744089582913,1.01753,0.4153330032659834,20.4784,269.38281,2.72686,1.3237340945411709,0.842742,0.547401754214097,351.936,252.366,288.577,1.304318216662431,0.837195,0.3087750465215005,354.022,295.1533,90.0618
1687242648675,1.5484667048857674,1.01717,0.4155696363675196,20.8294,269.60013,2.65499,1.3247639150970267,0.845878,0.5488404375088971,348.949,249.837,285.586,1.3049366078912654,0.837211,0.3096849525485718,353.829,297.9446,91.0262
1687242648732,1.5480587985087448,1.01762,0.4154299825126346,20.8006,269.75233000000003,2.61203,1.325845909523484,0.847447,0.5522176310273551,348.691,250.826,285.272,1.305273974952256,0.837309,0.3081286926389941,354.499,297.6219,89.0702
1687242648787,1.547377694480165,1.0187,0.4152476398444182,20.2336,270.0524,2.78942,1.325678711534185,0.846761,0.5525151168797486,349.598,252.18599999999992,286.948,1.3047338230852468,0.837358,0.3076849548779612,354.428,297.0009,89.9958
1687242648843,1.5476154043617925,1.01788,0.4148270276884162,20.8462,270.3251,3.12938,1.3263944695456271,0.846995,0.5495615354149748,348.829,250.021,284.893,1.3041808165220372,0.837778,0.3089438517685154,354.94,297.4655,89.016
1687242648898,1.5476963424599113,1.01671,0.4141857398382483,21.2332,270.2761,3.19452,1.3266007208473902,0.847444,0.5468369581265644,349.599,250.39100000000008,285.157,1.3047509023798016,0.838783,0.3115674037891122,354.589,298.4125,88.6741
1687242648954,1.5476204182370352,1.01505,0.4134515009974883,21.8816,269.93828,3.02966,1.3283488782337187,0.8492,0.5438735008968031,348.69,249.524,285.601,1.304484276282398,0.838203,0.314029712657671,356.708,298.7241,85.7584
1687242649010,1.547847264694872,1.01379,0.4130967022817818,22.4828,269.71044,2.57063,1.3289312234127086,0.849501,0.5425576330871402,348.447,248.813,284.099,1.3040745618764296,0.836731,0.3150000074559368,356.516,299.9448,86.2988
1687242649066,1.5475031734197189,1.01368,0.4130566428663672,22.3683,269.52309,2.17992,1.329533588621143,0.850098,0.5414910285888992,348.028,248.581,284.672,1.3035422217653323,0.835341,0.3156176509583854,357.619,300.1192,84.9405
1687242649122,1.547447425469223,1.01415,0.4137683751489816,22.4312,269.88109,2.40217,1.3282045518578505,0.848794,0.5424345784189647,348.576,249.17200000000005,284.313,1.3048318945263775,0.835186,0.3161182048210397,356.061,301.1205,85.919
1687242649176,1.547228114762152,1.01533,0.4143965354101921,21.9105,270.0827,2.35048,1.3275276158089655,0.848423,0.5425477490234539,347.389,248.357,282.686,1.3042115172012865,0.83409,0.3161294482418984,358.112,299.7232,83.8474
1687242649233,1.5475694011313488,1.01579,0.4152018334530313,21.9401,270.2004,2.33726,1.3266025712595195,0.84839,0.5418220923680446,348.114,248.457,283.077,1.303521385837415,0.834403,0.3181199483575984,356.917,300.9627,84.3342
1687242649289,1.548020567392229,1.01541,0.416148966734805,22.3342,270.2073,2.05828,1.326536937677255,0.848394,0.5426492617780684,348.028,248.433,282.395,1.3032732191852467,0.833263,0.317529078022625,357.587,300.4784,84.5015
1687242649344,1.5476438542477111,1.01502,0.4172357620465576,22.2774,270.4102,2.07145,1.3278087627556767,0.848943,0.5480999196255117,347.49,250.01800000000003,282.626,1.3039127424279675,0.833401,0.3168564107408131,357.1,300.9012,84.829
1687242649399,1.547570825598392,1.01372,0.4178888018973927,22.8223,270.4883,1.88042,1.3288176927143855,0.848868,0.5509412852018536,346.838,249.7860000000001,281.673,1.3051012615735649,0.834798,0.3164909426429596,356.714,300.7166,83.6336
1687242649455,1.5477023316805971,1.01301,0.4186486819747358,23.0513,270.7201,1.84227,1.3290264984046498,0.848498,0.5511679880551952,347.19,250.36,282.37,1.3046914883955738,0.834874,0.317288807639434,356.73,300.9369,84.3816
1687242649511,1.5481158403247366,1.01337,0.4189797161501951,22.9578,270.7836,1.93336,1.3286962868119865,0.848376,0.5518601631082495,347.214,250.214,281.644,1.3044419874908653,0.834617,0.3183064424209493,357.526,300.7623,83.5225
1687242649567,1.5484252208399938,1.01416,0.4188864221676499,22.804,270.5685,1.76308,1.328368922615248,0.849444,0.5509525278936982,347.592,250.29700000000005,283.02,1.304732077001184,0.834402,0.3182737187902972,357.21,301.0676,84.0284
1687242649623,1.5484689537061858,1.01464,0.4188807298206263,22.6191,270.5631,1.59648,1.3288332482253744,0.850114,0.5482501012568066,346.877,250.261,282.377,1.305172785008556,0.835068,0.3193966061142251,357.137,301.0485,84.4051
1687242649678,1.548554462774932,1.01497,0.4189411969460928,22.5561,270.7359,1.71108,1.3282539977691976,0.850493,0.5430870775391565,347.251,248.74400000000003,282.272,1.3061155166290237,0.83753,0.3228783045649487,356.707,301.7707,83.2222
1687242649734,1.5485874600562164,1.01458,0.418875224595613,22.7698,270.7224,1.76734,1.329520008542696,0.851195,0.540065005944805,347.431,247.774,284.617,1.3048765608933992,0.837393,0.3216754886832926,357.204,300.9791,84.0942
1687242649790,1.548630216737386,1.01464,0.4183614437295666,22.6719,270.54,1.70551,1.329351732755599,0.850239,0.543438028959769,347.011,248.801,283.599,1.303883452067499,0.836984,0.318341283070269,356.737,300.6917,86.2304
1687242649846,1.5486238861142947,1.01481,0.4178941451123942,22.5227,270.3635,1.8596,1.328515808498813,0.848582,0.5491405056705427,347.15,249.812,282.722,1.3056823489161948,0.837574,0.3152110022301922,355.96,300.3812,85.5956
1687242649901,1.5488527851432248,1.01486,0.4175613369071845,22.5771,270.2052,1.75233,1.3283475639668192,0.847539,0.5527379434778514,347.245,250.727,282.03,1.306574983355968,0.836511,0.3116171072335443,356.276,299.7687,85.8968
1687242649956,1.549049330032822,1.01485,0.4175658349037678,22.5865,270.1319,1.76102,1.3282351769118723,0.8478,0.5526957872223205,347.333,250.802,282.532,1.3066185534754118,0.835933,0.3098439346292297,355.814,299.1934,86.9553
1687242650013,1.549168700811046,1.01481,0.4180021926769381,22.6014,270.2732,1.75828,1.3283884246473894,0.848113,0.5499781108008974,346.578,250.423,281.776,1.306750255008348,0.836358,0.3109340659039954,356.143,299.4988,86.3027
1687242650068,1.5492099141235471,1.01489,0.418855716234242,22.6323,270.5798,1.66316,1.3280223691706925,0.848348,0.5453624232694477,346.38,249.2860000000001,280.732,1.308512793526644,0.838097,0.3156058016693746,355.821,301.22180000000003,85.4146
1687242650124,1.5490421593959185,1.01512,0.4203050038671701,22.4639,271.0168,1.36613,1.32797599409462,0.848976,0.5413869743196661,347.524,249.09500000000003,283.636,1.309225928977192,0.839607,0.3166982328247212,355.719,300.6601,85.295
1687242650179,1.5487290568578844,1.01577,0.4218989498023501,22.2168,271.4301,1.23183,1.328498214270832,0.848701,0.5388572243147136,346.669,248.19000000000003,282.599,1.3089521482337931,0.840013,0.3170358200053781,355.697,300.7789,85.4038
1687242650235,1.5485718931195107,1.01696,0.4234309328707423,21.4624,271.5353,1.12844,1.3283762181665446,0.848465,0.5363702572963278,347.375,247.81500000000003,284.32,1.3080757714672002,0.840976,0.3179057550448932,355.505,300.6768,85.8313
1687242650291,1.549592975618361,1.01777,0.4255092157730781,21.372,271.9045,0.819264,1.3279658688317992,0.847873,0.5373153591022061,347.403,248.154,283.642,1.3071436298646848,0.841711,0.3182972378578752,355.667,300.1332,86.1672
1687242650347,1.5504333187638413,1.01864,0.4276436669381893,21.1554,272.0369,0.49006,1.327434817726896,0.847592,0.5375801660582722,347.433,247.92100000000005,283.55,1.3062510483416967,0.843185,0.3189020308677719,354.657,300.094,87.8152
1687242650402,1.5517302433778986,1.01949,0.4299732369367858,20.9203,271.9921,359.729,1.3272404819941157,0.847489,0.5389299258972675,347.526,248.40599999999995,283.876,1.3047823267662768,0.843982,0.3194572246842868,354.901,299.15160000000003,88.466
1687242650457,1.5535542315303417,1.02024,0.4325795143659664,20.7554,272.0639,359.26,1.3276312706638569,0.847109,0.5443613004208667,346.781,248.60799999999995,282.347,1.3022957963735318,0.842632,0.3178894248099549,355.198,298.7588,89.6983
1687242650514,1.5551530991549276,1.02083,0.4352183141128118,20.4872,272.0823,358.845,1.327889241899654,0.846834,0.5502982929121455,346.936,250.36900000000003,282.525,1.3031334337440144,0.842177,0.3174580250816622,355.515,298.8777,89.7787
1687242650569,1.556419267996698,1.02129,0.4376277670286061,20.2058,272.3409,358.457,1.3289105633891831,0.84678,0.5535185667227128,346.709,250.3530000000001,282.023,1.3046011591109037,0.842636,0.3172367309620154,355.082,298.8799,89.1898
1687242650626,1.5574844789651374,1.02124,0.4392663213947396,20.1063,272.5715,358.303,1.3299832192044412,0.847034,0.5555608584506482,346.021,250.538,281.306,1.3056214395336982,0.843391,0.3174741070746755,354.74,298.5432,89.1125
1687242650680,1.5584248185431295,1.02125,0.4403525193362512,20.183,272.5211,358.11,1.3300732849069217,0.847285,0.5546354389948138,346.222,250.586,281.806,1.3066824627823,0.844626,0.3208435411022129,355.066,299.2207,88.1198
1687242650736,1.5588614178340283,1.02151,0.4408937495099627,19.9981,272.5167,357.9,1.3304340856458958,0.847274,0.5543802139436224,346.321,250.463,281.653,1.308246287253033,0.846083,0.3235037103195254,354.752,300.1513,87.8108
1687242650793,1.5590243158143748,1.02199,0.4406338378045721,19.848,272.5135,357.904,1.3313281390756015,0.847885,0.5546942353837048,346.057,250.69600000000003,281.807,1.3087104203143034,0.847221,0.3239524231357404,354.425,300.1563,87.4726
1687242650848,1.5589623330790012,1.02247,0.4397936969887492,19.7517,272.4511,357.902,1.331270791280259,0.848273,0.5542881070414664,346.037,250.669,281.805,1.3084979815458289,0.847663,0.3240515393284086,354.508,300.049,87.5214
1687242650903,1.5588572475535525,1.02356,0.4386459685041428,19.3649,272.3469,358.06,1.3306644230123506,0.848338,0.5524001296783411,346.004,250.3820000000001,281.593,1.3085653363699512,0.848537,0.3249767920385734,354.423,300.431,86.7914
1687242650959,1.5587457971966925,1.02432,0.437232865137407,19.0366,272.2112,358.417,1.330250677572266,0.848393,0.5522530490514413,346.295,250.31600000000003,281.85,1.3088241067059283,0.847915,0.3235495439300729,355.019,300.4914,86.4296
1687242651015,1.558765284974867,1.02477,0.4353200796449375,18.8106,271.659,358.711,1.3294777916371858,0.848543,0.5538836107127578,346.272,250.534,281.471,1.3087585415440186,0.846992,0.32012635269242,354.494,299.9712,86.7963
1687242651071,1.5591404161860858,1.0247,0.4336308472605482,18.8378,271.2144,358.907,1.3296295452534674,0.849279,0.5558274944129686,346.103,251.42200000000005,281.335,1.308429391175289,0.846223,0.3192461236740589,354.743,299.7576,86.7798
1687242651126,1.5597158930514907,1.02394,0.4323667736510287,19.1649,271.0514,359.193,1.3299938730126537,0.849903,0.5551088413089703,346.108,251.174,281.201,1.3084859720723772,0.845578,0.3191786233623214,354.875,299.8039,86.8165
1687242651182,1.5600234391750805,1.02365,0.4313806774580207,19.4344,270.9622,359.398,1.3314388741852683,0.852447,0.5507779674235818,345.872,250.37699999999995,282.423,1.309053410482016,0.844413,0.3191393615326803,354.868,299.8584,86.9373
1687242651237,1.5601848038963582,1.02339,0.4304893163700059,19.4178,270.8563,359.503,1.333040141267697,0.854063,0.5450195410994259,345.485,249.15599999999995,283.404,1.3094997758601783,0.843561,0.3199134319359238,354.749,299.8366,87.2318
1687242651294,1.560418642724266,1.02357,0.4297630991855061,19.3167,270.7141,359.678,1.3324624777649308,0.853607,0.5416845651058734,344.977,248.29500000000007,282.332,1.309776734527922,0.843768,0.3217634309457511,354.536,300.2281,87.2287
1687242651349,1.560574634359863,1.02418,0.4291072226098276,19.1224,270.4085,359.71,1.3316476156599486,0.852866,0.5397293618556039,345.877,248.679,283.794,1.3096118026821315,0.843928,0.3234416873165848,354.846,300.6397,86.6476
1687242651405,1.560591519576752,1.02469,0.4285931446983681,18.9306,270.1625,359.714,1.3314469985010762,0.851653,0.5400666492042637,345.97,248.303,282.898,1.3095767499710125,0.844467,0.3237729328409971,354.897,300.7081,86.8371
1687242651460,1.5606734126002293,1.02493,0.428174200569986,18.8925,269.92094,359.719,1.33140656794696,0.851733,0.5409236482534429,345.762,248.408,282.838,1.3092507808306215,0.844913,0.3237730303755618,354.93,300.0796,86.3448
1687242651515,1.5606991170877176,1.02491,0.4280861260576515,18.9203,269.86295,359.676,1.331567936429618,0.851857,0.5411947888310121,345.833,248.538,283.202,1.3087804885948238,0.844625,0.3243958266608335,355.241,300.351,86.4059
1687242651572,1.560711071510644,1.02456,0.4283129478541626,19.0476,269.98198,359.762,1.3321206268584618,0.852197,0.5407439126951783,345.539,248.448,283.043,1.309040108278855,0.844624,0.3249908488702203,355.03,300.452,86.6346
1687242651628,1.5607631092595056,1.02386,0.4286335548551676,19.3004,270.1129,359.783,1.3326601830790006,0.852586,0.5395728140294469,345.488,248.203,283.192,1.3095376459911532,0.845008,0.3258778204790337,354.907,300.3707,86.3377
1687242651683,1.5607658271877265,1.02375,0.4289574474751301,19.3288,270.1281,359.658,1.3331527928673457,0.853007,0.5357309888647073,345.741,247.81400000000008,284.255,1.3091897042834453,0.844764,0.3284960782543563,355.68,300.6367,85.3547
1687242651738,1.5611174789292397,1.02425,0.4291904510064136,19.1403,270.1473,359.577,1.3337517643746792,0.853135,0.5335894646100227,345.629,247.11300000000008,283.667,1.3087001012147284,0.844262,0.328928935650161,356.002,300.4986,85.7167
1687242651797,1.5615462236816535,1.02471,0.4293243357616236,19.0502,270.1267,359.544,1.334462387006624,0.854755,0.5341087520785482,345.022,246.889,283.511,1.3083341332442713,0.844207,0.3286433472494868,356.026,300.4882,84.9005
1687242651850,1.561922295137521,1.02504,0.4292410749660365,18.9822,270.0848,359.417,1.33535111884447,0.856089,0.5390542113818283,344.027,247.224,282.77,1.3071228546396176,0.842883,0.3250203697582638,356.529,300.0647,85.5797
1687242651906,1.5621847928443198,1.0252,0.4291632752621468,18.9032,270.1181,359.507,1.3352511771437086,0.855256,0.5468482658887232,344.156,249.12,281.916,1.3069009937555385,0.842598,0.3202318963493249,356.092,299.0644,86.3206
1687242651962,1.5622729790979877,1.02507,0.4290512872955432,18.9423,270.1323,359.554,1.3351004153146024,0.853729,0.5528573782916396,344.322,250.254,281.133,1.3075772597196664,0.843422,0.317387110004841,355.074,298.8288,86.2803
1687242652017,1.562436450864183,1.02467,0.4288267628388421,19.0708,269.98419,359.629,1.3351085601041306,0.852696,0.5560188220539741,344.239,250.86,280.228,1.3083689722271292,0.843891,0.3166287685279804,355.071,298.8812,86.5001
1687242652073,1.562438453340233,1.02463,0.4286887132821979,19.0597,269.86839,359.496,1.3351676178571996,0.853109,0.5545609286484734,344.305,250.71000000000004,280.497,1.3090574321863615,0.844671,0.3173198169231985,354.861,298.9346,86.3188
1687242652129,1.562501404496264,1.02474,0.4288989384280637,19.0397,269.9451,359.518,1.335476405577292,0.854335,0.5485309399964178,344.167,249.759,281.52,1.3104769166467478,0.846777,0.319940522215047,354.501,299.3972,85.7967
1687242652185,1.5625162784747535,1.02481,0.4292585851085209,19.1297,270.0657,359.465,1.3358114147152031,0.855549,0.5411083478698412,343.901,248.105,281.263,1.311391608716617,0.847729,0.3236561048755887,354.54,300.0208,85.5676
1687242652239,1.5623725440846985,1.02481,0.4295329947933272,19.1051,270.0225,359.252,1.3354666944649634,0.856181,0.5349550047176129,344.69,247.27,283.93,1.3126932820633772,0.849486,0.3265533538014379,353.995,300.9608,85.3219
1687242652295,1.5622523982058034,1.02483,0.4296413782689337,19.0459,270.1167,359.276,1.3353479436968176,0.85506,0.5345573424801994,344.654,246.58500000000004,282.933,1.3128565385026945,0.849802,0.3267792346218309,354.267,300.7844,84.6106
1687242652351,1.5623182010698022,1.02489,0.4292393978302435,19.0905,270.0083,359.468,1.3353415129746329,0.854378,0.5403756184830899,344.262,248.003,282.685,1.3126194455321327,0.849557,0.3255899966627537,354.02,300.8388,84.8005
1687242652407,1.562483135971217,1.02505,0.4286645045546738,19.0229,269.79089,359.488,1.3348028997586554,0.85376,0.547069788768015,344.464,249.289,282.13,1.3114875444488765,0.84743,0.3214131890088483,354.649,299.5444,84.7986
1687242652463,1.562811006020186,1.02516,0.4280466520229244,18.9478,269.72752,359.557,1.3349196083185673,0.85374,0.5498574051533958,344.35,250.201,281.793,1.3108017033662451,0.846092,0.3214328933072483,354.686,299.716,85.6047
1687242652518,1.5631940938784257,1.02495,0.4278061203142678,19.0901,269.74958,359.659,1.3348221758697836,0.854042,0.5461369643303314,344.109,250.004,281.565,1.3109191100708246,0.845932,0.3256562429382544,354.934,300.1778,85.0539
1687242652574,1.563293597440709,1.02489,0.4279299806432394,19.0984,269.82712,359.632,1.3343956364609022,0.854693,0.5356505848725457,345.484,247.68900000000008,282.684,1.3118810156296097,0.846539,0.3327954364771619,355.374,301.6168,84.385
1687242652631,1.5633475623306954,1.02491,0.4281289747151329,19.044,269.9031,359.552,1.335534953555353,0.856085,0.5288551878599869,344.731,246.39100000000008,284.43,1.3127759617689354,0.847624,0.3359837803509789,355.136,302.1487,83.6852
1687242652686,1.5635708210093069,1.02507,0.4281049786232677,19.0777,269.85147,359.624,1.3349445633240282,0.855913,0.5268938708599186,345.25,246.621,285.008,1.312322698098562,0.84761,0.3362566169414862,355.62,301.81,83.375
1687242652742,1.5638934339779476,1.02547,0.4277985443522328,18.9896,269.75233000000003,359.629,1.3338474130331974,0.854784,0.5278295680541699,345.777,247.15200000000004,284.823,1.3118117531415072,0.84723,0.3358084841365497,355.673,301.4723,83.5398
1687242652797,1.5643197232924193,1.02577,0.4275882742393608,18.9354,269.77532,359.697,1.3321275409884945,0.853194,0.5288301159789839,346.452,246.73800000000008,284.945,1.3112017734335368,0.846006,0.334401689906442,355.385,300.9884,83.4752
1687242652853,1.5644505720880375,1.02623,0.427422070891966,18.7029,269.85865,359.88,1.3302336494273823,0.85082,0.5306448145089739,348.338,248.12699999999995,286.333,1.3099415519621045,0.843557,0.3302442945676583,355.082,299.2423,84.2102
1687242652909,1.564668765630042,1.02594,0.4270496011506076,18.8512,269.83776,0.0418766,1.329281973110564,0.849401,0.5321087988627181,349.479,247.658,289.147,1.3089164445081127,0.84118,0.3254618301456504,355.145,298.4039,85.0367
1687242652965,1.564579103335894,1.02552,0.4265042462908986,18.8626,269.6764,0.222197,1.329816154923416,0.848913,0.5368536434113643,349.969,252.034,291.183,1.3088555312482728,0.840424,0.3218740461687678,353.032,298.8692,86.1543
1687242653019,1.5643947789674697,1.02526,0.4259918543147661,18.9464,269.4603,0.16402,1.3302287965846442,0.84944,0.5369781900268094,349.324,251.097,291.94,1.308348987896656,0.839987,0.3178420304603493,353.781,297.2238,87.066
1687242653075,1.564353911361368,1.02522,0.4258320296334071,19.0561,269.37303,0.0937825,1.332481314365944,0.851093,0.5346844891646808,350.268,254.433,294.514,1.3080143395504191,0.841544,0.3182887053805773,354.199,297.6511,87.0443
1687242653131,1.564385710678071,1.02568,0.4258492125742854,18.8592,269.37751,0.0588274,1.3353707040948524,0.854675,0.531606464311877,350.486,256.572,297.087,1.3094029222125054,0.845306,0.3199329093826869,352.733,298.3239,85.6718
1687242653187,1.56466824193235,1.02638,0.4259929574189076,18.6585,269.4997,359.99,1.3379684136678949,0.85806,0.5326128409680673,347.93,253.492,292.553,1.3104357996202374,0.846206,0.318405765921647,353.078,297.0224,86.2486
1687242653243,1.5651888971109442,1.02677,0.4260353116985405,18.5394,269.55834,0.286479,1.33642809887965,0.858004,0.5376224757205333,344.605,250.205,283.954,1.3082625998130477,0.846391,0.3162242516315194,352.978,297.0593,87.9566
1687242653298,1.5658648842140466,1.02703,0.4257219347267651,18.3364,269.27348,0.38866,1.3321397294762611,0.855794,0.5431406415263133,343.256,248.688,279.618,1.3063001070236089,0.84561,0.3123237103483894,351.48,296.7518,88.8377
1687242653354,1.566722991773033,1.02701,0.4254445291262261,18.3635,269.03547,0.285182,1.328872305260333,0.851887,0.5483453301810904,343.653,249.602,276.218,1.3031921232300625,0.842772,0.3095293621991689,352.952,296.4289,89.5556
1687242653410,1.5672202229990944,1.02734,0.4252955084638009,18.216,268.97893,0.316577,1.325787242808634,0.848855,0.5510761012570168,342.658,249.36900000000003,273.76,1.303519333028222,0.842759,0.3083301630547445,352.491,296.4149,89.1074
1687242653465,1.567506153484325,1.0279,0.4252644885086809,17.92,269.08367,0.274408,1.3220805948004293,0.845076,0.5532951610902058,342.86,249.26800000000003,269.867,1.3032949504760052,0.841731,0.3077714107301312,352.863,296.377,88.6287
1687242653521,1.5678007095298077,1.02862,0.4250256085051862,17.6148,269.13024,0.406057,1.319318794291792,0.843553,0.552850829062898,341.821,248.599,268.716,1.3015218551874228,0.840185,0.3074095180007106,353.266,296.64300000000003,88.2318
1687242653576,1.5681906913835983,1.02951,0.4243728106775902,17.1777,268.90393,0.356942,1.3171418434046247,0.840914,0.5524354956608446,343.477,249.26700000000005,267.505,1.2979006245629638,0.836849,0.3058155824391274,355.369,295.955,88.1449
1687242653633,1.5688199307453776,1.03034,0.4236887850599503,16.9377,268.81179,0.4442,1.316937107860245,0.839941,0.5506538769146287,343.404,248.25,267.948,1.2966010585790002,0.835361,0.3048643640292318,355.692,296.2289,88.6567
1687242653688,1.568993010351256,1.03074,0.4231552341813745,16.6004,268.84164,0.62685,1.317506453468297,0.840285,0.5495844964497839,343.661,248.65699999999995,268.733,1.2973657823283564,0.83567,0.3045642982411611,355.162,295.9883,88.8911
1687242653744,1.5691953515441628,1.03043,0.4225939430878651,16.7922,268.81892,0.649968,1.3185988040429348,0.841769,0.5474609192267735,344.094,249.463,270.625,1.2987698510264716,0.837132,0.3057636327987276,354.552,296.4189,89.4167
1687242653799,1.569338973989706,1.02969,0.4222228450507695,17.0303,268.80115,0.802918,1.3190430922509548,0.842031,0.5456322880479366,344.328,249.443,271.822,1.3016247964019203,0.839873,0.3079256345247222,354.189,296.7728,88.6751
1687242653855,1.5694686084967566,1.02943,0.421781348522378,17.1182,268.57139,0.888942,1.3191694402626213,0.841465,0.5456758905702019,344.544,250.015,272.322,1.3051779475021617,0.842923,0.3097962516151111,352.958,297.7001,87.9525
1687242653912,1.5694664551352704,1.02951,0.421709482793172,17.1318,268.42006,0.798602,1.3186825324788418,0.840927,0.5463698832287329,345.314,250.68100000000004,273.151,1.3083872757693025,0.845236,0.3101269699752457,352.378,297.7504,87.7582
1687242653967,1.5693322278394524,1.02963,0.4220745202064016,17.0405,268.49102,0.724103,1.318452137333234,0.841026,0.5462713790314604,345.103,250.03099999999995,272.858,1.309960685549863,0.847611,0.3099455332853578,351.93,297.641,86.7022
1687242654022,1.569286661906145,1.0295,0.4225362220536167,17.1362,268.54298,0.680349,1.3188584513448434,0.841332,0.5462993598100361,344.78,250.137,272.499,1.3098465448188594,0.847702,0.3109959714717953,352.476,297.5264,86.6765
1687242654078,1.5692215570628327,1.02947,0.4230004696808344,17.1504,268.59923,0.526837,1.3190148620519704,0.842155,0.5446636704475053,345.217,250.43100000000004,274.424,1.3099592192347318,0.848942,0.311687239087128,351.8,297.8354,87.2325
1687242654134,1.5689725528043614,1.02955,0.4235079401620086,17.1381,268.77789,0.46908,1.3189629808006498,0.841845,0.5427465357793713,344.865,249.463,273.053,1.310095038261264,0.850811,0.3150978384819605,351.786,297.9552,86.5653
1687242654190,1.5688476623748355,1.02962,0.4238643681079008,17.0948,268.83385,0.620263,1.319828984271849,0.842888,0.5417223561135553,344.352,248.876,272.781,1.309728208261921,0.851182,0.3178980810985176,352.455,298.4046,85.5471
1687242654245,1.5688592315004584,1.02971,0.4240365935570433,17.1153,268.69207,0.570075,1.3213132342755272,0.844644,0.5401116227630032,344.407,248.693,275.171,1.3089629770162834,0.85067,0.3179649154512122,352.699,298.2887,85.6893
1687242654301,1.5689797017966267,1.02958,0.4242194916372439,17.182,268.73424,0.557774,1.3216396364660683,0.844822,0.5403509376392854,344.078,248.7090000000001,274.181,1.3091185761061126,0.850784,0.3181132890783983,352.426,298.3977,85.7894
1687242654356,1.5689706498560514,1.0295,0.4241942360958358,17.1407,268.73598,0.624528,1.32176670792131,0.845067,0.5405977530465491,344.043,248.851,274.58,1.3100129394268036,0.850617,0.3190302239400991,352.381,298.8756,85.1352
1687242654412,1.5690501501410343,1.02923,0.4238147763289466,17.343,268.60733,0.579437,1.3216903633720951,0.844755,0.5402187378624137,344.456,248.9590000000001,274.859,1.3101677405338137,0.85038,0.3195632020046277,352.448,298.8275,84.9588
1687242654468,1.5691506725505069,1.02895,0.4233097595221036,17.3848,268.58133,0.640277,1.321400887517014,0.844443,0.5389177052996679,344.745,248.75,274.985,1.3088073274139085,0.848979,0.3208229064871115,352.971,298.6676,84.5137
1687242654524,1.5692729036966335,1.0292,0.4229090977858266,17.2401,268.58256,0.810994,1.321350468741683,0.844785,0.5366870616824367,344.937,248.173,276.651,1.3073938729734669,0.847138,0.3216520593950821,353.94,298.3411,83.5193
1687242654579,1.5694190611651466,1.02979,0.4225218952879035,17.0649,268.5835,0.889176,1.3204933861645651,0.844482,0.5364628241833399,346.668,248.818,279.427,1.3063864229329896,0.844764,0.3201613706194007,353.307,298.2814,81.8695
1687242654634,1.5697944491886573,1.0302,0.4221067741106494,16.9146,268.53206,0.924709,1.3191687272897106,0.843593,0.53806108069131,347.52,248.28099999999995,282.152,1.303332458691121,0.839459,0.3159204258131826,353.184,298.4506,83.6207
1687242654691,1.5699756957343358,1.03036,0.4216910311736324,16.7625,268.49862,1.05197,1.3173598502773602,0.840879,0.5446917066009954,348.203,249.577,283.179,1.3014697828838846,0.834981,0.3111082680646112,353.102,297.56,84.4973
1687242654747,1.5699788993299395,1.03001,0.4216089403277651,16.996,268.55449,1.11233,1.3158708753985866,0.838047,0.55230683981128,349.78,251.956,282.779,1.2992554537496508,0.83186,0.3090505931400218,354.638,296.7252,86.0337
1687242654802,1.569787011377336,1.02936,0.4216922855354598,17.2523,268.62421,1.15824,1.3173867302232891,0.838077,0.5559301108679947,350.246,255.087,283.67,1.298691677703276,0.832476,0.3105548474601198,354.461,296.5849,86.6264
1687242654857,1.5694131128813715,1.02899,0.4220713170839033,17.4444,268.6924,1.20019,1.319714336842342,0.840195,0.5558135243038407,350.341,255.356,283.69,1.2996027210286711,0.834438,0.3136518996552326,354.771,297.1958,85.1295
1687242654913,1.569233764832188,1.02908,0.4229750026361028,17.4882,268.77841,1.04235,1.3238297172950344,0.844406,0.5531019578322972,349.843,256.0450000000001,283.892,1.301706432093514,0.837489,0.3155997982038379,353.241,297.7184,84.9557
1687242654969,1.5693636405386795,1.02972,0.4241405627936508,17.2618,268.93202,0.79789,1.3257006452612294,0.847285,0.5519472992051224,348.467,255.684,284.643,1.3008749229992205,0.837709,0.3146546492282225,356.11,295.8598,84.8903
1687242655025,1.570186822407876,1.03025,0.4254807675467486,17.0495,269.02611,0.756453,1.3264160827326397,0.84877,0.5558427137176618,349.221,258.96399999999994,286.956,1.3013556238030386,0.843133,0.312942003103885,355.599,292.4024,75.2872
1687242655080,1.5710853593497272,1.03084,0.426292833962831,16.8429,269.21143,0.713264,1.325194956871767,0.854142,0.5621230803177822,348.078,267.72375,296.749,1.2999768282519812,0.847559,0.3065776895455831,0.192133,277.9994,58.9687
1687242655136,1.5727003199438068,1.03062,0.4269342129144425,16.8562,269.17288,0.775469,1.3175003660092546,0.861554,0.5591152326722822,344.61,276.3363,310.95,1.2984269795975891,0.855781,0.3056062020734664,357.057,269.21023,44.7391
1687242655192,1.5742658539767895,1.03138,0.4269788430788259,16.6737,269.22965,0.78263,1.3025821349717333,0.865905,0.5505495774894527,347.617,276.9069,323.79,1.292803440904922,0.863202,0.309920122979333,354.93,262.47491,32.0301
1687242655248,1.575321403655186,1.03344,0.4267760565742531,15.7419,268.97959,1.32428,1.298715907934343,0.876882,0.5416378246598822,342.324,275.0063,332.411,1.2866536520565313,0.870705,0.3176504646121595,350.166,263.94808,22.2597
1687242655303,1.576662683910135,1.03627,0.4264794615006521,14.4836,268.31922,1.71692,1.2960408696257697,0.88467,0.5277787587805503,333.772,280.4311,352.108,1.2818335014192506,0.877389,0.324180459533591,342.943,259.75199999999995,9.44799
1687242655359,1.577843185861291,1.03956,0.4262395080815947,12.9436,267.77376,1.69501,1.2952917209869412,0.885423,0.5114282698179247,327.45,275.6178,5.86691,1.2791405590043383,0.878094,0.3358709396520449,332.048,262.25056,350.946
1687242655414,1.579200254124751,1.04184,0.4263768469992726,11.6873,267.57655,1.70854,1.2950354967810094,0.879743,0.499734116485755,320.004,267.65014,20.5552,1.2796206191936597,0.8753,0.3449481037479853,324.465,267.61484,336.715
1687242655470,1.5800941198376115,1.04307,0.4265076523790263,10.8943,267.63979,1.81997,1.2918595947648424,0.87134,0.4927179353311877,310.722,264.86766,38.2871,1.2816402457776634,0.870483,0.3510872760457129,316.757,274.4832,320.915
1687242655526,1.580972336243306,1.04324,0.4267012949228251,10.8072,267.68414,1.78538,1.2933506331871247,0.862005,0.4879820019666567,305.619,248.86,58.718,1.2858646620067888,0.865067,0.3551343219465028,309.148,286.5231,300.525
1687242655582,1.5814257209942983,1.04187,0.4265907448546771,11.2545,267.59232,1.8588,1.29308142021313,0.851675,0.4853048821589841,301.905,227.68100000000004,86.7265,1.2902406513716005,0.859721,0.3576249426500738,303.969,312.0052,266.305
1687242655637,1.5819932614212864,1.04103,0.4263689273086301,11.4855,267.63196,1.74238,1.2881431917936434,0.842262,0.4867860703701771,303.029,206.953,116.832,1.2895281322363352,0.851865,0.3568399898031581,308.562,332.9408,237.65
1687242655693,1.5827066295868597,1.04085,0.4262207512635124,11.5222,267.50149,2.02874,1.286589964297772,0.834813,0.4864268986200784,308.677,191.724,138.171,1.2843527179885783,0.843633,0.354011213075646,315.181,343.5384,220.136
1687242655749,1.5832914489226642,1.04139,0.4261986685900092,11.3871,267.20536,2.10823,1.2862768145192196,0.824393,0.4820582511604872,316.612,176.471,158.165,1.2750450127323163,0.832821,0.3516806403836758,325.441,355.5153,196.643
1687242655805,1.5839755235558035,1.04149,0.4265143528567932,11.4714,267.07287,2.00755,1.27774394592071,0.814561,0.4801246584602082,322.994,172.79700000000005,164.421,1.26709726037781,0.826011,0.3489452712675528,333.879,0.6990000000000123,188.258
1687242655860,1.5839453376935382,1.04143,0.4271013286175528,11.4901,267.02618,1.75347,1.2685487032044418,0.806675,0.4820800277728734,328.439,171.41899999999998,166.833,1.2603794062731186,0.822909,0.3470149014900024,333.339,1.2620000000000005,188.686
1687242655915,1.5829520758335651,1.04219,0.4277426942913482,11.1795,267.01631,1.84199,1.2598985486013676,0.803341,0.4834030437753915,330.47,169.51700000000005,171.036,1.2557075023430604,0.816912,0.3452407810097914,335.605,3.0610000000000355,187.088
1687242655972,1.5820177955974613,1.04262,0.4282096523734346,11.1959,266.85793,1.84184,1.249946248838535,0.801541,0.4853040252378778,332.945,172.524,169.788,1.2522265056978654,0.812899,0.3449419727164948,337.694,3.807000000000016,185.082
1687242656028,1.5810903771633371,1.04365,0.428532309742863,10.7767,266.71771,1.63082,1.245310012763627,0.803308,0.4854526086074858,331.904,173.13200000000006,171.849,1.2495005102722117,0.810078,0.3462410443963164,339.189,3.441000000000031,184.548
1687242656083,1.5806656602063058,1.04453,0.4293844036381644,10.3416,266.75585,1.44502,1.24429283317469,0.806598,0.4835218445815497,330.229,170.69499999999994,175.8,1.2481184269143384,0.81135,0.349627699033549,337.566,4.531999999999982,182.46
1687242656138,1.580966426551127,1.04496,0.4304791630207791,10.139,267.13941,1.41203,1.2427320202085288,0.8089,0.4808561138140744,329.666,171.611,177.823,1.243983768667653,0.812516,0.3519706173575876,336.595,2.505999999999972,181.833
1687242656194,1.5818784745542898,1.04465,0.4318889564240574,10.2147,267.75712,1.30377,1.2442758954665667,0.810805,0.4801568820373237,329.184,169.84300000000007,179.052,1.2456522716413023,0.812756,0.3543941690543588,337.589,3.923999999999978,181.523
1687242656250,1.5828812361948257,1.04466,0.4329910270852536,10.1384,268.31854,1.27539,1.2444777120308523,0.811721,0.4817765332573029,328.125,169.938,179.029,1.2470920487177062,0.815269,0.356767337480801,336.328,4.802000000000021,180.801
1687242656306,1.584339986525706,1.0448,0.4339205580864348,10.0992,268.42728,1.17758,1.2446592765561486,0.809699,0.4879280164583816,330.675,168.894,180.565,1.2508109590404128,0.817496,0.3555383483752083,336.713,7.728999999999985,177.956
1687242656361,1.5857754841852376,1.04464,0.4344078121227227,10.123,268.29403,0.982279,1.246213515693521,0.805917,0.4967986724489981,332.181,168.259,181.242,1.251435479996028,0.817571,0.3513803255919617,335.944,6.831000000000017,179.11
1687242656420,1.5869247337090255,1.04407,0.4347873735999217,10.2682,268.18288,1.31632,1.248887119756554,0.800713,0.5107580126667209,334.908,166.22500000000002,183.892,1.2524038963314248,0.813829,0.3402157747093092,336.996,5.533000000000016,179.14
1687242656473,1.5876321835848013,1.04413,0.4352025687285837,10.3337,267.9178,1.77226,1.252079765745047,0.795814,0.5284826874618239,337.081,166.40499999999997,183.313,1.2564503294777536,0.805566,0.3231067052421438,339.537,4.543999999999983,179.418
1687242656528,1.5879357118609845,1.04406,0.4351195445365823,10.3238,267.60235,1.13729,1.2547228703938655,0.790597,0.5463927518898318,339.18,166.20100000000002,183.378,1.260803464944913,0.795058,0.3025881970387056,344.569,4.191000000000031,180.508
1687242656584,1.588554147541187,1.04359,0.4351216162392727,10.3738,267.28183,1.06508,1.253157598739933,0.784167,0.5602108736380795,341.971,165.74299999999994,183.878,1.2634082923496592,0.785327,0.2854486320663535,348.91,3.3100000000000023,180.693
1687242656639,1.5894731630414916,1.04307,0.4349249335542187,10.5415,267.09895,1.03832,1.250098769339104,0.77758,0.5662078205860375,345.9,165.14300000000003,184.143,1.2623211068590925,0.779318,0.2768258447728444,351.532,1.7110000000000127,181.513
1687242656695,1.5903458170090343,1.04314,0.4347556464742861,10.3101,267.04779,1.06014,1.2477044858530395,0.774533,0.5629881434922345,348.163,163.043,183.657,1.261681204870842,0.779696,0.2795622998602583,351.749,3.0529999999999973,181.077
1687242656752,1.5908613158993028,1.04396,0.4344189466909007,9.75206,267.10351,0.924339,1.246659389687463,0.77518,0.5491971482415393,347.856,161.29399999999998,184.016,1.2596905839914532,0.783951,0.2919803908779849,348.863,4.608000000000004,179.568
1687242656807,1.5909295238254542,1.04491,0.4341075602126937,9.26791,267.26246,0.995929,1.246195069663119,0.778646,0.5298952811837909,345.752,159.14,183.477,1.258952098534613,0.788671,0.3100587044287571,347.324,7.740000000000009,178.062
1687242656863,1.5905300758193706,1.0457,0.4338822741935184,9.05868,267.32203,1.01063,1.245386277800386,0.781414,0.50996708182402,346.692,156.25099999999998,184.543,1.2597234470417635,0.793325,0.3301647029874091,349.001,11.15300000000002,177.681
1687242656918,1.5895419802215445,1.04617,0.433601731113838,8.99501,267.30236,0.646137,1.243986775631864,0.785227,0.4920183797071452,347.242,155.23900000000003,184.07,1.260991500905522,0.80019,0.351461849743691,346.745,12.161,180.378
1687242656974,1.5879237067086824,1.04621,0.4337548470423668,8.90955,267.33076,0.775987,1.240098563254232,0.792869,0.4785206376827757,344.931,155.30500000000006,183.407,1.264260023578175,0.80772,0.3687850003318015,345.156,16.769000000000005,180.122
1687242657030,1.586447794881103,1.04583,0.4340093237155827,9.17906,267.53761,0.758552,1.2350364199921071,0.800311,0.4733045618173644,344.151,157.5,181.5,1.2622817274680342,0.812049,0.3778334186229175,345.236,14.526999999999989,184.095
1687242657086,1.5850658442297696,1.0454,0.4343142835281469,9.52964,267.81473,1.01645,1.2349093147687216,0.814545,0.4756436258656941,340.264,156.23000000000002,179.643,1.2615497021204107,0.81824,0.3772857839541496,345.741,14.346000000000004,188.309
1687242657141,1.5839100651986109,1.04535,0.4348885489883078,9.8032,267.81191,1.08728,1.2344079644816215,0.835293,0.4836928531509448,332.037,157.13599999999997,178.85,1.2630218019263075,0.831476,0.3743503353424587,341.925,13.853999999999983,190.864
1687242657196,1.5832303308189957,1.04523,0.4355479724764921,10.0306,267.6293,1.04481,1.2398235169873253,0.864781,0.4957673933719209,315.771,159.68900000000008,173.984,1.2698517018938107,0.856055,0.3693394077762391,326.927,13.99200000000002,194.886
1687242657253,1.5828976608737806,1.04542,0.4365322381540155,9.85743,267.74924,0.724908,1.248201644932692,0.898728,0.5115357975121966,291.597,173.36,152.97,1.276862997609666,0.885154,0.3615317912619097,306.344,12.656999999999982,200.339
1687242657308,1.5832832751252095,1.04523,0.4376652422440323,9.72729,267.91528,0.808908,1.2525013639757947,0.930163,0.5321902230222508,287.667,277.9451,37.9429,1.2756172280027016,0.918283,0.3484642401762485,284.262,317.0868,263.483
1687242657364,1.5843612320432623,1.04452,0.4386973271878342,9.66639,268.07286,0.85991,1.2473546914152531,0.952168,0.5582514411740289,326.803,287.6322,358.609,1.2709186874057212,0.944836,0.3236390974643017,305.95,247.174,351.664
1687242657419,1.5860426812014037,1.04356,0.4397091191635808,9.71163,268.35489,0.718851,1.2396413633771828,0.955286,0.5812585657352842,354.547,271.9929,326.796,1.2606413399180183,0.956333,0.2983823480262405,335.267,250.67100000000005,19.274
1687242657475,1.588343093110434,1.04313,0.4407931300607546,9.76774,268.64804,0.564706,1.2287142588725937,0.944914,0.5849735326457415,7.27356,248.4300000000001,298.714,1.2459662843928214,0.95181,0.2842682261515936,356.663,275.4654,50.0222
1687242657531,1.5905349360869767,1.04405,0.4418478836768096,9.44841,268.97693,0.315396,1.233450775366579,0.946205,0.5812098411729713,4.00023,244.53500000000008,297.81,1.2459446670637937,0.949612,0.2845290346082926,351.475,292.2673,67.075
1687242657587,1.5911873067097682,1.04648,0.4427516671483439,8.16352,269.36006,0.319183,1.2433615077810471,0.949158,0.5769531531401435,359.504,255.153,311.694,1.255999034502658,0.951691,0.289391630956367,346.452,286.2976,53.5363
1687242657642,1.5913682345896216,1.04771,0.4434917890598502,7.16246,269.7157,0.22625,1.248311237480884,0.946921,0.5651330913848669,359.004,241.03500000000008,300.798,1.2617760588720284,0.946262,0.2952986414731764,343.876,290.9902,59.3139
1687242657698,1.5908303430998705,1.04851,0.4438259112497048,6.68406,270.0162,0.082282,1.2574418998586847,0.951077,0.5575087839053239,353.856,243.802,306.551,1.2665295669984595,0.94287,0.3006526184372615,343.805,291.5084,60.2876
1687242657754,1.5899313292428086,1.04886,0.4438861238971403,6.72161,270.2097,0.119498,1.2604567372505793,0.951274,0.5488416314028907,353.707,238.8050000000001,306.43,1.2665407216635858,0.938064,0.3075401931608812,345.007,296.0263,62.1403
1687242657810,1.588745736342854,1.04797,0.4432761611458372,7.34347,270.2708,0.100461,1.26422235420987,0.952703,0.5478545276009008,353.297,239.874,305.764,1.2691661806417638,0.936316,0.3110958172472977,345.343,296.4037,63.0864
1687242657865,1.587706405551664,1.04714,0.4426809405090273,7.76439,270.1376,0.365581,1.267866171669455,0.952869,0.5470398937437462,352.031,238.88799999999992,303.57,1.273564863954305,0.937713,0.313319523686101,342.889,299.7211,66.0604
1687242657921,1.58699322039071,1.04655,0.441946986799455,7.89472,269.95593,0.354276,1.2711786833744751,0.953574,0.5469639516335281,350.473,239.255,304.584,1.2768562585903287,0.938198,0.317054714305059,342.652,299.8417,63.7124
1687242657976,1.5866664254730134,1.04609,0.4413252133212753,8.18812,269.7623,0.526937,1.2712900910505622,0.952593,0.5474608463202666,349.576,239.826,306.254,1.2764173792167577,0.937045,0.3180809952146806,343.607,299.4688,62.6782
1687242658033,1.5868295270064368,1.04614,0.4406800948055009,8.20242,269.42088,0.712581,1.2688418170959577,0.950469,0.5508877706910698,350.899,239.953,302.545,1.2758167723380085,0.936748,0.314760962162556,343.013,300.2983,67.1591
1687242658088,1.58729659048122,1.04645,0.4401084347256253,7.9267,269.03509,0.605457,1.2680945601274185,0.950741,0.5510311897378148,350.641,239.761,303.529,1.276479209027709,0.93761,0.3152310345422365,342.944,300.5094,65.9676
1687242658144,1.5880176240838553,1.04668,0.4397797270891595,7.73028,268.81459,0.756848,1.2641124067603826,0.949009,0.5503554297497965,351.177,240.10400000000004,303.515,1.2773971086020053,0.939175,0.3189341853117173,342.624,301.8831,64.7244
1687242658199,1.5885906359772275,1.04715,0.4396253542905403,7.55431,268.75953,0.75661,1.2613922523431054,0.947828,0.5490472050190385,352.748,239.548,301.237,1.2757390565258502,0.940244,0.3237937959959962,344.633,302.3995,62.3834
1687242658254,1.58906279194264,1.0475,0.4397233521207495,7.40875,268.82028,0.676451,1.2625170233971228,0.948353,0.5455361790897629,352.957,239.36300000000008,303.637,1.2727884298871464,0.9409,0.3291540595043483,349.439,302.1099,58.5539
1687242658311,1.5893981504974748,1.04777,0.4397799970869792,7.32403,268.79909,0.780148,1.2645330286379453,0.948603,0.5420614660269366,352.794,237.894,305.485,1.2713300813973598,0.941698,0.3343956515070072,351.555,302.4063,54.8608
1687242658366,1.58958876537547,1.04795,0.439980868704404,7.23739,268.8445,0.732258,1.2662771933570192,0.94858,0.5399614328289281,352.654,238.53099999999995,307.604,1.2682093289867948,0.940736,0.3379565363804554,357.678,302.131,51.8991
1687242658422,1.5897717042300104,1.04798,0.440119887714253,7.22729,268.8474,0.77143,1.2673264533573856,0.94799,0.5383125852157051,353.076,238.019,307.957,1.2664463547190803,0.942301,0.3370189551459068,357.206,300.20640000000003,51.7196
1687242658477,1.5899714735374668,1.04771,0.4402250753266339,7.35965,268.70792,0.79602,1.2691456082630015,0.947085,0.5360176123554358,353.198,237.543,309.013,1.2649522170997594,0.942029,0.3385936236235645,358.532,301.5685,51.7409
1687242658533,1.5900268881221633,1.04762,0.4404763148613472,7.39077,268.77309,0.806741,1.2699091742778008,0.945964,0.5344341478180863,353.075,237.399,310.689,1.265526306676636,0.942505,0.338977342788738,358.192,300.7164,50.817
1687242658589,1.5900304154230802,1.04746,0.4406221631336998,7.37284,268.71885,0.840204,1.2693392643714951,0.944473,0.5335314703016417,353.307,237.20800000000008,309.719,1.267222927920345,0.942599,0.3413162918680031,357.277,302.9982,51.4996
1687242658645,1.5898723157350978,1.04738,0.4407828201520957,7.38054,268.79482,0.73877,1.269294280419516,0.943301,0.5324735873005191,353.648,237.052,309.661,1.2676373230635587,0.941512,0.3426344770239205,357.836,302.3686,50.1695
1687242658700,1.589772027219441,1.04753,0.4408459645392363,7.3894,268.90031,0.74592,1.2700606734329232,0.942264,0.5299757218619895,354.311,236.54500000000007,310.948,1.2667827806514258,0.941318,0.3418487503374284,357.771,301.632,50.5563
1687242658756,1.5896953033136945,1.04743,0.4407627980875447,7.35251,268.86406,0.702427,1.2703870581733776,0.942667,0.5296738112772156,353.869,237.423,311.407,1.2664952922030128,0.940732,0.3432545862994201,357.77,302.7453,50.6782
1687242658812,1.5895411973213085,1.04754,0.440724587355927,7.3034,268.90335,0.70279,1.2707378509916605,0.943459,0.529101023883289,354.082,236.909,310.758,1.2668011418404164,0.940754,0.3436219780376234,357.888,302.258,50.1826
1687242658868,1.5894455733695223,1.04768,0.4407889197851116,7.30524,269.03311,0.603626,1.2715509891016263,0.944461,0.5282442068584108,354.0,237.443,311.263,1.2672111736137377,0.941854,0.3438073962267718,357.145,302.5299,50.7914
1687242658923,1.589516867245592,1.04765,0.440578086810141,7.33941,269.06436,0.685959,1.2739089563868893,0.944937,0.5252603318138371,354.168,235.73,311.262,1.2677671930928884,0.943431,0.3444663591231512,356.863,302.2724,51.0945
1687242658979,1.5896440246028256,1.04771,0.4402479621176362,7.33844,268.93559,0.750671,1.2767636940363185,0.94549,0.5233520608810471,353.251,235.87200000000007,312.51,1.2693471123454525,0.945287,0.3470179739854252,356.928,302.93,49.6991
1687242659034,1.58990909113778,1.04781,0.439914301382087,7.32898,268.73431,0.810264,1.277684873188312,0.945946,0.5225274949528568,353.539,235.658,312.129,1.2698293407876675,0.945861,0.3482048432872099,357.234,302.5468,49.9216
1687242659091,1.5903533815598896,1.04771,0.4398276857176744,7.34391,268.72048,0.825451,1.2788525756712796,0.945979,0.5203105845100848,353.839,235.038,313.717,1.2709634784735724,0.947518,0.3503476380975943,357.332,302.2798,48.193
1687242659147,1.5908678968150216,1.04762,0.4398985265860796,7.36087,268.77543000000003,0.859252,1.2785136762408396,0.94459,0.5205970878714046,354.253,236.98399999999992,315.11,1.270971832284863,0.946851,0.3505594059512381,357.916,302.1235,47.8458
1687242659202,1.5912823146388453,1.04798,0.4400153035910817,7.28219,268.81019,0.793634,1.2757468874768327,0.941472,0.5217704662994342,355.137,237.78700000000003,315.909,1.2725752143613045,0.946451,0.3506283781698971,357.901,302.9848,48.5243
1687242659257,1.5917520951235522,1.0479,0.4401768747450315,7.35935,268.86372,0.708878,1.2731833267985213,0.938386,0.5267956525296763,356.116,238.98,315.902,1.2746607330847013,0.943567,0.3496445785691847,357.032,303.8959,43.9245
1687242659313,1.5920687018816482,1.04839,0.4406260773282029,7.26101,268.91066,0.846275,1.2719073564213788,0.932839,0.5348382679995751,357.001,241.654,319.179,1.2729634638756395,0.933046,0.3395752755251816,357.973,301.8932,44.2243
1687242659369,1.5922401509682815,1.04914,0.4411585079674345,6.94937,268.96991,0.804787,1.27042670308239,0.921868,0.5477157937980249,358.111,242.789,319.68,1.2697061414251771,0.916559,0.3216472808951702,0.554128,299.4175,46.1605
1687242659424,1.5923767833138032,1.05014,0.4413914122648557,6.54171,269.05098,0.646039,1.2691254243551426,0.904332,0.5649547272532597,0.0197728,248.84400000000005,323.628,1.2698983838188027,0.894118,0.2994856789054202,2.2544,295.3985,47.4439
1687242659480,1.5925601526467534,1.05113,0.4415101377218285,6.22593,269.09425,0.943938,1.2723118603468646,0.879954,0.5801001388908038,2.35928,252.822,323.112,1.2781256786019168,0.865943,0.28356668841633,3.46103,293.9389,51.2664
1687242659535,1.5927620459080265,1.05185,0.4408770988356197,5.55483,269.01066,0.795924,1.2808714779382284,0.853476,0.5875486606696279,2.66311,256.823,328.391,1.2904579568792205,0.834556,0.2740536415074186,4.77408,292.4961,53.2662
1687242659592,1.5931882284099048,1.0521,0.4401952153074475,5.14435,269.08669,0.86103,1.28991300582919,0.825002,0.5912793835750401,3.37986,260.460853,328.759,1.3052948695386095,0.803213,0.2710676809019103,5.34797,289.7062,58.7018
1687242659647,1.594432032164681,1.05169,0.4397425322906412,4.95396,269.30853,0.78548,1.2983361751970115,0.796207,0.5906332351393159,6.1313,258.521,321.987,1.3217511159800257,0.776504,0.2768308333430136,5.69645,289.9852,62.8187
1687242659703,1.596703819635244,1.05122,0.4392566422839606,4.82433,269.19932,0.843113,1.3100670107182766,0.769423,0.5850667052531993,6.84464,262.60909,325.867,1.3352055483331735,0.757256,0.2845301407829432,5.84931,288.8906,60.651
1687242659758,1.5993590109114015,1.05054,0.4389977685365126,4.43363,268.92773,0.983887,1.319735913499187,0.746497,0.5776378313134086,9.59738,261.94882,325.165,1.3436392841803295,0.740817,0.2919554507872728,6.24427,290.1077,66.8225
1687242659814,1.6020351733529654,1.04915,0.4392540020301528,4.10126,268.82012,1.0288,1.322507374245038,0.738146,0.5700802741462939,11.8504,258.548,323.426,1.3411853916716738,0.740256,0.2970497303787325,7.52349,290.8613,64.5381
1687242659870,1.6054786768709144,1.04717,0.4399347522665628,4.74485,268.76382,0.971935,1.3212952404752942,0.755555,0.5685525802226801,8.81734,261.1301,328.249,1.3317126213357793,0.758178,0.2984770858086781,9.06152,288.1765,57.1777
1687242659926,1.6089440256568757,1.04561,0.4408100718393686,5.62557,268.76016,0.864202,1.3206357184923574,0.790767,0.5680890128014531,3.75769,260.900708,326.366,1.3250809590433454,0.792791,0.298793313952764,4.2077,289.0404,57.1239
1687242659981,1.6118059166756904,1.0452,0.4414832003338093,5.96838,268.87676,0.707008,1.323278623823678,0.832658,0.5637713535502293,356.262,259.5899999999999,327.168,1.320475382519822,0.83375,0.3042100564725788,359.355,289.5143,54.625
1687242660037,1.613472037370222,1.04481,0.4419749499376251,6.66824,268.92532,0.626266,1.3228994484866836,0.870462,0.5568747353163545,350.766,261.10837,330.808,1.3162048359803844,0.872153,0.3137504234599906,355.096,292.2165,52.9609
1687242660095,1.6138347497390289,1.0454,0.4424350644528436,6.77515,268.92171,0.651666,1.316194512945877,0.899445,0.5505808167123664,349.703,260.415763,329.741,1.3099154713868304,0.903866,0.3239135880665169,354.122,290.4491,48.5678
1687242660150,1.6112755044082854,1.04664,0.4431322479488241,6.76415,268.95767,0.702066,1.3105476146656123,0.923779,0.5407742594769068,348.871,260.914375,330.385,1.3013828684169648,0.925709,0.3359492661034469,353.34,291.9464,45.4939
1687242660204,1.608260321575039,1.04792,0.4437580848127084,6.84333,268.95661,0.674183,1.3049982291825666,0.942466,0.5311057321453758,346.24,262.92303,335.168,1.295243664173322,0.939554,0.3448519563431912,355.176,290.8473,43.9821
1687242660260,1.6051066429263856,1.04822,0.4444927149448346,7.02378,269.03737,0.565955,1.2978472140426156,0.952183,0.5216807852771863,346.89,262.86398,335.18,1.2924785513812929,0.949192,0.3524023063276196,354.096,291.0939,40.9946
1687242660315,1.6016156749971546,1.04862,0.4449587853828378,7.34638,269.20701,0.423553,1.2953800384187246,0.958452,0.5154192377495477,343.898,266.97513,338.832,1.2915529775964594,0.955601,0.3529926507853974,352.72,286.424,38.2127
1687242660372,1.5983084970979642,1.04874,0.4447626096167313,7.75417,269.2704,0.23793,1.2940377435901218,0.962505,0.5139213951032375,344.889,265.14928,335.442,1.2866951378057443,0.955277,0.3496585431719952,355.302,285.8137,43.2964
1687242660428,1.595460003035272,1.04858,0.444125799233016,8.06634,269.19961,0.275703,1.2909495495767644,0.963294,0.5191231623736816,348.9,256.503,325.269,1.284893868693806,0.954871,0.3473602396788993,355.004,284.37760000000003,42.7644
1687242660483,1.593112079612073,1.0478,0.4435093412269908,8.41928,269.09356,0.484714,1.2895005613206365,0.962958,0.5281009408312737,349.297,256.692,319.746,1.285192818201285,0.954853,0.3441444973645995,353.196,279.8088,37.3479
1687242660538,1.5916238895128247,1.0468,0.4426799697113238,8.96201,268.97001,0.508949,1.2883179240858311,0.961528,0.5345546239789695,350.054,254.70399999999995,318.559,1.286309970986205,0.954635,0.3423755140788825,352.594,279.4788,35.3643
1687242660594,1.591333788233401,1.04536,0.4422330545066408,9.66706,268.78062,0.650654,1.288535312602634,0.960679,0.5381763959531227,350.787,251.81400000000008,317.979,1.2901223529120682,0.957228,0.3413420262505319,350.36,276.1576,30.4226
1687242660654,1.5918024318267214,1.0442,0.441614425244045,10.1891,268.68715,0.867813,1.288634387070045,0.960275,0.5391290733643734,353.199,248.857,317.61,1.2912751734433363,0.958156,0.3443233037389061,352.373,281.0429,29.1153
1687242660709,1.5930747056911694,1.04338,0.440833275867842,10.4929,268.42514,1.2601,1.2878842963557484,0.960107,0.5372269235489472,357.129,246.01299999999992,319.017,1.2882699093557646,0.957882,0.3478166163750654,358.669,286.3368,30.9869
1687242660762,1.5947457115968469,1.04281,0.4402901111050014,10.8429,268.10367,1.62305,1.2851402365798243,0.957419,0.5318964405552443,2.76073,242.523,322.742,1.2843860980699169,0.95781,0.3532748220313156,3.90731,288.5758,26.3255
1687242660816,1.5963116253361682,1.04313,0.4396795432749411,10.7253,267.86858,1.96143,1.2801715424682212,0.95405,0.5285863481357912,7.73491,243.46900000000005,327.026,1.2779687297194973,0.957434,0.3552493553090895,9.92096,289.0239,22.3939
1687242660873,1.5979735874213823,1.04434,0.4392942058206102,10.0955,267.50609,2.16549,1.2746899743150395,0.950413,0.5229559453454018,9.50013,246.04600000000005,330.76,1.2734603753361171,0.95433,0.3603393157218881,15.2495,293.3447,24.8921
1687242660928,1.598841148807536,1.04625,0.4387000090908522,8.9518,267.13071,2.26612,1.2703216988312138,0.945296,0.5100097200153141,13.4958,246.659,338.004,1.2719790036649044,0.950825,0.3679343640812949,16.3883,294.9449,18.4251
1687242660984,1.5992834991739286,1.04835,0.438043336087408,7.62959,266.86864,2.12942,1.2677564734896092,0.940166,0.4960116105734362,15.1673,246.31400000000008,342.308,1.2680571130244038,0.944496,0.3737870503742679,18.581,294.3681,14.4499
1687242661039,1.5993408435289482,1.05044,0.4376012170485199,6.48744,266.64447,2.18301,1.2671372344182237,0.936746,0.4815273321011591,15.041,248.424,350.843,1.2659058208816174,0.938348,0.379618434237982,19.1817,291.762,9.3895
1687242661095,1.5987633520159843,1.05262,0.437106643008709,5.30943,266.60846,2.00119,1.2656282458710526,0.933324,0.4706378634931642,15.8057,249.70000000000005,354.673,1.2666909601886611,0.93196,0.3868963034342393,19.9726,292.6415,7.41509
1687242661151,1.5979054206382042,1.05346,0.4368106276499518,4.60943,266.77487,1.85931,1.2587249444463962,0.934082,0.478391614684061,17.2144,249.01299999999992,347.738,1.265474367464719,0.93112,0.3737035934157243,20.0672,291.804,13.7049
1687242661207,1.5971518427015376,1.05346,0.4364687259595942,4.85502,267.00433,1.84223,1.2587933265557698,0.932095,0.4792476948947408,15.8323,252.773,351.949,1.264610151080956,0.923814,0.371129923994055,21.434,290.9911,11.876
1687242661263,1.5963107838159585,1.05351,0.436336742491355,4.72463,267.26467,1.93377,1.2617555738790966,0.92979,0.4780484647435836,15.1739,249.554,352.747,1.267384771718851,0.921321,0.3720774265036904,21.0271,293.1603,12.6131
1687242661318,1.5954647192521747,1.05376,0.4359296604304518,4.40587,267.31458,1.93407,1.262982567744787,0.927995,0.479877720497588,15.6644,248.481,351.799,1.269056848641924,0.92021,0.3740833541627368,20.9928,295.7694,12.4446
1687242661374,1.5954334455031418,1.05345,0.4357056363720977,4.46899,267.35166,2.22588,1.2623546368945051,0.92702,0.4810144509393657,14.9159,251.59500000000003,355.017,1.2672320763535083,0.919181,0.3760992111778622,20.87,293.8018,10.6628
1687242661430,1.5957365928212743,1.05394,0.4357197924135339,4.23887,267.29192,2.32554,1.2603762754843664,0.926774,0.4810507637590541,14.2133,254.224,357.914,1.2640649743080763,0.917454,0.3795774316638894,20.8234,290.4403,4.82079
1687242661486,1.5959220555935143,1.05451,0.435941820795983,4.04151,267.19035,2.44933,1.2586527304665756,0.927922,0.4824234271488364,14.5062,255.648,359.207,1.2629893616512002,0.916768,0.3795386848347492,22.1443,289.9404,4.17359
1687242661541,1.5959500780887184,1.05479,0.4360305244591686,3.95471,266.90849,2.66327,1.2573977207045317,0.928797,0.4855731483328739,14.13,256.196,359.31,1.2644455922601847,0.91597,0.3801657735123352,21.5787,288.9349,359.795
1687242661596,1.5959072322816354,1.0548,0.436016673942376,3.94448,266.75362,2.22598,1.257651554949172,0.928702,0.488550559756619,13.5468,257.688,0.558407,1.2667289762577336,0.916236,0.3797701790130838,21.278,289.7104,358.871
1687242661652,1.595424477275061,1.05475,0.4362148958514254,4.07899,266.8748,2.02599,1.260055051328183,0.926681,0.4901228085143164,13.1679,258.1669999999999,1.44752,1.2705644832587684,0.916173,0.3798724718726295,20.7623,290.0213,356.706
1687242661708,1.5944244265756304,1.05398,0.4364887696279512,4.44766,267.00232,1.99106,1.2628534375456493,0.92378,0.4908030780034855,13.8876,256.67499999999995,1.28263,1.2731732106522655,0.916075,0.377712386073566,20.8349,292.1318,357.513
1687242661764,1.5933165200490609,1.05247,0.4368623695001197,4.94869,267.17757,1.71585,1.264841570896478,0.921049,0.4905961703445576,14.4541,255.69100000000003,1.21739,1.2716458934423964,0.91425,0.3745169239738945,21.3857,291.73,357.716
1687242661819,1.592602295414842,1.05178,0.4370459243038569,5.45948,267.38882,1.82956,1.2654712349323864,0.918027,0.4896338911741068,15.2138,255.765,2.16917,1.269921319922056,0.911896,0.3717491055436247,22.7778,292.8777,359.519
1687242661875,1.5919372417020448,1.05167,0.4369598309876553,5.58646,267.33007,1.78267,1.264385019668271,0.915003,0.4904730201272499,16.5814,255.158,0.627824,1.267485879498915,0.908877,0.3692868891527828,23.7967,293.6658,0.0436515
1687242661931,1.5913444309375355,1.05255,0.4366103003225022,5.03148,267.12832,1.84335,1.2622043735416075,0.911276,0.4909770116651418,17.0956,255.9,2.05633,1.2644602186534857,0.905925,0.3662905678067928,25.3884,294.4659,2.42994
1687242661986,1.5911274234956023,1.05278,0.436564867143595,4.79788,267.19277,1.90816,1.2593047024292117,0.906102,0.4921899157998275,18.666,255.91000000000008,1.72733,1.262842448549903,0.903392,0.3640687911974203,25.6875,294.4186,1.85766
1687242662042,1.590589019647578,1.05278,0.4366433262669166,4.81596,267.44778,2.01622,1.2571485810246656,0.901927,0.4940924124460421,19.7754,255.81500000000003,0.230549,1.2614234893926497,0.901046,0.3621419179919274,26.735,296.0512,4.17653
1687242662098,1.5897491609811143,1.05179,0.4367147311404625,5.28215,267.58383,1.87844,1.2566970835866893,0.897639,0.4932380307611373,20.4709,256.174,1.74674,1.2600617766881042,0.898678,0.3610997258214141,27.1489,295.2734,2.50333
1687242662154,1.5895021838204302,1.05013,0.4371819115263952,6.39059,267.72359,1.91421,1.2562566112956677,0.894055,0.4921022890823908,21.5448,255.46499999999992,1.92987,1.256062074625598,0.895014,0.358911033695695,28.6753,293.7858,1.82227
1687242662209,1.5893459266629115,1.04938,0.4375284931087452,6.79202,267.78677,1.8811,1.2546548109378146,0.891628,0.4911202195260035,21.7993,256.5609999999999,3.28484,1.2523704293083304,0.890729,0.3577970624880348,29.5273,292.7872,1.23404
1687242662265,1.5894000407747746,1.04935,0.4376966952948108,6.89288,267.5683,1.74646,1.252831294818583,0.890557,0.4895527559816424,22.2765,256.034,2.82909,1.2504140883562116,0.886244,0.3578467015760902,30.3033,292.4365,359.372
1687242662321,1.5889515194624984,1.04921,0.4379927379392627,7.14491,267.47244,1.40831,1.2500690748864294,0.890381,0.4885925132798142,22.8204,256.116,2.77474,1.2503394032521773,0.883485,0.3586100293073009,31.1365,294.2696,0.448322
1687242662376,1.587805555524243,1.04865,0.4386230593888566,7.48419,267.64461,1.30521,1.2472826019111312,0.889655,0.4881844478954288,23.2306,256.486,3.2246,1.2491056374486336,0.882275,0.3589844768229901,31.4349,294.1073,1.53573
1687242662432,1.5861284421011648,1.04816,0.4391029625058824,7.68475,267.81198,0.93491,1.2436124986622734,0.88893,0.4886816954622647,23.5258,257.31600000000003,3.18543,1.2479257076444503,0.883659,0.3607121311134084,30.5123,295.4101,3.74757
1687242662489,1.5845018248724614,1.04777,0.4394537019079814,7.80609,268.06056,1.43516,1.2418312032474506,0.886095,0.4903761188583291,23.775,257.221,2.37748,1.2483601726778608,0.882691,0.3633446693457506,30.6351,296.1354,4.72842
1687242662544,1.5823436528413315,1.04663,0.439089658632326,8.18158,267.95687,1.35583,1.2415769860378407,0.884029,0.4943401977690394,23.8703,256.3109999999999,0.137945,1.250451395499344,0.882626,0.365467050110578,30.4225,299.1786,7.70827
1687242662599,1.5797295638204705,1.04512,0.4392881930210636,8.54047,267.98796,1.51696,1.240983743756963,0.883335,0.4972727341449739,22.8277,255.89200000000005,359.279,1.25121866775843,0.884364,0.3683256135418205,28.8044,303.0934,10.7671
1687242662655,1.5767577403229451,1.04478,0.4396387571430976,9.32328,268.21293000000003,1.38005,1.2406157623281788,0.88153,0.5012888486438484,23.0757,256.94499999999994,357.952,1.251475058835033,0.885339,0.3686567663401455,27.9914,305.6793,14.6216
1687242662711,1.5747346700911051,1.04263,0.4398439723643736,10.6544,268.23629,1.18809,1.2424639149279155,0.880501,0.5042253896308068,23.1126,256.326,357.827,1.2526115546851553,0.886677,0.3676418986528804,27.4886,304.6972,14.5772
1687242662767,1.572536516545817,1.04037,0.4398218509327493,10.9585,268.30683,1.1855,1.2444952146252466,0.882028,0.5049196687818853,21.7062,256.0899999999999,359.065,1.2543008599195358,0.890187,0.3684444357704609,26.1663,307.5145,15.4696
1687242662822,1.5694156143563036,1.03976,0.440299187774053,11.4726,268.61481,1.69459,1.2463980598086482,0.884184,0.5079145940243589,19.9765,258.029,1.32548,1.2542132436492297,0.893845,0.3674498107762155,25.2187,307.8167,16.0481
1687242662877,1.5665516219563664,1.03926,0.4405887498109346,12.5409,268.5281,1.77805,1.251614276561835,0.885829,0.511600375865946,18.3303,258.1669999999999,0.766222,1.2575050073599376,0.896175,0.364018997787598,24.9068,306.4749,14.8053
1687242662933,1.567255379461111,1.03654,0.440881492031268,13.6147,268.40724,1.18869,1.2572811795159984,0.888024,0.5144750967059746,16.4142,259.126,1.06874,1.262060535888192,0.898272,0.3600320868796066,23.9792,306.8588,17.0367
1687242662989,1.5661527361625076,1.0364,0.4413830329655976,12.8544,268.40437,0.822447,1.2620944631622182,0.892268,0.5153725489559764,11.7673,262.98842,6.04999,1.2660447826660035,0.899369,0.3585191593025232,23.5422,306.6691,12.8422
1687242663045,1.5655835821215345,1.0366,0.4421691472458775,13.1544,268.61819,0.690405,1.268488759796559,0.898021,0.5160684796652125,3.5115,269.46575,12.7905,1.267612209883133,0.899467,0.3559356915014849,20.7234,298.1534,4.3981
1687242663100,1.5650734369356245,1.03676,0.4428382872035044,13.6042,268.92298,0.0689657,1.2775547458672394,0.90239,0.5115694208118268,353.339,272.2375,19.0532,1.274494936619559,0.902451,0.355554675974655,11.236,284.7541,347.415
1687242663156,1.569188132044712,1.03517,0.4431418685943226,14.3821,269.05965,359.794,1.2834615707302648,0.904784,0.5047505360028901,341.464,274.5066,28.5104,1.2856710192534335,0.90901,0.3579659144885316,3.61396,281.9683,347.722
1687242663212,1.5714993480053168,1.03657,0.442839513582052,13.2708,269.34856,359.847,1.2884829045153814,0.909222,0.5000338240105755,332.786,274.6939,31.9359,1.2911293046997452,0.914666,0.3578889668011984,353.779,274.857,346.095
1687242663269,1.5736284033976224,1.03771,0.4424564962775878,12.5176,269.50778,359.964,1.2934867763046254,0.916088,0.4988771649783586,328.507,275.132,28.8186,1.298816633772281,0.915903,0.3611222787596314,346.892,271.3377,346.808
1687242663323,1.575466847999445,1.03904,0.4417141072753529,11.7676,269.29062,0.0438982,1.2979071923888736,0.918593,0.4960538699809986,325.35,271.482,32.0091,1.3034339926613023,0.915593,0.3648124365042239,346.998,274.2544,349.333
1687242663378,1.5777497228703188,1.03957,0.4411958589804242,11.1365,268.83682,359.936,1.2992147701461283,0.92136,0.4965910900557663,328.518,270.6896,28.8596,1.3035798789313842,0.914335,0.3663461702510658,351.226,276.9836,352.669
1687242663435,1.57901521019477,1.04123,0.4410411684514529,10.5254,268.67519,0.0294877,1.2967537104429812,0.921788,0.4984723115040666,332.562,269.94016,28.3444,1.2997587781998257,0.914463,0.3638817022660267,356.229,278.6649,358.883
1687242663491,1.5797538715303892,1.04271,0.4414619076196571,10.1857,268.73876,0.0834878,1.294593083725346,0.92171,0.4988051796266636,334.289,267.26672,26.8816,1.3020007826655178,0.915402,0.3661682602088342,350.439,277.4696,351.954
1687242663546,1.5798812524308177,1.04343,0.4423899582553608,9.4364,268.83267,0.157565,1.290039060453453,0.919977,0.4972954455311822,336.334,266.8241,24.8546,1.3015270740201772,0.916422,0.365802647080884,350.17,276.0769,351.63
1687242663602,1.579426457042402,1.04489,0.4429859105189322,9.24623,268.78662,359.892,1.2862667531847984,0.916351,0.492129813693657,331.894,266.49526,30.2962,1.3039964711391332,0.918283,0.3655960141723443,345.884,273.6808,351.183
1687242663657,1.5790148911217012,1.04532,0.4431299564278384,9.03065,268.29161,359.431,1.285351817642871,0.91482,0.4896191948627472,323.751,266.67548,35.8083,1.308809415050634,0.919608,0.3675895595454796,333.641,271.6369,340.834
1687242663713,1.5781668118660332,1.04591,0.4428477480309064,8.58013,267.7751,359.286,1.2862723350548535,0.912448,0.4897831316012706,314.37,266.3666,43.2695,1.3115716596534346,0.919463,0.3680198554486653,317.607,269.42585,326.443
1687242663769,1.5771373152936885,1.047,0.4426689739471691,7.92128,267.39806,359.01,1.2899185825029431,0.907878,0.4914425054432059,300.415,257.53099999999995,60.6009,1.312993524001455,0.917608,0.3681795862717038,304.132,277.6787,308.223
1687242663825,1.5767900364128,1.0471,0.4426488351487612,7.89804,267.38593,359.105,1.2940221631233415,0.900691,0.4942226209411467,291.997,231.068,92.8602,1.311933642642764,0.918251,0.3651895138870448,299.508,281.2689,301.813
1687242663880,1.57700587430253,1.0464,0.4427809480975323,8.33722,267.40838,359.505,1.2986505547209537,0.896023,0.4987255421995248,289.312,204.713,120.507,1.313541964711419,0.917769,0.3633358345287204,293.734,294.862,287.492
1687242663935,1.577301961843832,1.04549,0.4433085130566706,8.7323,267.63041,359.862,1.3032079506762146,0.889071,0.5015752186911587,294.388,175.11799999999994,151.834,1.3157603410194438,0.911904,0.3634240923668641,291.366,329.79,247.414
1687242663992,1.5775722237327745,1.04526,0.4440948385929381,8.8792,267.96278,0.0542903,1.3048228624408174,0.878524,0.5039456574675351,305.047,163.25400000000002,166.597,1.3192378543784458,0.901644,0.3627118354413358,298.668,359.0844,214.25
1687242664047,1.5782866811702212,1.04468,0.4453415938385966,9.33461,268.61393,0.01776,1.3042219303919411,0.868298,0.5073997826350172,311.768,161.31500000000003,169.28,1.3235640250817986,0.888416,0.3624558785397824,310.479,9.034999999999968,202.089
1687242664103,1.578382710932021,1.0448,0.4467394152803225,9.36923,269.48431,0.0819943,1.3069101257888205,0.859581,0.5100813214671429,315.699,158.24900000000002,170.274,1.3275334571727029,0.877401,0.3615913287345665,318.983,15.005999999999972,195.019
1687242664158,1.5780832055799376,1.04375,0.4475862723840144,9.61629,270.0641,359.986,1.307283985661709,0.850831,0.5112550734833047,321.496,154.89200000000005,174.736,1.328930369262617,0.869691,0.3611093780596519,323.679,17.043999999999983,194.08
1687242664214,1.5772851035532576,1.04231,0.4478786858389186,10.303,270.2934,359.943,1.306199026186479,0.844309,0.5119603875531415,325.467,154.313,175.987,1.3262282881461027,0.863627,0.3599232465957005,329.837,18.435,191.575
1687242664270,1.5761702551968828,1.0412,0.4481505649074186,10.9402,270.7179,0.217632,1.3034973223727468,0.839286,0.5112788881012966,329.015,155.01599999999996,177.171,1.3195025626989898,0.859829,0.3586249120086013,335.248,17.77199999999999,188.95
1687242664329,1.575283192529464,1.0404,0.4480358858593219,11.4535,270.8823,0.58487,1.2996607607099957,0.836819,0.5103130021826144,331.529,154.28999999999996,181.717,1.3143243180555169,0.857308,0.3585994321666972,337.477,18.720000000000027,185.862
1687242664381,1.5742472102963398,1.0404,0.4477297688268806,11.4479,270.8038,0.697388,1.2956203588882191,0.836787,0.5098351338758772,330.854,154.79899999999998,182.526,1.3082068518654706,0.854123,0.3584585042998968,341.129,17.388000000000034,184.005
1687242664437,1.573056278765809,1.04113,0.4471368377819972,11.3295,270.4716,0.523527,1.2930247662096592,0.836191,0.5103025144991457,330.458,153.92399999999998,184.041,1.304886470151974,0.852831,0.3594256187071296,343.147,17.37900000000002,180.561
1687242664493,1.5720758151372165,1.04139,0.4470635181699685,11.2159,270.4648,0.412645,1.2909909975904377,0.834972,0.5097662065619787,330.604,154.188,184.931,1.3034385023800574,0.853948,0.3603410898052487,341.033,17.536,180.343
1687242664548,1.5716563176598093,1.04132,0.4468517357465973,11.4322,270.3174,0.246297,1.2914798173654187,0.83449,0.5103225411983148,330.897,153.69299999999998,184.553,1.3024572608207612,0.854001,0.3609419270646704,339.754,18.071000000000023,179.413
1687242664604,1.5714290868780798,1.04116,0.4461190971082942,11.7519,270.0392,0.247358,1.2920963605324716,0.834218,0.5112314105636037,331.868,152.25299999999993,185.985,1.3011572097696182,0.854006,0.3614158759167863,338.324,17.687000000000012,179.484
1687242664659,1.5718484908073742,1.04095,0.4451600761531049,11.695,269.62489,0.616004,1.294618553002554,0.83436,0.5132246667297446,332.824,150.37900000000002,187.719,1.3024058284563926,0.852477,0.361291202202485,338.15,18.298,179.309
1687242664715,1.572738869339919,1.04087,0.444655310234204,11.6435,269.51371,0.576417,1.2968836230105243,0.831826,0.5170389393811151,335.685,149.77499999999998,188.494,1.305328618818805,0.850044,0.3601199453999908,338.868,19.994000000000028,179.83
1687242664771,1.5734027736926113,1.04147,0.4442002628225248,11.212,269.35238,0.540676,1.299523881970837,0.82921,0.5215875186782681,338.805,148.563,189.394,1.3069139870957245,0.848918,0.3578320839560791,340.042,20.843000000000018,178.667
1687242664827,1.5748599023032002,1.04151,0.4435345975999067,11.1732,269.09312,0.557024,1.2996677559616876,0.827042,0.5243535239701569,339.421,148.35900000000004,188.733,1.3075126248480675,0.848222,0.3548747071113957,340.512,20.973000000000013,178.956
1687242664883,1.576350727095966,1.04178,0.4435744723961442,11.0367,269.23279,0.648895,1.2964349439617393,0.824492,0.5239429139690739,340.742,149.35000000000002,187.49,1.3051570808355382,0.848091,0.3528807789369029,340.757,19.110000000000014,179.083
1687242664938,1.5776987121846218,1.04281,0.4442983143358395,10.6387,269.64125,0.624246,1.2934095440462987,0.82444,0.5191598939658069,340.86,151.29399999999998,186.189,1.3058803738282572,0.848479,0.351871240286487,341.024,19.90300000000002,178.643
1687242664994,1.5785996992999063,1.04408,0.4454333732011373,10.275,270.3723,0.399887,1.294000891010797,0.829645,0.5117693005682792,336.818,151.90700000000004,183.773,1.3093158654838264,0.850362,0.3516967563487896,338.392,20.196000000000023,181.58
1687242665050,1.578692990547813,1.04523,0.4458562170038162,9.65895,270.6945,0.438194,1.2967675808913195,0.842621,0.5032310154884161,325.799,154.00700000000006,179.232,1.3163083126392103,0.85567,0.3547131072019169,329.79,20.098000000000013,189.128
1687242665106,1.578716026028683,1.04631,0.4458246271522638,9.19527,270.5816,0.223752,1.3042278267527192,0.866614,0.4973288057592156,302.769,166.32299999999998,158.415,1.3262112144431344,0.873371,0.358701317936299,308.245,17.942999999999984,198.729
1687242665161,1.578389310988364,1.04698,0.4453146966913878,8.98977,270.2838,0.239862,1.312369407490729,0.897328,0.5029327123507341,280.635,231.10400000000004,82.6591,1.335178732023358,0.900903,0.3547722191836107,284.746,352.9692,233.508
1687242665216,1.5777021919746237,1.04791,0.4448101139816595,8.42314,270.1544,0.32019,1.3128212564895263,0.922093,0.5179574343941625,310.048,280.9319,9.37331,1.3405990845423243,0.927282,0.3382560355802435,294.122,248.589,354.696
1687242665272,1.5779587103960997,1.04756,0.4447287924817752,8.38239,270.2191,0.385596,1.309431997329708,0.934395,0.536389926693024,338.118,273.117,340.584,1.33887000936283,0.940446,0.3207597773498772,319.099,250.318,17.205
1687242665328,1.5796100711126548,1.04602,0.4451096036380171,8.86111,270.3942,0.369659,1.3054692841814273,0.93399,0.5492694781023102,352.481,250.919,311.503,1.3354750757341154,0.943999,0.3013605352343558,336.823,261.52733,42.2001
1687242665384,1.5813901199862312,1.04506,0.4454954071025943,9.1422,270.5993,0.429764,1.3004167971065943,0.926357,0.5549057505725379,357.229,241.76700000000005,290.294,1.324013418939486,0.938312,0.2915563924603991,346.236,277.9702,63.7665
1687242665439,1.5833909916182085,1.04459,0.4460691309699279,9.20836,270.7156,0.471945,1.304861676178019,0.927446,0.5567810862865936,351.384,240.214,289.828,1.316070019709657,0.930712,0.2905873131676929,340.88,295.0368,80.9162
1687242665495,1.5843629954193614,1.04475,0.4461760317213015,9.05645,270.6825,0.515529,1.3078614949794192,0.926963,0.558403649739518,350.543,243.48,295.755,1.312617245880193,0.925079,0.290122686562162,344.77,286.5975,77.3156
1687242665551,1.5848147209135497,1.04463,0.4460017553809665,9.11776,270.2545,0.444291,1.3086346591857727,0.924878,0.5583551718062529,351.47,240.64100000000008,294.709,1.309065327906442,0.920407,0.2943608903170263,346.458,284.6318,71.8878
1687242665607,1.58407613910707,1.04508,0.4458276164343258,9.22654,269.94611,0.623398,1.3093455324789582,0.924054,0.5610901643402529,352.772,241.12200000000007,296.226,1.3056788301104332,0.915751,0.2998032122449929,347.761,291.2933,73.4876
1687242665663,1.5830406445918588,1.04454,0.4457957302763884,9.71264,269.84605,0.747471,1.3097925548503904,0.92574,0.5647514115320496,351.039,241.23800000000008,296.089,1.305413555707812,0.913945,0.3023212017468206,347.216,289.7557,71.5773
1687242665717,1.581333196577253,1.04405,0.4452124131422165,10.0867,269.33289,0.624461,1.308721013826624,0.926891,0.5669700464354047,349.561,241.10799999999995,294.608,1.3027713365852347,0.911315,0.3085296048038302,348.697,292.7129,71.4252
1687242665774,1.579771876538802,1.04338,0.4453569587351332,10.5079,269.33591,0.838984,1.3066975324853494,0.926328,0.5658455895613922,350.103,241.91200000000003,293.632,1.30326380517427,0.911107,0.3124917144248292,348.776,291.7614,72.0207
1687242665829,1.5784174232307728,1.04282,0.44507867259468,10.7696,269.41539,0.751583,1.3058762988340362,0.924984,0.5630627055735209,350.022,241.158,293.165,1.303904314434197,0.911616,0.3171518353994336,348.44,293.9588,72.0861
1687242665885,1.5775939825915817,1.04212,0.4448127943401561,11.1514,269.28935,0.609106,1.305520358305365,0.923711,0.5603649115969449,350.419,241.12,293.739,1.3051272832219671,0.912378,0.319320650881244,348.083,294.2028,72.093
1687242665940,1.577060390633063,1.04154,0.4447856446034356,11.3502,269.24643,0.515267,1.305811581267736,0.922512,0.5575730675493327,350.09,240.426,292.141,1.3058875634392226,0.913575,0.3203069563518007,347.114,294.0781,72.6316
1687242665996,1.5771997193873304,1.04156,0.4450257160118421,11.2677,269.37924,0.39548,1.3065432506949188,0.922811,0.5561474624675075,348.276,240.801,291.998,1.3066912498064345,0.912798,0.323500329539068,347.561,295.242,72.8674
1687242666052,1.577762001610182,1.04153,0.4453692848782505,11.1714,269.47552,0.31984,1.305852920857374,0.921238,0.5553403257285374,348.545,241.427,290.583,1.3082833372671157,0.911847,0.3242034749845782,347.284,295.3845,73.3709
1687242666108,1.5782532630049777,1.04173,0.4456589623763123,11.0283,269.44795,0.155305,1.3058652606583503,0.920553,0.554515944306311,348.637,240.809,290.645,1.310279165985374,0.911202,0.3250125384971508,347.039,296.2803,73.0525
1687242666164,1.5788825219775209,1.04226,0.4459808827439099,10.8251,269.45576,0.0120732,1.3060440239730466,0.920139,0.5540722454474903,348.601,241.34500000000003,290.681,1.3130068369645054,0.91076,0.3262608583758692,346.398,296.6613,73.1583
1687242666219,1.5797362252625986,1.04287,0.4463026044390863,10.4848,269.48785,359.927,1.306256346911719,0.918734,0.5504379010816227,348.699,240.177,291.148,1.314117858076128,0.911262,0.3277573197784883,346.854,296.9739,73.4679
1687242666274,1.5804826925390711,1.04328,0.44652013185151,10.3197,269.49443,359.923,1.3066936207105415,0.91747,0.5489888180526478,348.984,240.57899999999995,291.07,1.3151816881122478,0.913146,0.3297344895775317,345.837,297.2402,73.4969
1687242666331,1.5811438491128718,1.04354,0.4469035961703457,10.3571,269.539,359.862,1.306932610471608,0.916961,0.5475758520608046,348.427,240.673,292.307,1.3169244225562378,0.914476,0.3330039831924102,346.236,299.0521,73.109
1687242666386,1.581096327796408,1.04398,0.4470636863092723,9.94065,269.44235,359.783,1.307008204432782,0.915035,0.5454770939630158,349.416,239.85799999999995,290.676,1.318577853232675,0.915923,0.3343094311033651,345.588,297.9974,73.2234
1687242666442,1.5812044631505562,1.04405,0.4472531928465822,9.91922,269.48579,359.828,1.3093126616326978,0.914751,0.5426066502666935,348.793,239.3820000000001,291.973,1.3176173230924968,0.916012,0.334758255445184,345.861,297.8139,72.658
1687242666497,1.5812281274053313,1.04448,0.4474604812783528,9.59612,269.51682,359.755,1.311290598291385,0.914328,0.5398949180575288,348.986,239.009,292.444,1.3163743386103484,0.915914,0.33640584402767,346.226,298.4495,74.5227
1687242666554,1.5811658314434658,1.0458,0.447628922701807,8.83433,269.65405,359.759,1.3124579053932233,0.914731,0.5373347237035788,349.118,237.96000000000004,292.891,1.3162897077390645,0.916573,0.3373810638109116,346.42,297.5194,72.6434
1687242666613,1.581470738286821,1.04798,0.4480316068972694,7.74702,269.84729,359.611,1.3136539017487885,0.915494,0.5357117496688283,348.528,237.956,292.429,1.3147238554855298,0.916046,0.3372144247995716,347.029,297.1752,74.4112
1687242666665,1.582011733443366,1.04998,0.4483910910930201,6.6135,270.0256,359.44,1.3146473840001278,0.916444,0.5336996984725925,348.705,237.61,292.49,1.3137574726108106,0.916697,0.3361934025522873,347.025,295.7903,74.8135
1687242666720,1.5829793207826994,1.05186,0.4486560664421791,5.51194,270.1453,359.304,1.3173215646943466,0.918006,0.5305867727403163,347.876,236.85,292.918,1.3129372769084642,0.916771,0.3365374032061419,346.837,295.6417,76.1181
1687242666776,1.5842771954761492,1.05398,0.4485981501387503,4.37686,270.1111,359.286,1.319701063810649,0.919457,0.528724679038185,347.283,236.544,292.862,1.31316591277074,0.916956,0.3373139021710358,346.858,295.46500000000003,75.9917
1687242666832,1.5858656670086968,1.05527,0.4484982983526565,3.43723,270.0281,359.272,1.3222883339408655,0.920422,0.5271469850649162,346.541,236.1610000000001,293.42,1.31384410335199,0.91691,0.3384720638072093,346.824,294.9979,76.8881
1687242666888,1.5873817626710944,1.05632,0.4481483795487053,2.62434,269.93514,359.302,1.3239029336974286,0.919139,0.5260293784140294,346.524,236.307,294.025,1.3146849336152406,0.916976,0.33908792882359,346.671,295.1065,76.6908
1687242666943,1.5890051700609162,1.05668,0.4480012764570579,2.47103,269.91128,359.402,1.324292184584516,0.918519,0.527490163732583,346.993,236.24700000000007,294.71,1.3156015507139078,0.916937,0.3388651126338038,346.829,295.1546,76.1135
1687242666999,1.5898502565449952,1.05782,0.4477286117961153,1.75012,269.80042,359.401,1.3240595285998014,0.917982,0.5315392785979303,347.261,237.02,293.82,1.3156208468812771,0.916729,0.3350815830623685,347.137,293.9975,76.6988
1687242667054,1.5908752324517597,1.0588,0.447706704168386,1.34077,269.79402,359.405,1.3249397678087724,0.918587,0.5345691612581979,347.01,237.463,293.089,1.3160371523642054,0.917488,0.3318567817731596,346.836,293.5319,77.3033
1687242667111,1.5917217248609552,1.06015,0.447679452011148,0.483527,269.80652,359.29,1.3256031148600953,0.919348,0.535045588261527,346.779,237.25199999999995,293.402,1.3170711708552056,0.918438,0.3314518859220209,346.748,294.3272,75.9907
1687242667166,1.5927250698191178,1.062,0.4471841868439599,359.553,269.494,358.896,1.3259021221310383,0.921062,0.5361543549871836,347.372,237.117,294.649,1.3178072079413004,0.919645,0.3290685897973454,347.44,294.3401,74.8919
1687242667222,1.594928946059136,1.06449,0.4473431611132056,358.677,269.17939,357.806,1.3321259620220445,0.924689,0.5436966985892162,350.344,245.771,302.095,1.3228291002782355,0.923601,0.3203348470735053,350.41,291.4282,70.0721
1687242667277,1.598008817176085,1.06844,0.4487898739386777,357.646,269.81715,357.306,1.357133736019794,0.936039,0.5553878681063118,340.045,260.189355,322.5,1.3427044914522202,0.9334,0.3062118118925995,347.515,281.054,55.3188
1687242667333,1.6026995314725103,1.07057,0.449997189768487,356.225,270.6452,357.679,1.385157579853778,0.941558,0.5601901144315754,321.953,275.3583,339.014,1.3661436423578917,0.941709,0.297550289749745,336.634,266.57957,42.1362
1687242667389,1.6073693460614669,1.07049,0.4501252094688083,355.437,270.4017,358.019,1.3977316630244112,0.943379,0.5515919557090352,319.432,271.8954,342.761,1.3759684992718293,0.945598,0.3030925577530677,332.774,265.40467,41.578
1687242667445,1.61129895663878,1.06899,0.450331310319528,355.098,269.62894,358.315,1.4061938166796148,0.950894,0.5501027691808518,323.933,264.26248,332.659,1.378434814852573,0.950901,0.308627618976413,333.441,275.4151,48.8054
1687242667500,1.614125438303092,1.06608,0.4508712465543823,355.694,268.3914,358.513,1.4138961723845167,0.960816,0.5518802734973486,321.811,264.71786,329.841,1.3876513718314571,0.957893,0.3104327817793145,329.591,271.9424,51.0744
1687242667555,1.6150567940763876,1.06188,0.4536676687234492,357.239,267.28575,357.845,1.4239195320445075,0.971759,0.5572930437794196,318.87,265.51877,328.238,1.4043766525736283,0.966797,0.3116007402141742,326.172,271.1726,48.2294
1687242667612,1.6145231861912637,1.05766,0.4593700100646734,359.195,267.71253,355.749,1.4404498077678374,0.978611,0.558748609346713,310.429,274.1493,327.374,1.4283570116676314,0.975311,0.3152515498726839,318.141,264.28311,44.928
1687242667667,1.6149306970517243,1.0539,0.4652962464295349,1.1577,268.50153,355.615,1.4424218937010516,0.976039,0.5499646097843258,300.581,286.9858,326.396,1.4405835057067602,0.975681,0.3310608368746693,306.547,257.485,32.6674
1687242667723,1.6149712392862932,1.05227,0.46919247904287,2.67873,268.6394,355.557,1.4274511404422747,0.966959,0.5335902017109077,299.515,290.6413,340.902,1.4275920125215908,0.968801,0.3486373139386232,304.502,256.27199999999993,15.0144
1687242667778,1.613122698238395,1.05342,0.4728669060613635,2.17595,268.24804,354.492,1.415306527683851,0.953884,0.5271352465640506,301.377,274.5117,351.665,1.4146678216250772,0.959385,0.3537847529057675,307.393,263.11012,10.4242
1687242667835,1.609673459099071,1.05292,0.4766523615451534,2.08476,268.46316,353.647,1.4014636325683416,0.942179,0.5265454933775366,298.17,274.9192,0.353144,1.4059032573651855,0.952141,0.3552671228239164,306.969,264.00211,8.59554
1687242667890,1.6042130180031713,1.04997,0.4791366071727456,3.46862,268.81015,353.43,1.3885139736736534,0.935346,0.5253933043690725,299.912,266.81712,5.52009,1.3936958470186238,0.949232,0.3612674872820685,310.634,271.965,9.15099
1687242667946,1.598988374170945,1.04614,0.4812015280807656,6.18127,268.94148,353.866,1.374837097927489,0.927996,0.5172912514302188,298.675,262.84228,11.8985,1.3824748041477295,0.941741,0.3793475504207733,304.539,274.0766,354.34
1687242668002,1.5931293970980662,1.04461,0.4831460693401585,7.2845,269.45807,353.55,1.3686736951100569,0.916071,0.5054671531411287,294.045,246.16000000000008,41.4001,1.3714838938331226,0.929867,0.3946424629627353,304.263,290.2885,331.723
1687242668057,1.5889329240013144,1.04519,0.484453421044268,7.44922,269.83002,353.206,1.3680119460022666,0.893489,0.5015321602302916,291.552,210.596,91.0142,1.3659834681292065,0.91462,0.3992889953302215,296.228,303.744,304.098
1687242668113,1.586157744005264,1.04603,0.4843976690979171,7.21104,269.6886,352.984,1.3648614729420856,0.868438,0.5062751428886063,297.854,181.59300000000007,132.814,1.3594550065542006,0.895667,0.3986571405813479,296.114,333.9647,260.206
1687242668169,1.584143710691379,1.04634,0.4846034623450392,8.13606,269.90434,353.719,1.3610514639773048,0.850953,0.514821886007379,302.115,167.6030000000001,150.407,1.354136044228038,0.879494,0.3947535887426678,299.209,359.2276,227.705
1687242668224,1.5815061003502395,1.0454,0.4833500032558326,8.41958,269.51299,354.308,1.3531753865708742,0.833115,0.5222358543569144,311.358,160.68900000000008,163.197,1.3495872947221756,0.865122,0.3894419509673186,305.512,14.061000000000035,209.712
1687242668280,1.5776561512273752,1.0426,0.4818835884709381,9.60973,269.32459,354.778,1.344050153355259,0.816434,0.5255851576815825,327.024,158.02999999999997,172.454,1.3410796491149426,0.85676,0.3852691191193131,313.03,17.779999999999973,201.948
1687242668335,1.5769952394929003,1.03926,0.4808831230346369,11.7657,268.99056,355.308,1.3426350366547426,0.812824,0.5203021647113127,326.223,155.05399999999997,171.465,1.3362066289911223,0.853137,0.3833686557461208,316.676,22.767,192.633
1687242668391,1.5773193456808166,1.03905,0.4798184283793696,12.1597,268.6617,354.531,1.339242636163503,0.807328,0.5120202598031991,333.347,150.961,175.49,1.3315766174629096,0.846991,0.3811266008296179,323.646,25.216999999999985,186.774
1687242668447,1.578495197676623,1.04141,0.4789667743980146,11.1087,268.65851,353.858,1.3366319176515504,0.812326,0.5010443647831404,337.716,148.317,180.792,1.3294166961261915,0.842927,0.3795781093607392,328.977,24.658999999999992,184.588
1687242668503,1.5813855048403018,1.04319,0.4755299580064122,10.2169,268.67702,355.017,1.3394722129849068,0.826626,0.4924341686657854,332.831,144.43399999999997,182.251,1.332807902579176,0.842882,0.3824477829716639,331.839,28.172000000000025,179.339
1687242668562,1.5837710683112174,1.04368,0.469919064678587,10.5864,267.82544,356.276,1.3424202607967357,0.83856,0.4896454245059221,334.011,137.90800000000002,189.919,1.336999175808636,0.849165,0.3829856615137242,335.629,27.579000000000008,181.312
1687242668615,1.585887227267636,1.04543,0.4632088891815401,9.14942,266.55552,357.208,1.3479434065827196,0.848249,0.491383209566499,334.722,135.659,191.458,1.3387420974657025,0.858759,0.3820674672492412,333.214,28.22699999999997,180.232
1687242668670,1.5883768275420092,1.04577,0.4577450964435382,8.54412,265.63475,358.592,1.3469994616273315,0.852851,0.4913348607175227,337.025,136.10400000000004,192.024,1.335368787268195,0.865082,0.3812097676973044,334.408,26.91700000000003,179.77
1687242668726,1.5908756350133406,1.04496,0.4539953020039964,9.02732,265.4964,359.591,1.3425001548109528,0.852029,0.4889734897572356,341.918,139.09699999999998,190.541,1.3311613030468037,0.86528,0.3806947210132633,337.956,26.034999999999968,179.069
1687242668781,1.5927867853211914,1.04504,0.4499853800474365,9.16947,265.30944,0.0124952,1.3386806419325603,0.852994,0.4870125471824017,342.258,140.41499999999996,189.774,1.3257253205335362,0.862746,0.3797352967455641,340.891,22.82,180.809
1687242668836,1.5937713442704924,1.04581,0.4471871860606208,8.80362,265.05986,359.88,1.334748099306893,0.854093,0.4872993251231637,340.635,141.76599999999996,188.282,1.3217710239949576,0.862093,0.3775136891463277,342.104,22.480999999999995,179.799
1687242668893,1.594362525004369,1.04582,0.4456461427064753,9.18043,265.3969,0.654254,1.3322252904979943,0.853728,0.4883674715146957,341.275,141.296,189.129,1.3196078736087773,0.862866,0.3752406291346323,340.715,20.861999999999966,180.824
1687242668948,1.5939511388150147,1.04575,0.4448130577113691,9.66686,265.81981,1.30738,1.3317238692089386,0.852638,0.4877962220587818,339.37,142.962,186.874,1.3182084804983545,0.864288,0.3741299534112547,338.247,20.454999999999984,180.981
1687242669004,1.5926636878932086,1.04546,0.4459400010058325,9.96476,266.72639,1.75095,1.332189230992053,0.851377,0.4875008438252977,339.265,141.341,187.932,1.317590724555061,0.864026,0.3731646155664947,337.888,20.92399999999997,180.511
1687242669059,1.5907100035777115,1.04535,0.4482297080801122,10.1438,267.64237,2.16392,1.3315468903912129,0.851388,0.4857880818475226,337.108,141.154,187.44,1.3153302810414504,0.864215,0.3732458274607937,336.935,19.88099999999997,180.811
1687242669115,1.58961291301903,1.04548,0.4495693322044289,9.99749,267.28869,0.554165,1.3305362063065695,0.851962,0.4847015718700955,336.72,142.09000000000003,186.062,1.31455581509418,0.863819,0.3737220781789231,336.486,20.01800000000003,181.469
1687242669171,1.589183035933747,1.04524,0.4515828649182553,10.2078,267.06648,358.999,1.3311715327775526,0.854536,0.4850489729571233,334.966,141.586,186.027,1.3152616127110246,0.863482,0.3742860059793166,337.093,20.37299999999999,181.133
1687242669227,1.5891727309325463,1.04522,0.4537657179154473,10.3735,267.81009,359.748,1.3318490666987644,0.857243,0.4866082138607708,334.859,140.675,187.157,1.3172588313282332,0.863157,0.3749259414097122,337.356,20.624000000000024,181.993
1687242669283,1.5897531261430509,1.04537,0.4559138677082978,10.2014,268.42292,359.496,1.3325195421356837,0.85934,0.4878562004185861,334.013,140.735,187.675,1.3189413373097565,0.862121,0.3745749735163974,340.032,22.61700000000002,180.611
1687242669338,1.5909236361653698,1.04551,0.4581331403791633,9.877,268.629,358.832,1.333974452445443,0.857688,0.4876672727060734,336.73,139.10900000000004,189.07,1.3190005214093383,0.862954,0.3753968366755405,339.851,22.07299999999998,181.114
1687242669394,1.5923703229657318,1.04581,0.4597910421590221,9.61199,268.96022,358.538,1.3372041175977678,0.854346,0.4861550237140551,340.544,137.017,189.313,1.320236735109196,0.86401,0.3762524008743499,339.392,23.28800000000001,181.202
1687242669450,1.5935452446989318,1.04586,0.4599547523018173,9.41968,268.72783,358.371,1.3405056371251796,0.853163,0.483394487820407,341.34,135.296,189.295,1.3214430457009478,0.863237,0.3774791109934193,340.339,22.992999999999995,182.182
1687242669505,1.5947500734569056,1.04593,0.4586940151904577,9.54978,267.86908,358.203,1.3431506755602376,0.852808,0.4802510378562648,340.983,134.35400000000004,188.972,1.3240888348014714,0.863736,0.378477718541734,340.92,23.567000000000007,182.621
1687242669561,1.5951394108658206,1.04607,0.4575317657413207,9.33979,267.47459,358.435,1.3450544642765232,0.852029,0.4768771706739733,341.74,133.35000000000002,188.891,1.326811773026329,0.865041,0.3791021381391278,340.211,24.656999999999982,182.263
1687242669616,1.5955853438951169,1.04622,0.4558337444402227,9.34024,267.32131,358.991,1.3451886304119731,0.852072,0.4714977427817065,341.479,133.926,187.984,1.3271912329250437,0.867606,0.3794321441925077,338.914,24.029999999999973,182.275
1687242669673,1.595907573203812,1.04661,0.4536002979010107,9.15308,266.89753,359.141,1.344913254378263,0.853938,0.465164203542856,339.856,134.20299999999995,187.205,1.3282085745212633,0.868132,0.3778261043528396,338.609,24.572000000000003,179.858
1687242669728,1.5959882606491662,1.04686,0.4514421317354289,9.06855,266.78263,359.291,1.3463851456499287,0.856137,0.4591259602971435,337.653,133.82799999999995,186.849,1.3279555713601034,0.869903,0.3781955840416496,336.875,24.079000000000008,181.046
1687242669784,1.595903352219456,1.04709,0.4494969254875816,9.09081,267.00715,359.727,1.347656443176849,0.859748,0.4543002047254172,336.002,134.30600000000004,185.683,1.3301749703232848,0.870009,0.3781398316226015,338.092,26.245000000000005,179.601
1687242669839,1.595608965168146,1.04766,0.4479836049735723,8.91109,267.45108,0.16873,1.3469818045344204,0.86192,0.4548956003519901,335.087,133.644,186.994,1.331778317677935,0.870492,0.3770860405141099,338.907,26.970000000000027,179.314
1687242669895,1.5956427935743165,1.04793,0.4464845136489971,8.8703,267.56717,0.893384,1.3456674639054316,0.866657,0.45899799204477,332.807,134.368,186.885,1.3332550418595688,0.872186,0.375385536500184,339.144,27.538999999999987,178.454
1687242669951,1.595728037109667,1.04879,0.4452011803166154,8.35284,267.16333,1.10547,1.345463553891148,0.874781,0.4651818298333989,326.138,134.31600000000003,186.743,1.3359297650433557,0.876184,0.3730066567785264,336.834,28.97699999999997,178.152
1687242670006,1.59615356538368,1.04932,0.4447631478281906,7.90405,266.72894,1.22926,1.3473738840862717,0.885581,0.4718832650494999,315.365,134.80899999999997,184.981,1.3427485673486006,0.886894,0.3723316748810038,324.529,31.34899999999999,179.819
1687242670062,1.5965609390578837,1.04998,0.4449169948056251,7.51256,266.5832,1.17513,1.3517588983164666,0.903096,0.4787799915520508,296.882,138.759,174.794,1.3523681013782312,0.905742,0.3709185204440156,303.601,30.73000000000001,189.07
1687242670117,1.5965660093567682,1.05069,0.4460261727592109,6.89255,266.81992,0.97089,1.3532734675545963,0.92745,0.4903922094221613,278.738,240.146,61.3575,1.3604603802740096,0.933646,0.365175074071589,274.286,329.9225,261.873
1687242670173,1.5968223569729256,1.05043,0.4478047510563837,6.74356,267.22373,0.821566,1.345404315514242,0.94799,0.5091404737731828,305.256,281.3452,0.662574,1.3611242196062483,0.955562,0.3513842347243638,298.775,240.86900000000003,8.4066
1687242670229,1.5975134967384237,1.04984,0.4490034978749185,6.7408,267.45906,0.535916,1.3337447988265407,0.955208,0.5251693343568057,329.299,273.4819,342.353,1.3526491255020696,0.9638,0.3414407867602362,323.592,259.32899999999995,19.7496
1687242670285,1.5985381300331247,1.04946,0.4502233965817749,6.87986,267.69545,0.159301,1.3252932635353645,0.95499,0.5392618374425602,345.406,255.81,322.51,1.3468543684821002,0.965581,0.3307451469621915,334.641,266.01931,35.7282
1687242670340,1.5996587988521582,1.04966,0.4514267300187515,7.16083,268.09937,0.115462,1.3231323094521033,0.949812,0.5547133346661316,348.015,244.32500000000005,298.769,1.3377742959932746,0.964105,0.320990514130164,340.89,281.4412,49.0145
1687242670396,1.599964167257602,1.04986,0.452352572310644,6.9757,268.27081,359.987,1.3293162967374146,0.947167,0.561439356168856,341.278,237.87200000000007,291.88,1.3323528812909242,0.957325,0.3107056450758133,341.253,290.5597,66.8813
1687242670452,1.59993628129836,1.05008,0.4529696954518218,6.51217,268.25118,0.0912427,1.3381956321896842,0.944517,0.5610625114713149,339.655,242.576,292.796,1.332486615058375,0.95176,0.3094173963073515,336.93,297.8498,72.2391
1687242670508,1.5990478171404838,1.04972,0.4526164892743992,6.97463,267.99724,359.753,1.3441384394524742,0.943237,0.5534752008254187,339.082,238.254,293.078,1.3365715758787635,0.948983,0.311686921496877,335.787,294.7079,66.1248
1687242670564,1.5979212379866168,1.04839,0.4515802784871209,7.55351,267.9021,359.806,1.349868554144248,0.944068,0.5472841691166386,338.36,236.742,293.534,1.3371573433146893,0.943889,0.3156439551776799,334.91,300.6253,71.7943
1687242670619,1.597113857948786,1.04698,0.4503531658160867,8.48504,267.96557,0.221158,1.3534895184490472,0.946046,0.5445950898126074,336.832,237.8050000000001,295.292,1.342579419641425,0.942557,0.3159969516607451,335.03,298.041,72.6501
1687242670674,1.5961992124891893,1.04685,0.4489978388365948,8.62273,267.81028,0.383808,1.3529052461555833,0.946798,0.5424723833121485,336.954,237.153,293.855,1.3470415134671028,0.940907,0.3197326396162422,333.503,300.539,72.3556
1687242670731,1.5956065537766615,1.04671,0.4475855285647121,8.60554,267.74766,0.591492,1.3512943068157677,0.947126,0.5432524983315106,337.527,237.9110000000001,294.982,1.3490967309324169,0.939199,0.3199630244470551,333.551,300.4254,72.6401
1687242670786,1.5954709880191011,1.0467,0.4465973593065214,8.70018,267.63187,0.800612,1.3494532217507529,0.946313,0.5453090407656411,337.492,237.88799999999992,293.814,1.3502189195997574,0.93914,0.3187068056783322,333.285,301.3123,71.6184
1687242670842,1.5951822582254338,1.04651,0.4456353183400378,8.88913,267.54265,0.978155,1.3490520866272102,0.946452,0.54711177191938,337.633,238.077,295.304,1.350104747544071,0.939189,0.316745584553191,333.785,300.5717,72.7072
1687242670897,1.5950891659101232,1.04603,0.4447782867942088,9.13382,267.14039,1.02772,1.3478889314927966,0.945868,0.5503682656063518,337.304,238.669,292.951,1.3520491701740485,0.940774,0.3170111647595916,333.117,301.3489,71.339
1687242670954,1.5950905795148878,1.04556,0.444521490958336,9.4038,266.97282,1.14355,1.3470318862975157,0.945876,0.5529080259362344,337.344,239.453,293.041,1.351845389508419,0.940763,0.3163874022644737,333.273,301.2359,70.2991
1687242671009,1.5951499766015038,1.04474,0.444580836750112,9.83257,266.89182,1.15409,1.3471557971853856,0.945445,0.5520901169609399,337.695,238.881,292.52,1.3501134507070356,0.939964,0.3159303099890382,334.216,300.3147,72.4371
1687242671065,1.5952573892530972,1.04447,0.4449322322485218,9.85459,266.83577,0.991263,1.3476733265339864,0.945511,0.5512339783195174,337.704,238.804,292.856,1.3498407146058615,0.940386,0.3173215864781361,334.206,300.2328,70.0683
1687242671120,1.59545316538561,1.04449,0.4457879748704333,9.85188,267.06608,1.02833,1.34828999937508,0.945839,0.5497464637457878,337.585,238.524,292.358,1.347573611106856,0.938191,0.3172908409939621,335.432,299.9369,70.965
1687242671176,1.5956207979268255,1.04494,0.4463132563618894,9.7555,267.06227,0.784651,1.3496873038371584,0.946209,0.5469242270015979,337.214,238.053,293.291,1.347087678327648,0.936676,0.3190792292890734,335.893,300.2201,71.1793
1687242671232,1.5958983141657088,1.04526,0.4468568834683146,9.52944,267.15197,0.683019,1.348404754839459,0.945799,0.5459974346470218,337.383,238.148,292.122,1.347111416467724,0.934666,0.3205282654896929,336.059,300.8269,70.3717
1687242671287,1.5961667941250206,1.04529,0.4471603640763423,9.45167,267.27281,0.513973,1.3487384604134085,0.945975,0.5450205407991984,337.128,238.202,292.965,1.3467717011623448,0.933095,0.3201974486955438,336.595,300.4462,71.7117
1687242671343,1.596537743974857,1.04478,0.4471009664584914,9.783,267.29713,0.436172,1.348023199071839,0.944599,0.5428056883857729,337.769,237.801,292.278,1.3466913148760764,0.933478,0.3211198023885379,336.452,300.3337,70.8418
1687242671398,1.5967739521836006,1.04428,0.4473196864313383,9.98571,267.51537,0.436549,1.348257107355218,0.944394,0.5410932909684172,337.018,237.913,293.344,1.3468240021861018,0.933376,0.3236728295168227,336.612,301.4833,71.825
1687242671455,1.596632668388923,1.04437,0.4474293183124746,9.88017,267.63524,0.472593,1.3481045647605003,0.943495,0.5380597153954675,337.913,237.4590000000001,293.267,1.3480201090200004,0.934632,0.3267944558064194,336.908,300.93330000000003,70.4732
1687242671511,1.5967505290764226,1.0442,0.4472175676375238,10.0216,267.53397,0.553605,1.3494829217168876,0.94269,0.5347863345589654,337.52,236.799,294.437,1.347909711698536,0.936506,0.3278121465214274,336.712,300.1151,70.6325
1687242671566,1.5967370252106163,1.0445,0.4465858230967383,9.83631,267.26726,0.576753,1.3500745008839812,0.941468,0.5332223000040208,337.94,236.875,295.142,1.346023119425884,0.937617,0.3282148613544904,336.923,299.4262,73.1632
1687242671622,1.596811932829487,1.0451,0.4460360355602027,9.62954,267.14062,0.658183,1.3507774674072694,0.941366,0.534504853732773,337.793,237.28099999999995,296.145,1.3464641173768028,0.938536,0.3299638103095161,336.82,299.5872,72.6567
1687242671677,1.5970817585408474,1.04524,0.4459431670214906,9.62672,267.16177,0.78077,1.350603594626845,0.940504,0.5380363118248687,338.082,238.808,296.752,1.346561006731292,0.937786,0.3302838978178426,336.676,299.6205,72.5239
1687242671733,1.5974510429726996,1.04541,0.4461719389497606,9.60368,267.33532,0.74302,1.3528065917321044,0.938528,0.5424560033021348,336.739,240.504,298.898,1.3466853581535243,0.934064,0.3291352405304898,336.373,299.3212,73.3018
1687242671789,1.5979230499817745,1.0452,0.4466589226839006,9.60891,267.53416,0.770306,1.3541765448605791,0.934834,0.5474710835034658,337.553,241.101,299.559,1.345389189019807,0.928262,0.3246231137784139,337.125,297.2419,73.8306
1687242671845,1.5983150883121462,1.04452,0.4470851731275641,9.83731,267.72142,0.869764,1.3561130760840496,0.931532,0.5523423643227703,336.692,243.452,298.792,1.3425391779361828,0.921604,0.3207054971479587,337.684,296.035,77.1588
1687242671900,1.59839420079278,1.04403,0.4472008634617885,9.82286,267.61069,0.757631,1.3563027644203642,0.931117,0.5563055124823861,336.914,245.118,297.863,1.341890069609084,0.919009,0.317441696199725,337.797,294.104,78.8835
1687242671955,1.5988361783233016,1.04344,0.4471659486196276,10.1204,267.48293,0.771275,1.3561540609313223,0.933985,0.5579608385144254,336.97,246.79700000000005,297.965,1.3426284437171725,0.919853,0.3172392377187837,337.545,294.9867,78.0575
1687242672012,1.59939084747504,1.04344,0.4470678048831502,10.2704,267.4324,0.716558,1.3568290598606358,0.936643,0.558912508859359,336.527,246.052,296.594,1.3454746527515704,0.921989,0.3148207342285009,336.702,293.6072,78.6232
1687242672067,1.599585393042748,1.04415,0.4468282977143927,9.98942,267.3652,0.785733,1.359596962718294,0.939564,0.5599153861053703,335.846,245.577,296.318,1.3489755998120898,0.925863,0.3120406312952551,335.601,293.2918,77.206
1687242672123,1.599627355584098,1.04472,0.4465033588822344,9.81905,267.41994,0.842409,1.3629252753989236,0.941651,0.5639019057277929,335.062,247.40599999999995,296.222,1.3492631369892258,0.927547,0.3080315547205605,336.429,292.4726,77.8802
1687242672178,1.5998251411353728,1.04443,0.4458964953622993,10.1332,267.31719,0.861075,1.36388107878707,0.94237,0.5704422416429586,335.036,249.255,294.88,1.3512561440064537,0.9285,0.3035124818865291,335.4,292.3386,77.6838
1687242672235,1.6000551797774518,1.04238,0.4452691128024848,11.1056,267.25287,0.810833,1.3634844923303375,0.941649,0.5757896137248636,334.552,250.23,294.096,1.3533893847392946,0.928978,0.2997875247839912,335.376,291.3222,77.5238
1687242672290,1.5999447790552634,1.03969,0.4448690135110079,12.6468,267.20242,0.839215,1.3618191380577145,0.939218,0.5776730414900451,335.611,250.28,293.241,1.35529081049073,0.929239,0.2984138344579793,334.725,291.5483,77.9082
1687242672349,1.599355017873058,1.03743,0.4445419233215132,14.0188,267.12847,0.905662,1.360466601709124,0.937265,0.578755622861463,335.965,248.451,291.598,1.3560575370729009,0.928764,0.297895094303188,334.957,291.2129,77.7959
1687242672402,1.598214180658052,1.03681,0.4443283036553835,14.2426,267.01591,0.952045,1.3594154015645314,0.936607,0.5810316620210578,335.944,249.32,291.458,1.3549737137176132,0.928002,0.2963595621691922,335.694,290.1762,77.0438
1687242672457,1.5973518969077338,1.0366,0.4442262796800774,13.9594,266.90776,0.944707,1.3563658150709206,0.936316,0.5847648219718216,336.18,250.073,290.641,1.3502301500862226,0.927383,0.2944447608544479,337.914,287.9578,74.8215
1687242672513,1.5968896987268428,1.03718,0.4445641833238591,13.9412,267.00324,0.782587,1.3514382267163656,0.937212,0.5900210085179834,336.025,249.452,288.747,1.341616681317314,0.926097,0.2913155073065488,341.911,286.0362,71.6044
1687242672568,1.5967285014081418,1.03867,0.4455261765417893,13.5062,267.25539,0.971358,1.3448041060491094,0.937307,0.5976417822301654,337.186,250.6320000000001,286.788,1.333798766357043,0.923056,0.2837723430054103,341.923,289.3379,75.7641
1687242672624,1.5961540812327824,1.04027,0.4456482247110549,12.5595,267.52303,0.524944,1.3413147144020034,0.935657,0.604197451069659,338.218,252.003,285.257,1.3286264763112237,0.91907,0.2739692533046109,342.591,288.2508,75.9091
1687242672679,1.5957170425541651,1.04088,0.4457392079812557,12.4821,267.70691,0.406049,1.3404376209468292,0.933024,0.6067011826988259,337.916,252.682,284.47,1.3270020125785935,0.915082,0.2691479212706841,342.662,287.5153,79.2179
1687242672735,1.5952317040428283,1.04068,0.4457148203299889,12.5005,267.87417,0.534439,1.3394603366037785,0.930168,0.6077230027968996,338.19,252.909,282.934,1.328393920839988,0.913962,0.2687576951927984,341.293,288.0239,79.582
1687242672791,1.59529532311493,1.03976,0.4455141124624279,12.7393,267.87292,0.565246,1.3388917467029628,0.928917,0.605067931700923,337.983,252.166,282.122,1.3292543665609435,0.913954,0.2719171086132437,340.387,288.9515,79.7161
1687242672847,1.5960685374261978,1.03874,0.4453599648702324,13.132,267.75968,0.634135,1.3380007538711614,0.929832,0.6009415229991972,338.486,251.807,283.684,1.3286507318360314,0.914577,0.2750986228940352,341.112,288.5581,79.3024
1687242672903,1.597272370201419,1.03857,0.445256630354378,13.2214,267.64117,0.649758,1.3360829376400685,0.930488,0.596931577625036,338.647,251.27700000000004,283.581,1.3271078194604136,0.917211,0.2785105335612662,341.003,289.1193,79.1907
1687242672958,1.5982228654462758,1.04004,0.445311021444402,12.5975,267.53892,0.662613,1.3349514961388569,0.931878,0.5937253957634855,338.383,249.48299999999995,284.002,1.3257154750232565,0.920446,0.2799282944608249,340.586,289.1235,80.1227
1687242673014,1.5990346901911772,1.04106,0.4453225890701668,12.0042,267.49192,0.789605,1.3335976660765527,0.932685,0.5934216916930464,338.241,250.67100000000005,282.912,1.3244513749227036,0.924935,0.2816956356660773,338.943,289.9135,80.8132
1687242673070,1.5998273203830435,1.04195,0.4454384073992087,11.6725,267.53946,0.704242,1.3309733823604428,0.93368,0.5933549760474978,338.193,249.506,281.496,1.3227967592270633,0.929529,0.284151626687995,338.983,290.1024,81.202
1687242673125,1.6004473231989218,1.04251,0.4459337562199643,11.3766,267.70213,0.864839,1.3279123096490386,0.934659,0.5928111646321192,338.555,248.94000000000003,279.8,1.3202534047905583,0.934241,0.2882675072997611,338.987,290.9294,81.0655
1687242673181,1.600958742607001,1.04298,0.4464252684432952,11.1677,267.83792,0.837597,1.3252462103040283,0.9363,0.5915591808931927,338.78,248.617,279.45,1.317793896597657,0.938601,0.2921382230538627,338.93,291.4592,79.9939
1687242673236,1.601617397191553,1.04315,0.4467538170024731,11.1025,267.76602,0.770937,1.3227221744022593,0.937999,0.589639725822976,339.063,247.57899999999995,279.636,1.315314311829145,0.940504,0.2956448207761233,339.591,292.3292,79.116
1687242673293,1.602139309031083,1.04339,0.4471368741409687,10.9796,267.82655,0.667875,1.3213438202382533,0.938131,0.5883579033709306,338.945,247.44100000000003,279.469,1.3141210742380594,0.940466,0.299440481863631,340.738,293.3953,78.1697
1687242673348,1.602408819156951,1.04395,0.4475508395478949,10.676,267.94159,0.740878,1.3206681116703811,0.937066,0.5868862094722872,339.363,246.867,279.632,1.3144936212329044,0.939211,0.301877091546496,340.828,293.5292,77.8659
1687242673404,1.6026763599699243,1.04405,0.4477323774918007,10.6135,267.88876,0.704873,1.3207718625399716,0.935687,0.5860616994620027,339.483,246.9780000000001,279.675,1.3146775854227362,0.937981,0.3044618041856224,341.07,294.6794,76.7802
1687242673459,1.6028786908377366,1.04391,0.4477666018227711,10.6215,267.86936000000003,0.640083,1.32092996769341,0.933593,0.5849462073013596,339.964,247.081,279.762,1.315677244794614,0.935947,0.3074133335773474,341.546,294.6512,77.0734
1687242673515,1.602939618053845,1.04367,0.4478696746303696,10.6306,267.99206,0.702202,1.3215667558808069,0.931417,0.5789852236741055,339.899,246.67000000000007,279.184,1.3179041175392776,0.935587,0.3124808123606355,341.479,295.511,75.8874
1687242673571,1.6029174153918322,1.04373,0.4475821124631022,10.5223,267.97242,0.624465,1.321990505286815,0.930285,0.5719346935918416,340.254,245.779,279.951,1.319703198381304,0.935812,0.3199053143381323,341.326,297.3304,75.167
1687242673627,1.6029516023179196,1.04347,0.4471947340824811,10.6626,267.94226,0.634132,1.3224806255236794,0.929946,0.5639433963158409,340.471,244.197,280.78,1.3211893413745477,0.937056,0.3243996595633718,340.943,297.0236,75.3988
1687242673683,1.6028114871104149,1.04347,0.4467512312575788,10.6341,267.92934,0.827482,1.3232915197026542,0.930126,0.5561254342009094,340.518,243.405,281.348,1.3218508499496655,0.938081,0.3294359417650604,341.013,297.7886,74.3179
1687242673737,1.6025680574026218,1.04341,0.4461064301548194,10.6613,267.84187,0.920293,1.324367479875059,0.930443,0.5502825055082589,340.922,242.51800000000003,282.249,1.32133485660774,0.937724,0.3335428333732099,341.22,297.9817,75.2964
1687242673794,1.6022389231942369,1.04342,0.4455543594041263,10.7394,267.74327,0.945629,1.325267654655422,0.930989,0.5463003208861201,340.676,241.71000000000004,282.707,1.3215128133694227,0.936736,0.3365416946822689,341.364,298.5351,74.6661
1687242673849,1.6018027961971135,1.04365,0.4453758447064667,10.649,267.81901,1.06319,1.3254021605637931,0.931168,0.547103885544759,340.3,242.272,282.411,1.3229724042458897,0.935717,0.3375585990402765,341.524,299.4192,74.7939
1687242673905,1.6013519296766658,1.04374,0.4451167970407,10.5551,267.80399,1.04043,1.3253824181852063,0.931034,0.5480163192346716,340.299,242.271,282.634,1.3242285116286787,0.935304,0.3363836699858641,341.034,299.1015,74.4577
1687242673961,1.6007220908712267,1.04428,0.4447077523722799,10.2548,267.68714,1.18894,1.3247337919074569,0.930117,0.5546606284502194,340.814,243.318,282.711,1.3243222980636342,0.934457,0.3310201722470169,341.075,298.1683,74.657
1687242674019,1.6002964449330075,1.04439,0.4441553677674276,10.2202,267.36685,1.43591,1.3244969908573152,0.928963,0.5643019822069618,340.409,244.698,282.155,1.3223610679582551,0.933957,0.3215034274761536,340.989,296.43330000000003,74.7356
1687242674073,1.5997847085140813,1.0446,0.4437393656641346,10.0113,267.04727,1.38113,1.323263643778427,0.92755,0.576001556557467,340.88,246.66699999999992,281.496,1.3198546684611328,0.932351,0.3091239232857256,341.459,294.4614,75.6317
1687242674128,1.5995943636632657,1.04509,0.4435640288677454,9.69537,266.87019,1.46048,1.3225721927109189,0.926588,0.5875245474635313,340.417,248.576,280.756,1.3183998887957704,0.930161,0.2954853021470163,341.241,292.2315,77.6157
1687242674184,1.599174360272473,1.04595,0.4434340107773786,9.25283,266.7226,1.36626,1.3209487030046594,0.925641,0.5963517362670898,340.588,250.367,279.621,1.317413045427845,0.928835,0.2844391223020571,340.889,290.3273,78.9364
1687242674239,1.59873151182054,1.04693,0.4428519176481283,8.70259,266.35421,1.22732,1.3193801231946811,0.925274,0.6009745867275449,340.744,251.087,278.762,1.316027339485959,0.928343,0.2773711181253024,341.224,289.0935,79.5604
1687242674294,1.5984597696494118,1.04739,0.4424621283398724,8.60953,266.21229,1.35942,1.3181958838057688,0.925738,0.6017476909053554,340.742,251.26299999999992,277.883,1.3156922776106657,0.929586,0.2748486127160466,340.477,289.0704,80.1283
1687242674351,1.598381686442941,1.04653,0.4424724765458637,9.18123,266.54076,1.65369,1.317671427531698,0.927069,0.597788470575974,340.72,250.65100000000007,278.674,1.3154561221383476,0.930386,0.2770632500662451,340.998,289.1793,79.694
1687242674406,1.5978338245045145,1.04648,0.4425418045670641,8.90245,266.7324,1.74732,1.3170095572269478,0.928108,0.5937735422204874,340.771,249.8340000000001,279.258,1.3163743410500464,0.93276,0.2803557170790182,340.754,289.7976,77.6415
1687242674462,1.597430639463211,1.04759,0.4425905223520006,8.47392,267.06642,1.65934,1.3179917175239897,0.928325,0.5924073368366177,340.169,249.098,281.321,1.3165478732812643,0.932329,0.2797861983657799,340.818,289.7617,77.9168
1687242674517,1.5975605412146776,1.04801,0.4428034341632416,8.39483,267.359,1.90967,1.3191412538788434,0.926664,0.5953496521101515,341.062,251.65100000000007,282.439,1.3175868394113834,0.9315,0.2790940983871167,340.285,290.211,77.6961
1687242674574,1.5978489671025329,1.048,0.4430208620106189,8.30922,267.60856,1.77269,1.3205764812720344,0.924024,0.5994532191352937,341.493,252.76299999999992,284.0,1.3184544669081315,0.927267,0.2760048273522468,340.702,288.8247,78.1747
1687242674629,1.597939976532721,1.04771,0.4435309347838747,8.34551,267.81104,1.8696,1.3237684525231626,0.921686,0.6048464341812538,341.569,255.04600000000005,285.67,1.3184322944636158,0.923318,0.2727789691125369,341.481,288.8743,78.9796
1687242674685,1.5980880605831187,1.04741,0.4437875783010688,8.48406,267.64539,1.65294,1.3272661294131791,0.919696,0.6111952522108592,341.493,257.494,287.045,1.3186299450231869,0.919963,0.2690262789766076,341.278,287.9752,80.1849
1687242674740,1.5983662933663634,1.04696,0.4442211803055936,8.58717,267.66457,1.58653,1.332339048649812,0.918893,0.6175019685845836,341.509,261.21675,287.899,1.3190045816210445,0.917849,0.2662105567922389,342.305,287.1573,79.7762
1687242674796,1.598924146946442,1.04627,0.4445604955237806,8.92806,267.61798,1.4816,1.3360539846933084,0.919935,0.6236321923319463,340.283,263.35975,287.816,1.3203051946828492,0.918225,0.2637408860321046,341.536,286.999,80.6204
1687242674852,1.599201069940795,1.04613,0.4451103664723664,9.00298,267.7067,1.43921,1.3382480830856258,0.922591,0.6282117675573172,339.687,263.39642,285.401,1.322334502428686,0.920679,0.2621947828425706,340.772,286.7768,80.0059
1687242674907,1.5996210944773803,1.04633,0.4457648886299976,8.98122,267.93182,1.28614,1.3407572904102023,0.92768,0.6305550871262815,338.266,263.71144,285.154,1.3236189566704375,0.923168,0.2614119327286624,340.656,286.4746,79.7886
1687242674963,1.600115188868461,1.04659,0.4457580472852044,8.94296,267.84949,1.27744,1.3423345810917855,0.932113,0.6306626143590678,337.059,263.08885,284.422,1.3255890900963403,0.92606,0.2613186252576862,339.482,286.8762,79.616
1687242675019,1.6005207436919635,1.04678,0.4455432823797619,8.94081,267.75642,1.24394,1.3436502998386493,0.935106,0.6301746736053369,335.952,261.40115,283.311,1.3272969516433444,0.927621,0.2618431611823524,339.875,286.6744,78.7473
1687242675075,1.6006496046781729,1.04709,0.4455081348857798,8.80739,267.98494,1.23137,1.3443047751666477,0.935021,0.6297569762926309,336.993,261.84153,283.292,1.329590365780652,0.928934,0.2616210337531645,338.488,286.8808,79.0979
1687242675130,1.6008937702669757,1.04675,0.4454962939042078,8.90958,268.3476,1.30197,1.344337374102682,0.935265,0.6284030681312811,336.42,261.50243,283.743,1.3298369053983057,0.928817,0.2615934254767383,339.681,285.9086,78.8809
1687242675187,1.6012208303476083,1.0463,0.4451686699471221,8.99504,268.3574,1.47796,1.344554945031928,0.933581,0.6266796665847033,336.681,260.476255,282.973,1.330212015708611,0.929064,0.2638427347607415,338.704,287.20550000000003,78.8146
1687242675242,1.6015243303437503,1.0464,0.4447494939429879,8.92081,268.17222,1.45077,1.3435728134309015,0.93274,0.624924455623518,336.651,259.17499999999995,282.131,1.331006074855022,0.928516,0.265334281632952,338.831,287.5383,78.1007
1687242675297,1.6019649205194144,1.04636,0.44463952088625,8.945,268.17548,1.44352,1.342411990021924,0.932297,0.6237104370844628,337.305,258.5160000000001,282.778,1.331553239874708,0.928448,0.266803618368092,338.98,288.2334,77.902
1687242675354,1.6021337740141006,1.04668,0.4447490053021831,8.76706,268.2174,1.54977,1.341522700787822,0.931649,0.6230814580243101,337.508,258.02600000000007,282.081,1.332129452147414,0.928842,0.2667894615046304,338.721,287.9268,77.731
1687242675409,1.6022558951351842,1.04686,0.4448269454990348,8.67781,268.187,1.59315,1.341175407302294,0.931264,0.6221601544723201,337.805,257.12200000000007,281.687,1.3322056440661836,0.929194,0.26690443885681,338.796,287.9246,77.7581
1687242675465,1.602437775698321,1.04671,0.4448665808778407,8.73532,268.05021,1.47485,1.341414381940088,0.931832,0.6185589414652222,337.324,256.557,281.214,1.330639307257083,0.929581,0.2714109107584707,340.087,287.7881,77.4224
1687242675520,1.6026253701496955,1.04643,0.4449590409893124,8.82516,267.86529,1.36248,1.3405923536491728,0.932715,0.6092386008336286,337.677,255.21900000000005,282.452,1.3284873717115766,0.930316,0.2792442368979842,340.278,288.3877,77.2101
1687242675575,1.6029589874584798,1.04639,0.4450370785935792,8.80362,267.77077,1.41088,1.3398963685746008,0.932613,0.5965256053260397,337.867,252.67100000000005,282.522,1.3258999331287815,0.931323,0.2891788621843382,340.342,289.934,77.3884
1687242675632,1.6032006629231037,1.04685,0.4450975233898724,8.66715,267.79139,1.41444,1.3400372309070507,0.932842,0.5830747165894805,337.69,249.549,283.981,1.3248735517908483,0.932756,0.2998313684415127,340.916,291.5759,76.3946
1687242675687,1.6034441622450089,1.04765,0.4452472513068806,8.22476,267.87503,1.57353,1.3398795956671616,0.932858,0.5721747485101168,338.009,247.96900000000005,285.392,1.325380484613445,0.933858,0.3089058582934755,340.861,293.2448,76.0218
1687242675744,1.6039324195744566,1.048,0.4450385557478943,8.07857,267.73813,1.64167,1.3391499422348807,0.93259,0.5631194755783516,338.672,245.964,286.858,1.327085100505745,0.934943,0.3147007999212849,340.247,294.1142,75.0994
1687242675798,1.6045156293716054,1.04783,0.444760697779483,8.18075,267.60858,1.51813,1.3381004746172969,0.931676,0.5578704936085176,338.896,246.1,285.711,1.3278948511030788,0.935201,0.319218850984533,340.742,294.7073,74.59
1687242675854,1.6049839175445355,1.04783,0.4445224354268259,8.05427,267.52639,1.39285,1.3373208840326891,0.932065,0.553786067514145,338.619,245.339,285.579,1.328715953568024,0.934647,0.3241792942098971,340.372,295.8124,74.2283
1687242675911,1.605401459291333,1.04772,0.4444550673172981,8.0518,267.46285,1.5046,1.3369350543018863,0.931696,0.5494380121535466,339.254,245.023,285.729,1.329674592873893,0.933587,0.3277896089719703,341.002,296.5144,73.2583
1687242675966,1.6057720862718998,1.04773,0.4443151503641578,7.98095,267.51828,1.46881,1.3381455102227162,0.931674,0.545573494918014,339.025,243.9780000000001,286.175,1.3294608120119016,0.932707,0.3301480158141089,341.222,296.933,73.1169
1687242676022,1.6062535807167877,1.0481,0.4442081555047386,7.78313,267.52815,1.45456,1.3384490226518997,0.931921,0.5449233217062226,338.661,244.2280000000001,286.767,1.3292876554006008,0.93253,0.3299206939542651,341.116,296.97270000000003,73.2194
1687242676076,1.606657936637752,1.04877,0.4439857929872565,7.51459,267.41328,1.58496,1.3374784469915888,0.932133,0.5479456997248716,339.22,245.13,286.958,1.3298225748580312,0.932404,0.3288565144656156,340.759,297.4905,72.2418
1687242676133,1.6070494160220758,1.049,0.4436746354873478,7.49552,267.28075,1.59575,1.3363761763671087,0.932315,0.5528782286371445,339.455,245.648,286.756,1.3292835970593255,0.931416,0.3243231499598095,340.884,296.436,73.0952
1687242676189,1.6071890047964807,1.04913,0.4436229902159267,7.45466,267.16786,1.61777,1.336351700039463,0.93197,0.5584821139776368,340.149,248.269,287.593,1.32820632356002,0.930925,0.3191973103585642,340.902,295.7623,72.5484
1687242676247,1.60743575666431,1.04927,0.4437842176348812,7.3795,267.26208,1.66587,1.3366931841049488,0.93169,0.5655233847885786,339.846,249.004,287.82,1.326669907395401,0.929771,0.3115212986253073,340.954,294.6977,73.0549
1687242676299,1.6078309088727405,1.04953,0.4440315628249957,7.14782,267.30208,1.75159,1.336772186502353,0.931871,0.5712602594273696,339.69,251.11900000000003,286.698,1.3249862883366288,0.928188,0.3044209713177151,341.546,293.1438,73.8321
1687242676355,1.6082756811347767,1.04975,0.4443142310837781,7.06463,267.39872,1.49595,1.3371079889616104,0.932654,0.5678700662605491,339.562,250.28500000000008,286.416,1.326102368318455,0.928931,0.3045987778534975,339.969,293.6872,75.2674
1687242676412,1.6085067646111944,1.04903,0.4446466687839968,7.48452,267.54858,1.49314,1.3378875951360778,0.934204,0.5583406705182823,340.522,249.341,286.581,1.3295540076794643,0.931233,0.3130975644028545,339.435,295.3434,73.336
1687242676467,1.6084248727130948,1.0484,0.4445870527028975,7.73131,267.70347,1.72981,1.3371898956049997,0.935747,0.5541143083278952,341.306,249.154,287.082,1.3338515019951278,0.933947,0.3185269002707888,338.918,295.9402,71.9816
1687242676523,1.608205925883201,1.04897,0.4439888347093704,7.35036,267.54055,1.89227,1.3355673501451533,0.935928,0.5564114550865357,340.228,248.89100000000008,286.153,1.3332780139591818,0.935104,0.3173047478774161,340.217,294.7802,71.6973
1687242676578,1.6085128048355943,1.0496,0.4430995839632486,7.25172,267.20339,1.94876,1.3334914013828625,0.935544,0.5591434759020388,340.736,249.169,285.059,1.3336133335849607,0.935153,0.3142743367652785,338.492,295.8781,72.437
1687242676634,1.608403637096916,1.04966,0.442505907911153,7.35688,267.08159,1.99577,1.3342242772733253,0.936245,0.5563980289567897,339.933,247.73700000000008,286.861,1.3336875540191324,0.934641,0.3142507669296538,338.939,295.9013,72.1457
1687242676690,1.607724517074403,1.04846,0.4420653773070837,7.96651,267.14656,2.0746,1.3346221226210224,0.935231,0.5530187756251621,340.419,248.23399999999992,286.761,1.333552944534426,0.934508,0.3149911401710848,339.159,295.8713,72.3203
1687242676745,1.6067536280255512,1.04822,0.4416313909653407,7.91532,267.16476,2.23542,1.3336968328392291,0.934102,0.5505323259836635,340.825,247.65,286.375,1.3340048475830577,0.934626,0.3178012034879226,338.952,296.7548,72.4703
1687242676803,1.6063824999354717,1.04778,0.44127198506562,8.3045,267.15003,2.02398,1.3333307540179853,0.933308,0.5478286826461213,341.077,247.15,286.287,1.333751900688724,0.934163,0.3200304469377608,339.791,296.4296,71.8185
1687242676856,1.6063103362875637,1.04791,0.4413852446472042,8.19574,267.28139,2.05505,1.3331492746878035,0.932698,0.545408399552614,341.048,246.78700000000003,286.238,1.333006547249994,0.933736,0.3216545920856382,340.008,296.6627,72.3581
1687242676913,1.6064671800959005,1.04808,0.4416031507723739,8.15408,267.25636,2.09465,1.3334735454810056,0.933043,0.5424060968608996,340.915,245.812,287.342,1.3322819731851707,0.933859,0.3217845454025848,340.024,296.5415,72.229
1687242676968,1.6066077667214198,1.04844,0.4419115283317472,8.03767,267.22579,1.98072,1.333229620202972,0.932894,0.5424879837263673,341.062,246.302,286.893,1.3312053938825887,0.934355,0.3223501928239103,339.797,296.5084,72.9833
1687242677025,1.6069148972580367,1.04829,0.4424127456063672,8.12453,267.31143,1.89633,1.3330164330566237,0.933162,0.5424128222958862,341.003,246.217,286.732,1.3309491421587172,0.934808,0.3236019115998392,340.087,296.5865,72.7538
1687242677079,1.6071125115256444,1.04834,0.4430495961546419,8.01591,267.37687,1.82953,1.333334001991659,0.933646,0.5420342156774807,341.049,246.022,286.661,1.3309325467208677,0.935406,0.3258555679359833,339.923,296.5988,72.9921
1687242677135,1.607329486049597,1.04806,0.4438070000524108,8.11324,267.55703,1.59414,1.3349527194358894,0.934235,0.5409508441642199,340.632,245.616,287.085,1.330106818830836,0.936442,0.3296516528522654,340.041,297.0091,73.1935
1687242677191,1.6075429252843458,1.04789,0.4444859785963059,8.11885,267.64557,1.60256,1.335082574070451,0.934303,0.5412164280001038,340.701,245.618,286.922,1.3296241110914109,0.937766,0.3325101586592035,340.098,297.0501,73.5851
1687242677247,1.6077383174703062,1.04798,0.4450525049008723,8.09441,267.69073,1.51173,1.3355283044345685,0.934617,0.5414239814691282,340.534,245.52,286.761,1.3294836597064164,0.939252,0.3360593903364053,339.963,297.6659,73.1215
1687242677303,1.6079071936873504,1.04834,0.4456329278774306,7.8959,267.73866,1.44218,1.335991551549057,0.934068,0.5397124210375577,340.44,244.996,285.88,1.3295927032542458,0.940575,0.3393799726565228,340.004,297.2725,73.0331
1687242677357,1.6081013529177346,1.04883,0.4462185400385549,7.6691,267.80934,1.35361,1.336840603421848,0.933836,0.5350987655543957,340.603,244.55600000000004,287.34,1.3293408480940414,0.941506,0.3449143176022484,340.512,297.0573,72.261
1687242677414,1.6084265952966394,1.0492,0.4467650403527032,7.54428,267.93165,1.23195,1.3367374398853609,0.93254,0.5293261524299313,340.835,243.245,287.226,1.329221379892407,0.9423,0.3508035427294446,340.759,296.2799,70.548
1687242677470,1.6087182874156425,1.04919,0.4472536106380538,7.50231,267.97488,1.15449,1.336695399964421,0.931521,0.5244507844802225,341.455,243.48399999999992,288.612,1.3290448607106176,0.942858,0.3547991934071766,342.796,291.7156,66.3353
1687242677525,1.6088970532326368,1.04879,0.4474496969886735,7.62467,267.92737,1.10123,1.3376129263779506,0.931124,0.5211073164782107,341.712,244.394,290.339,1.3288461333618071,0.943618,0.3574753414675116,344.236,287.0719,62.2693
1687242677581,1.6088977243738458,1.04846,0.4474591359298471,7.78336,267.93078,1.11726,1.338922714019732,0.931847,0.5200425830216892,342.171,244.948,293.147,1.327882535163046,0.944867,0.3589378329277755,347.006,282.7522,55.5657
1687242677636,1.6085946671356988,1.0481,0.4472861028311415,8.03247,268.03576,1.08773,1.3403241923196565,0.932772,0.5230648623891271,341.432,244.4,291.77,1.3168421913160706,0.938927,0.360692047803595,359.832,287.0694,56.9036
1687242677692,1.6086539563199935,1.04739,0.4467108681831006,8.53435,267.90415,1.26664,1.342776279553727,0.934144,0.5245573369103531,341.073,242.79999999999995,289.82,1.3077307783940324,0.93353,0.358831907848076,8.55519,287.7404,60.0198
1687242677748,1.608574030158079,1.04711,0.4461828574817492,8.60018,267.63781,1.465,1.3467707526351402,0.935252,0.5188573746471566,342.503,239.694,292.107,1.3046318705909867,0.935035,0.358980647850168,5.41749,279.4869,49.28
1687242677804,1.6078025488623982,1.04741,0.4459948955972769,8.48268,267.79181,1.40951,1.351999072255655,0.935997,0.5175219751017988,341.009,238.904,291.619,1.300514534071998,0.930669,0.3597510845311501,9.39026,283.7692,54.1678
1687242677859,1.6072686488804169,1.04711,0.4457276243881273,8.74527,267.84978,1.51217,1.3545889568029157,0.939431,0.5176628439481044,339.471,238.033,293.475,1.302676449252836,0.93233,0.3603092773659867,7.06661,283.9822,52.9407
1687242677914,1.6066939815979977,1.04653,0.4453926758407098,9.0436,267.62368,1.4469,1.353010886992125,0.944274,0.5215275282395142,336.47,242.396,295.31,1.3072577089272657,0.932226,0.3620158311464004,7.74844,283.2883,49.5437
1687242677971,1.6061736275791725,1.04584,0.4452916017713737,9.39583,267.48789,1.2416,1.3466761783616228,0.944864,0.5256765506022694,338.376,250.68599999999992,297.017,1.3139492762498153,0.933957,0.3655349732943942,8.51565,287.2423,48.2246
1687242678026,1.6057850556191122,1.04555,0.4453490091050083,9.6439,267.66567,1.17356,1.3388941115508717,0.940818,0.5247196717421193,340.844,251.5,298.112,1.3225715571947614,0.942479,0.3656369661687547,5.66219,287.1465,46.3777
1687242678082,1.605529095652215,1.04565,0.4451351937880966,9.44375,267.89171,1.39104,1.3348597028798366,0.930437,0.5152817203396656,348.387,249.91000000000008,303.247,1.3292743266321267,0.954839,0.3653205833001929,1.52625,286.9809,44.1233
1687242678137,1.6057457020801629,1.04592,0.4442603461989294,9.45727,267.82846,1.56455,1.3430303698052728,0.920722,0.5038762673020357,353.174,247.56099999999992,312.076,1.3289292670735129,0.964077,0.3629699529802555,358.11,282.1255,39.3024
1687242678194,1.6061313387067009,1.04617,0.4433079726014517,9.30485,267.52512,2.14243,1.359393572800956,0.922051,0.4962135944646987,351.814,244.03099999999995,320.166,1.31729151059019,0.963064,0.360464616077785,357.832,276.7562,33.9825
1687242678249,1.6070172058843857,1.04599,0.4431034851993938,9.33879,267.02877,2.1114,1.3786270606034474,0.937203,0.494248195749063,345.896,237.435,321.26,1.3012419836387037,0.946314,0.3628815638375663,5.88889,279.2324,34.6578
1687242678305,1.6077194496853704,1.04593,0.4441880048460477,9.2368,266.66564,1.015,1.392459014588021,0.96107,0.5019199403914921,335.231,235.442,319.115,1.2972399497341145,0.9287,0.3691139011508478,10.2593,281.1382,30.3802
1687242678360,1.607692107899346,1.04599,0.4467283505541625,9.16078,266.98863,0.0399864,1.389846469208361,0.981035,0.5164254478999944,329.008,244.54700000000005,315.198,1.3035151337697195,0.918537,0.3721381201044434,12.851,284.5249,30.8047
1687242678416,1.6072765848469606,1.04488,0.4488787349034908,9.86652,267.90275,0.210481,1.3698818090817282,0.985787,0.5291255643572575,331.051,252.61200000000008,310.663,1.320163001914169,0.921773,0.3698752134326989,9.57354,287.5868,33.2359
1687242678472,1.6060945516616243,1.04476,0.449778689324761,9.9811,268.94805,0.0805926,1.3482512975480534,0.975264,0.538891837074705,337.73,257.194,306.673,1.336877469928256,0.933784,0.3664859599682817,5.58777,292.5772,36.885
1687242678528,1.6045750267455785,1.04423,0.4495762104836056,10.1029,269.48142,0.458909,1.3329280581553848,0.953744,0.5430004028238404,342.766,261.25045,309.251,1.3500117226763733,0.95157,0.3591048635836937,0.962114,295.0547,40.8144
1687242678583,1.6028854433204869,1.04362,0.4484066897530258,10.4877,269.07021,0.952513,1.3259109463900052,0.929618,0.5371236125032512,350.474,257.54999999999995,311.593,1.3593830246434662,0.972448,0.3511408823223169,353.579,293.5736,41.7719
1687242678638,1.6016661629239295,1.04313,0.4472754183799893,11.1089,268.06871,0.611591,1.3339345519224517,0.91323,0.5262700063163797,354.163,255.038,319.642,1.359491064491729,0.985165,0.3435945982333638,349.136,291.5828,42.6233
1687242678694,1.6009166740455807,1.04269,0.4475570364127929,11.3136,267.04595,0.256584,1.351604930523577,0.911783,0.5192101807453845,352.328,250.77600000000007,322.253,1.3472848224748797,0.981194,0.3383932869452266,351.905,289.4343,46.6049
1687242678751,1.6010938642285837,1.04367,0.4515012283025279,10.8914,266.90852,358.132,1.377186872493299,0.927797,0.514129247557692,344.551,240.847,320.335,1.3279691267552751,0.962399,0.3437158127091528,357.903,288.6113,45.0641
1687242678806,1.601956713210713,1.04275,0.4563354836572271,10.8583,267.52427,357.173,1.3973938456592956,0.95368,0.5242935705291784,332.577,241.221,321.143,1.3093103137985806,0.930951,0.3545097276637502,9.8293,288.17470000000003,41.0523
1687242678862,1.6026955286453797,1.04217,0.4609488855521305,11.1194,268.66565,356.358,1.3926799996743588,0.970126,0.5431779153955034,326.028,253.40100000000007,315.389,1.307416030826796,0.910303,0.3612503947570583,15.3577,290.566,42.321
1687242678917,1.6033971635529456,1.04182,0.4649818936300402,11.1237,269.68602,355.912,1.3620435513779747,0.968518,0.558945496972365,332.833,263.42933,308.585,1.32187390577097,0.913412,0.3712808637564933,11.6682,293.3817,39.9799
1687242678973,1.603635543303641,1.04213,0.4683394973848717,10.9181,270.9108,355.614,1.3292130910095934,0.946662,0.565762106980289,345.124,268.44762000000003,306.612,1.340358433541349,0.928319,0.37873440434846,6.67155,297.9353,39.9759
1687242679029,1.6026113069827546,1.04359,0.4714755848292802,10.2115,271.9945,354.819,1.3146730826875503,0.918999,0.5585009477068037,354.61,267.37181,314.641,1.3553652523488575,0.944267,0.3812116459532704,1.28237,301.938,38.5178
1687242679084,1.60107451415818,1.04372,0.4745297227738296,9.64268,272.1325,354.371,1.3209683959842975,0.89597,0.5410134428963457,2.25974,259.937,322.245,1.3598935573955244,0.957209,0.3757897064281252,358.778,300.0676,37.5115
1687242679140,1.5998741189428989,1.04231,0.4767615833087041,10.1843,272.0201,353.642,1.342057372996107,0.893182,0.52653250737424,358.28,254.55600000000004,325.162,1.3493561179442042,0.962516,0.3692152180183887,356.484,295.8383,38.202
1687242679195,1.5992380456992787,1.04054,0.4784558703766919,10.9323,271.7497,353.06,1.365763568515098,0.90901,0.5183720696399408,350.03,245.077,321.225,1.3249887639545206,0.950385,0.3655362800695436,3.43347,290.8483,41.0573
1687242679252,1.59947250601145,1.03929,0.4797504515800224,11.7127,271.8522,352.591,1.3817569401893253,0.933766,0.5218653604222858,339.658,241.08300000000008,317.638,1.3046392898188657,0.924711,0.3719476338394046,12.9325,289.4729,40.6249
1687242679307,1.600011568354395,1.03984,0.4804819722156975,11.8333,272.2472,352.706,1.375562319801796,0.949195,0.53445697073449,336.618,249.09300000000007,314.18,1.3005747406776913,0.90033,0.3817651829184252,20.8824,288.4335,34.9527
1687242679363,1.6005349007783938,1.0404,0.4804895632624967,11.4356,272.7974,352.977,1.346307639690411,0.946518,0.550231600922882,340.176,262.27682,310.4,1.312387614323545,0.896838,0.388172335951403,18.5294,295.2982,37.3306
1687242679418,1.5999525500388891,1.04137,0.4785212358008689,10.9399,273.0575,353.162,1.3142807284692537,0.922263,0.5592979239720618,353.557,264.71906,304.466,1.3289192544670687,0.910263,0.3896668095481702,12.0345,300.1392,39.1139
1687242679475,1.5986430522168773,1.04197,0.4762597874078813,10.7556,273.0818,353.835,1.30459491317919,0.897344,0.5509400245250252,0.493571,267.41626,312.948,1.345011529465452,0.929584,0.3860917810603796,3.04667,305.2862,41.0733
1687242679531,1.597186716953043,1.04187,0.4734962125311478,10.8131,272.3881,354.798,1.3126491729282612,0.88028,0.5314241419445604,4.8203,260.540945,321.257,1.3500408038121434,0.941307,0.3768727475516158,355.614,303.3755,41.1277
1687242679586,1.5966211377580015,1.04076,0.4704555055633299,11.142,271.4952,355.019,1.3341777449162404,0.882884,0.5167709239308135,357.717,252.808,319.97,1.3358265903540532,0.938825,0.3703150491133034,358.175,297.4863,39.5024
1687242679642,1.5969270709623622,1.04019,0.4679706802265165,11.5215,270.6716,355.451,1.3576958105660717,0.900781,0.5050646485462079,352.134,244.31,322.983,1.3092640972463934,0.921892,0.3612389340085061,6.59804,292.7542,45.5764
1687242679697,1.59778509412493,1.0415,0.465631537551839,11.0434,270.1658,355.845,1.3742371236977695,0.925103,0.5089056711924731,341.45,240.895,320.966,1.2970087372404624,0.903833,0.3625644506530748,13.3442,289.624,43.0927
1687242679753,1.5991390695276408,1.04372,0.4631938184829441,10.1442,270.056,356.355,1.370964801268266,0.942211,0.5267728814368668,336.099,248.51600000000008,311.765,1.303070766128709,0.888574,0.3739787193111212,16.88,292.72,40.7566
1687242679809,1.600629137994049,1.04627,0.4599785185256437,8.89148,270.3617,357.043,1.3472807784260643,0.940504,0.5431520301024741,341.983,262.41694,307.035,1.3212322643762262,0.8872,0.3847788080003606,14.1638,298.0907,39.1269
1687242679864,1.6022856220348003,1.04927,0.4565836177901824,7.31678,270.2012,357.925,1.3206356058823014,0.917578,0.5498113139313184,351.81,271.466,305.723,1.3394882253094111,0.895973,0.3898717962838759,10.6737,302.7842,38.8626
1687242679920,1.602999200508057,1.05286,0.4529709244623584,4.87478,269.43164,358.534,1.3099825018389872,0.888781,0.5360493466212888,1.57837,265.03911,312.456,1.3517147482092895,0.914485,0.3789775008780801,1.03484,304.7221,42.768
1687242679975,1.6042992246226195,1.05466,0.4497830198464772,3.36568,268.61241,359.145,1.3236673311236071,0.870717,0.5176562599730178,2.54522,260.854206,322.055,1.3529603453492132,0.927744,0.3631888311819019,354.763,300.1282,43.1207
1687242680032,1.6060797016881667,1.05552,0.4472904649344328,2.498,267.80978,359.576,1.346827489398109,0.87278,0.5020655208930374,356.547,248.5550000000001,321.459,1.3383066506983012,0.927295,0.3473468688044742,355.761,294.0078,45.9687
1687242680087,1.6082114734855395,1.05642,0.4456302955184391,1.82707,267.29238,359.713,1.3686612777922489,0.893758,0.4997039407504373,349.001,243.053,319.831,1.3193188273862662,0.913533,0.3407551244806294,5.16866,293.1249,52.6919
1687242680142,1.6105847741715775,1.05783,0.4439006780823416,1.25292,266.86033,359.897,1.376413715267388,0.920354,0.5092366608283614,339.9,242.29199999999992,317.349,1.3140320662270075,0.899305,0.3455604923754898,11.3856,289.5459,46.9379
1687242680199,1.612532668986604,1.06021,0.4421361797731348,359.72,266.38521,0.174981,1.3634557677149517,0.936138,0.5251025757477192,339.126,250.29199999999992,311.948,1.3193132673552548,0.893803,0.3527418645064269,11.3367,293.6506,44.6209
1687242680254,1.6149040219644264,1.06386,0.4402765184623922,357.437,265.93554,0.788574,1.3374283361146804,0.935537,0.5383593600219393,344.767,257.09899999999993,305.983,1.3221312798656992,0.899569,0.3473505003069892,5.80518,294.89,47.7423
1687242680310,1.616899626203634,1.07,0.4386710508412437,353.471,265.44758,1.14508,1.3190870985304726,0.928699,0.5450775011993515,351.487,258.7660000000001,303.214,1.3186886246538847,0.90792,0.3333990354024508,359.572,289.9548,50.1621
1687242680365,1.618970321476368,1.07497,0.4372328741666043,350.186,265.07293,1.71049,1.3116986732142804,0.924597,0.5484070986745802,350.312,255.674,302.865,1.3140748969514688,0.913643,0.319719852468958,356.851,289.6189,58.3541
1687242680421,1.6206803693618446,1.07781,0.4363191391780124,348.149,264.49635,2.28848,1.3037605144515907,0.921799,0.5555339243675752,352.05,261.74028,305.542,1.3105562800926531,0.92115,0.3074315643554388,353.391,286.6338,62.4218
1687242680476,1.621640328029663,1.07923,0.4359679996529222,347.3,264.49766,2.18345,1.2948843769485288,0.921717,0.5597394912766539,352.848,258.004,298.517,1.306057156301289,0.928371,0.3012683668898386,351.161,286.0624,65.4302
1687242680533,1.622159664994434,1.0794,0.4362366631730035,347.792,265.02871,1.96318,1.2863845848376436,0.924231,0.5600888250307239,352.599,256.386,295.325,1.29996960562084,0.934826,0.2973931008082688,347.366,288.1674,70.9282
1687242680588,1.6215763726146706,1.07547,0.4374064471614859,349.846,265.64021,1.86581,1.2752800589727151,0.927712,0.5564137111120632,351.264,252.198,290.673,1.2882542226321312,0.938589,0.2927077651246837,344.311,286.4654,72.6558
1687242680644,1.6210041821158905,1.07162,0.4383883039346998,352.928,266.19862,1.9884,1.261767672800203,0.926649,0.5535233995501544,353.026,247.299,284.552,1.2727081170728891,0.932921,0.2910488089525954,347.573,286.567,79.4972
1687242680699,1.6196894961297283,1.07102,0.438971166094896,354.533,265.94772,1.97013,1.258736162469316,0.922982,0.5556106939984116,355.517,248.81400000000008,283.648,1.2676749228232294,0.926184,0.2869297258149071,345.528,285.7313,79.5933
1687242680755,1.618221467887463,1.07069,0.4400873632080938,355.473,265.91705,1.63541,1.265016876443216,0.908477,0.5584941344743111,354.36,252.618,287.816,1.2699385534910173,0.909322,0.2807837296637654,344.353,284.7066,79.3942
1687242680811,1.6157378838193186,1.07119,0.4416396561787861,355.868,266.47689,1.19451,1.272569041985851,0.880515,0.5587392785475367,356.212,251.84500000000003,289.275,1.2754815488926827,0.877934,0.278677258686725,344.851,285.8914,83.9869
1687242680866,1.6136478740583973,1.07122,0.4434897062095024,355.836,267.29919,1.17673,1.2758763803091215,0.849351,0.558951820814922,356.94,252.105,290.536,1.281506794987283,0.840147,0.2794563681138952,346.023,285.1446,84.8615
1687242680922,1.612245207956506,1.06881,0.4448577392935339,356.298,267.6845,0.956325,1.2763803209708786,0.818643,0.5524485295859036,357.721,250.771,288.318,1.280231232632879,0.79783,0.2883489676033599,352.101,287.2308,85.6112
1687242680978,1.611651053369843,1.06727,0.4456445488372276,357.26,267.72878000000003,0.500302,1.2784477828439058,0.791156,0.542019094011359,0.537121,246.611,288.137,1.2825107314077129,0.756299,0.3008059479335013,0.415604,288.0429,86.4906
1687242681034,1.6122809388880814,1.06611,0.4464846604933861,357.978,267.83542,0.420027,1.28818153914776,0.766935,0.530657738536893,1.87882,245.368,290.464,1.2929572058928347,0.725445,0.3130792177370907,3.30289,291.82,85.0973
1687242681090,1.6130697802279437,1.06572,0.4466438497977513,357.739,268.026,0.333326,1.3004783909474298,0.741771,0.5246568981943274,2.99986,243.39200000000005,296.136,1.3064896099385146,0.698477,0.318948462048283,4.66423,292.2463,83.7146
1687242681145,1.6146532198023784,1.06629,0.4464337492955763,357.262,268.10312,0.458616,1.308147633597358,0.71188,0.5195216319717718,5.10599,241.976,296.275,1.319356158209217,0.675707,0.3239639106421466,3.32337,296.0696,85.5881
1687242681201,1.61625370649751,1.06697,0.446277273677326,356.729,268.15687,0.658929,1.3124701560061147,0.680142,0.5179848834478432,7.61179,241.36300000000008,290.681,1.3319543020515008,0.654536,0.3308182887677773,3.51229,298.9423,87.4742
1687242681256,1.618371038873066,1.06685,0.4455466853068864,356.596,267.88557,0.469972,1.316310635649872,0.654345,0.5142236339073467,9.14612,236.847,284.329,1.343455325524112,0.638499,0.3385736417734404,2.90572,300.98040000000003,87.0006
