1687242625600,-1.236671280177818,1.16149,-0.0234047339825915,2.27537,68.28809999999999,0.674244,-0.9514184488929214,0.709481,-0.0578781523817051,37.5744,59.15009999999995,306.034,-1.0129353073662164,0.715444,0.1150166239818003,40.9445,87.14247999999999,45.732
1687242625656,-1.2370841556285097,1.16164,-0.0233472591862343,2.2479,68.18309999999997,0.694274,-0.9514732449657228,0.709428,-0.0578256019258979,37.6212,59.13409999999999,306.017,-1.0129409801823412,0.715452,0.1149488284129391,40.9263,87.13786,45.668
1687242625711,-1.2375477022293138,1.16194,-0.0232441790771796,2.07102,68.03309999999999,0.666081,-0.9513864554044696,0.709385,-0.0578510729301472,37.635,59.16110000000003,306.049,-1.0129440450765947,0.715428,0.1150446086636342,40.9047,87.11022,45.6643
1687242625766,-1.2379236391503523,1.16212,-0.0232480250360941,1.97863,67.95709999999997,0.66505,-0.9512927541025238,0.709286,-0.0578877085141287,37.6673,59.17610000000002,306.047,-1.0129685894901572,0.715443,0.1150972434597569,40.9174,87.06470999999999,45.6339
1687242625823,-1.2382107258962396,1.16224,-0.023231065073362,1.96602,67.95209999999997,0.670124,-0.9513884313062893,0.709223,-0.0578022907017028,37.6992,59.18309999999997,306.124,-1.0130366029950415,0.715536,0.1150229180727526,40.8896,87.07565,45.6248
1687242625878,-1.2383715921040097,1.1623,-0.0232186190620438,1.93645,67.93510000000003,0.681051,-0.9515494476879184,0.709044,-0.0576241705600931,37.8074,59.149099999999976,306.147,-1.0130953838183705,0.715571,0.1149885031804995,40.9205,87.06717,45.6454
1687242625934,-1.23835557889332,1.16225,-0.023088268507448,1.92301,67.87109999999996,0.690729,-0.9516398569991424,0.709036,-0.0575820593211656,37.8093,59.10609999999997,306.127,-1.0131376861533965,0.715372,0.1149884536694208,40.9679,87.04222,45.6376
1687242625990,-1.238138368133746,1.16238,-0.022988741747603,1.91135,67.8501,0.704402,-0.9516692588183828,0.709083,-0.0575979020805635,37.7871,59.14509999999996,306.168,-1.013165588976791,0.71526,0.1150812527666503,41.0526,86.98388,45.6223
1687242626047,-1.2379073069690962,1.16257,-0.0230357372600555,1.80611,67.91610000000003,0.728742,-0.9518469575978676,0.708797,-0.0574328217856473,37.8794,59.12310000000002,306.175,-1.0131285131565382,0.715429,0.1150306828788455,41.0147,87.00004,45.6323
1687242626101,-1.2377941472244371,1.1625,-0.0231442267166339,1.8212,67.96109999999999,0.743807,-0.9520867349545256,0.708613,-0.0570983093206566,37.9506,58.98410000000001,306.139,-1.0130549398283129,0.715397,0.114959717356415,41.0535,87.0201,45.6438
1687242626157,-1.2377212633887322,1.1625,-0.0233251243299209,1.89737,67.90509999999995,0.634541,-0.952245483345576,0.708673,-0.0569101166312692,37.9621,58.941100000000006,306.184,-1.0130265025103995,0.715146,0.1149151828871817,41.1408,86.96153,45.6185
1687242626213,-1.237669201783178,1.16242,-0.0233731434847146,1.81092,67.93110000000001,0.600903,-0.9522208829142864,0.708665,-0.0569637548525332,38.0006,58.93209999999999,306.158,-1.0130209799981715,0.71491,0.1148896297688066,41.2566,86.86453,45.4871
1687242626267,-1.2376822059314594,1.16252,-0.0235356154580745,1.81903,67.95609999999999,0.619174,-0.9521518642738328,0.708668,-0.0571735998364377,38.0264,58.98810000000003,306.173,-1.0130721119176744,0.714755,0.1149368836237599,41.2904,86.85034999999999,45.5451
1687242626323,-1.2378607382005553,1.16233,-0.0235460805854714,1.82326,67.95209999999997,0.584957,-0.9521224395975564,0.708719,-0.0573077620085506,38.0128,59.03610000000003,306.194,-1.013100885997322,0.714653,0.1151431153922643,41.3645,86.58426,45.3735
1687242626379,-1.2381134489500816,1.16229,-0.0236257639405331,1.82003,67.96910000000003,0.598102,-0.9520922902277602,0.708606,-0.0571946306004409,38.0346,59.00509999999997,306.239,-1.0131952258355406,0.714337,0.1156760353627335,41.546,86.08672,45.0884
1687242626435,-1.2383163425119923,1.16245,-0.0235647385971497,1.74633,67.95609999999999,0.62175,-0.9522305256411372,0.708602,-0.057012029668109,38.031,58.986099999999965,306.285,-1.013239664689512,0.714108,0.1160823542993556,41.6738,85.79651,44.9516
1687242626491,-1.2384057553602528,1.1624,-0.0233946299478516,1.7304,67.90009999999995,0.642253,-0.9522262951896427,0.708371,-0.057062280571386,38.1185,59.0231,306.27,-1.013196328994055,0.714262,0.1161126281742195,41.5809,85.81518,44.9192
1687242626546,-1.2383584392086884,1.16247,-0.0232185823923414,1.73864,67.85410000000002,0.664757,-0.9521673468707772,0.708246,-0.0572188421749257,38.178,59.111099999999965,306.297,-1.0131413518128922,0.714267,0.1159923897047041,41.5621,85.92392,44.9963
1687242626602,-1.23819755024161,1.16212,-0.0230373903663787,1.80313,67.83709999999996,0.590679,-0.9521678082815777,0.708237,-0.0571106087369313,38.1661,59.0951,306.342,-1.0132146238081474,0.714273,0.1158489165897616,41.5583,85.99113,45.0064
1687242626658,-1.2381190215406055,1.16212,-0.0229959333631277,1.86932,67.89710000000002,0.714697,-0.9523707291947866,0.70803,-0.0568543336835561,38.2266,59.05709999999999,306.336,-1.013293435865073,0.714161,0.1158409191099594,41.5866,86.0094,45.0251
1687242626714,-1.238148550276985,1.16205,-0.0229689798155349,1.86019,67.91110000000003,0.721587,-0.9525758905613948,0.707839,-0.0567407254811609,38.287,59.05409999999995,306.363,-1.013357165326768,0.713905,0.1156507604506455,41.6283,86.06289,45.028
1687242626769,-1.2381517663024273,1.16192,-0.0229226187631272,1.89152,67.87810000000002,0.70555,-0.9525976237151388,0.707749,-0.0566847147676469,38.2894,59.02509999999995,306.362,-1.0134076355649655,0.713707,0.1154715869172867,41.6866,86.09394999999999,45.0465
1687242626825,-1.2381216830960549,1.16208,-0.0229466512555977,1.87904,67.87810000000002,0.73065,-0.9525990149839112,0.707533,-0.0566874632892863,38.3599,59.06510000000003,306.359,-1.0134065207178584,0.713561,0.1154780372751006,41.7203,86.07833,45.0432
1687242626881,-1.2380835749145838,1.16211,-0.0230348145501424,1.775,67.91909999999996,0.731741,-0.9526531355906628,0.707217,-0.0566263044802327,38.4199,59.06510000000003,306.393,-1.0133044608861326,0.713423,0.1157484980684665,41.7576,85.97585,45.0017
1687242626936,-1.2380006152358938,1.16231,-0.0233446062571193,1.78657,67.93910000000005,0.735002,-0.952664277169361,0.706957,-0.0565732901875929,38.5183,59.08209999999997,306.39,-1.013277229959545,0.713374,0.1159894182972502,41.7822,85.92303,45.0214
1687242626992,-1.2380930007648565,1.16229,-0.0235753910140647,1.751,67.9701,0.657122,-0.9525982564603668,0.706971,-0.0564959368038019,38.5257,59.08510000000001,306.452,-1.0131521047485894,0.713502,0.1161023507176765,41.7821,85.89698,45.0264
1687242627047,-1.2382515517111194,1.16239,-0.0235970983270964,1.73306,67.9801,0.646576,-0.9523487359837252,0.707159,-0.0566736505391645,38.5117,59.16210000000001,306.434,-1.0130723452842498,0.71369,0.1161114076403471,41.7165,85.90671999999999,45.0004
1687242627103,-1.2384149267304487,1.16257,-0.0234265344298052,1.66183,67.92010000000005,0.689874,-0.9520922047442336,0.707211,-0.0569471335243116,38.5287,59.25909999999999,306.44,-1.013016920458682,0.713651,0.1162996576302828,41.7458,85.86587,45.0047
1687242627159,-1.2385094190568706,1.16261,-0.0231852540944121,1.65399,67.82709999999997,0.675822,-0.9518757176370842,0.706933,-0.0571743581322175,38.6232,59.36310000000003,306.458,-1.0129228649991309,0.713647,0.1165314126097948,41.748,85.84559,45.0479
1687242627215,-1.2385901180510004,1.16259,-0.0229609429659623,1.63248,67.74710000000005,0.685501,-0.9519358294449608,0.706697,-0.0571731495984684,38.6862,59.3741,306.483,-1.0128392770371646,0.71395,0.1166807535037734,41.6654,85.82903999999999,45.0237
1687242627271,-1.2387025078715197,1.16242,-0.0226377457842857,1.66738,67.62109999999996,0.651051,-0.9520551329487532,0.706536,-0.0571707907888478,38.7794,59.38909999999999,306.468,-1.012811596927664,0.714105,0.116834188543898,41.6269,85.82481,45.0718
1687242627327,-1.2388069170923457,1.1625,-0.0224882067438767,1.62198,67.48109999999997,0.632233,-0.9519608451593338,0.706492,-0.0573332525467061,38.786,59.49310000000003,306.546,-1.012861686326291,0.713953,0.1169329244651485,41.6664,85.75376,45.0006
1687242627382,-1.2389386636377409,1.16228,-0.0223450771250816,1.689,67.40409999999997,0.676485,-0.95191202743232,0.706605,-0.057523994570207,38.7726,59.5231,306.514,-1.0128752551042233,0.71371,0.1166784559636293,41.7031,85.80268,44.9996
1687242627438,-1.2390984804043406,1.16206,-0.022261814882056,1.77231,67.40409999999997,0.672569,-0.9519295991376714,0.706694,-0.0576980128599671,38.7393,59.58410000000004,306.55,-1.0129685346487476,0.713496,0.1163674658406778,41.7647,85.86135999999999,44.9733
1687242627493,-1.239335942229844,1.1619,-0.0221933514507329,1.81745,67.4031,0.703323,-0.9520343751017932,0.706688,-0.0579705187999801,38.7618,59.65409999999997,306.581,-1.01305622711636,0.713425,0.1160595780670913,41.7253,85.88522,44.9095
1687242627549,-1.2395226225383256,1.1619,-0.0220355493518075,1.75074,67.41809999999998,0.678424,-0.9522181993797536,0.706759,-0.0583735358279483,38.7617,59.72209999999996,306.525,-1.0129265124346676,0.713175,0.1157698666911438,41.7945,85.91271,44.8499
1687242627604,-1.239625906055133,1.16216,-0.0220934367870242,1.67026,67.59310000000005,0.600221,-0.9524111336467456,0.706985,-0.059045910588495,38.6521,59.93209999999999,306.631,-1.0126779217741149,0.712974,0.1153338954380937,41.8157,86.0475,44.8317
1687242627660,-1.23978851878622,1.16213,-0.0220763046625724,1.6538,67.90509999999995,0.527805,-0.952553897344353,0.70709,-0.0601624735005808,38.6135,60.27110000000005,306.576,-1.0121459100499086,0.712761,0.1145322931269026,41.8792,86.28798,44.809
1687242627716,-1.2397319452974822,1.16241,-0.0218882795568763,1.50137,68.30809999999997,0.451145,-0.9529404172603744,0.707146,-0.0616826386871704,38.6293,60.70410000000004,306.542,-1.0113160910054395,0.712754,0.1135090225500577,41.825,86.694,44.7923
1687242627772,-1.2396714188898157,1.16253,-0.0214218864673317,1.51708,68.80610000000001,0.274406,-0.9532234393486526,0.707523,-0.0632108785039356,38.54,61.14610000000005,306.577,-1.0102530226378343,0.712668,0.1123847440366114,41.8722,87.17653,44.7774
1687242627827,-1.2394871967342156,1.16255,-0.0204852747882533,1.47114,69.49009999999998,0.173165,-0.9533855501735116,0.707772,-0.0653072492179229,38.4907,62.03809999999999,306.64,-1.0089431854105917,0.712607,0.1112243327137914,41.759,87.83802,44.8221
1687242627883,-1.2392510011478788,1.16262,-0.0189760130829831,1.48738,70.1961,0.146909,-0.9540118062726533,0.707901,-0.0673012409576971,38.3852,62.88109999999995,306.902,-1.0071532727139878,0.712799,0.1097616992810623,41.7967,88.62988,44.8546
1687242627939,-1.2390592778039695,1.16251,-0.0171248137961963,1.53728,70.93110000000001,0.131922,-0.954826409231892,0.707421,-0.0695595780403311,38.5487,63.635099999999966,306.769,-1.0054440779040097,0.712759,0.1083419872040751,41.796,89.35487,44.8731
1687242627994,-1.2388796159648374,1.16243,-0.0151578865521021,1.65283,71.70609999999999,0.13504,-0.9554112907159444,0.707259,-0.0720197852144553,38.6221,64.62509999999997,306.945,-1.0034952906985866,0.712709,0.1065941105585478,41.7841,90.21278,44.8059
1687242628051,-1.23876250671333,1.16245,-0.013017856264183,1.65517,72.53210000000001,0.161961,-0.9562506145911562,0.707674,-0.0745957790872157,38.5148,65.64009999999996,307.085,-1.0016213188736316,0.71281,0.1045336834549416,41.8127,91.27,44.998
1687242628106,-1.2387016183838366,1.1625,-0.0107903449793111,1.65077,73.40409999999997,0.189046,-0.9573519085514932,0.707668,-0.0773990694062739,38.4576,66.73109999999997,307.228,-0.9994733062564464,0.712821,0.1024588069847842,41.7848,92.0675,44.7326
1687242628162,-1.238566337655682,1.16265,-0.0086112505667191,1.59983,74.31809999999996,0.181782,-0.9585904380832702,0.707271,-0.0803129386018482,38.6355,67.73310000000004,307.19,-0.997351124150592,0.712666,0.1002161083626791,41.8578,93.1565,44.8097
1687242628217,-1.2385383185503174,1.16284,-0.0061610632379961,1.55134,75.22709999999995,359.973,-0.9599323472445284,0.707405,-0.0834029356265929,38.513,69.01009999999997,307.338,-0.995282369180468,0.712763,0.0977640140835807,41.9132,94.4354,45.0137
1687242628273,-1.2385664769846714,1.16303,-0.003746401168332,1.49527,76.08109999999999,359.964,-0.9611533616044424,0.707702,-0.086477024885688,38.401,70.28409999999997,307.574,-0.9930170902028644,0.713059,0.0954820957560267,41.7456,95.3485,44.8928
1687242628328,-1.2386298068843833,1.1631,-0.0010168578370396,1.34505,76.93010000000004,359.901,-0.962515510263502,0.707719,-0.0899649527118652,38.4611,71.85810000000004,307.826,-0.9908852585100972,0.71287,0.0928025240339573,41.8597,96.4704,44.7892
1687242628384,-1.2386739634880275,1.16338,0.0016678431301547,1.27974,77.83410000000003,359.878,-0.9640984104831506,0.707656,-0.0932313851915955,38.3207,73.12310000000002,307.978,-0.9889051813535624,0.712731,0.0902187133725177,41.8843,97.6047,44.929
1687242628441,-1.2385644134941514,1.16342,0.0045214359132514,1.26968,78.64110000000005,359.897,-0.9656530495111452,0.707657,-0.0960864834215407,38.3703,74.43309999999997,308.228,-0.9867588416366816,0.712882,0.0878412296628491,41.841,98.6851,44.8539
1687242628496,-1.2383233677854173,1.1634,0.0073562291784298,1.26843,79.38009999999997,359.846,-0.9671886304934372,0.707559,-0.098567116658604,38.2604,75.63810000000001,308.521,-0.984877953191048,0.713023,0.0858006121619241,41.7773,99.7063,45.0014
1687242628551,-1.237836063006205,1.16323,0.0100470404756146,1.41807,80.08609999999999,359.873,-0.96865215783004,0.707588,-0.1008299695426901,38.2068,77.43309999999997,309.454,-0.98308880113249,0.71321,0.083702702032448,41.7376,100.6294,45.0974
1687242628607,-1.2373012707069762,1.1633,0.0125704552724098,1.34877,80.70209999999997,359.902,-0.9698222984645652,0.707533,-0.1028606029550599,38.0128,78.74810000000002,310.053,-0.9817180343953178,0.713209,0.0816451068238945,41.7681,101.4613,45.0585
1687242628662,-1.236644887467624,1.1633,0.0147700903087506,1.36915,81.1915242,359.887,-0.9710018388625368,0.708034,-0.1047621351108629,37.4992,81.01509999999996,311.528,-0.9803875432232588,0.712898,0.0797385979775807,41.8109,102.2231,44.9594
1687242628718,-1.2360758306821542,1.16329,0.016784169072084,1.36665,81.557277,359.903,-0.9719112276454266,0.708768,-0.1061830501686881,37.3655,82.55479,312.655,-0.9792963298403026,0.712612,0.0785464585172585,42.0007,102.7743,45.1551
1687242628774,-1.2357251871991206,1.16324,0.0183446663991583,1.41655,81.84115299999999,359.867,-0.972815709549054,0.709349,-0.1067296649562766,36.3745,82.5215,312.461,-0.9787283570731456,0.712609,0.077442376697026,41.9593,103.1354,45.1189
1687242628830,-1.2354724164445896,1.16317,0.0194445587555523,1.45093,82.01845999999999,359.963,-0.9733729964218896,0.70925,-0.1070832019859711,36.5304,81.998761,311.337,-0.9784370839021445,0.712477,0.07603834217471,41.9741,103.515,45.0928
1687242628885,-1.2352552596859685,1.16323,0.0203324821205929,1.44392,82.18592,0.0634946,-0.9743091498274152,0.70992,-0.1067197480530954,36.0067,80.50909999999999,309.826,-0.9783108228921326,0.712181,0.074827592019909,42.0755,103.9279,45.1316
1687242628941,-1.2351904058170362,1.16303,0.0205774759484428,1.51131,82.16263,0.15609,-0.974490804235469,0.710335,-0.1066166271239169,36.0251,79.94410000000005,309.027,-0.9782722157330614,0.712013,0.074328653639677,42.095,103.9196,44.9139
1687242628997,-1.2352482296448988,1.16294,0.0204943216044112,1.53232,82.06936,0.106598,-0.9744993637330084,0.710509,-0.1065025772444699,36.1728,79.52110000000005,309.737,-0.978191337099273,0.711983,0.0741871688822065,42.0952,104.0329,45.0764
1687242629053,-1.2354858786761542,1.16312,0.0198663599033949,1.45057,81.93019199999999,0.0754903,-0.9744719538544436,0.710636,-0.1066258196826034,36.1826,79.29510000000005,309.648,-0.978025567953247,0.712004,0.0745813846482862,42.0676,103.8451,44.9811
1687242629108,-1.2358395277221577,1.1632,0.018925770937767,1.41072,81.889254,359.987,-0.9746270856188104,0.710919,-0.106215893865309,36.0588,78.29409999999996,308.886,-0.9778750194505385,0.71193,0.074945480951937,42.0654,103.6944,44.9951
1687242629164,-1.236087989777881,1.16324,0.0176821123644979,1.31998,82.010868,359.908,-0.9745332962633076,0.711519,-0.1057305224644268,35.7368,78.2201,309.34,-0.9782259416982996,0.711468,0.0751811957287887,42.2145,103.5329,44.9769
1687242629220,-1.2364587780963952,1.16337,0.0166441966536363,1.35878,81.958527,359.812,-0.9740150678748792,0.711322,-0.1051361283717347,35.6232,77.79809999999998,308.986,-0.9787180700277542,0.711131,0.0752851617200946,42.2577,103.3671,44.886
1687242629275,-1.2366314663912477,1.16336,0.0158083858180874,1.2607,81.756765,359.756,-0.9733341751437444,0.710777,-0.1041083266745735,36.0492,78.41009999999994,310.188,-0.9791889124158746,0.71086,0.0756544214329649,42.3903,103.1995,44.9171
1687242629331,-1.2369022886665868,1.1633,0.0148947443210109,1.25757,81.482339,359.799,-0.9731794295919586,0.710489,-0.1038097707766205,35.9656,77.66309999999999,309.352,-0.9796233902694648,0.710553,0.0772863334418488,42.4002,102.5753,45.2962
1687242629386,-1.2372559755953083,1.16319,0.0139350187787587,1.25767,81.251787,359.754,-0.9727380814504336,0.710383,-0.1036626712933708,36.0345,78.06709999999998,309.993,-0.9798132572588504,0.708363,0.0788816732603019,43.3511,103.9818,49.1252
1687242629443,-1.2376477747023515,1.16333,0.0127921854489506,1.2114,81.03110000000004,359.801,-0.971738872961896,0.709616,-0.1033704587740726,36.4164,78.46910000000003,310.141,-0.9805405352528508,0.70681,0.0806109298518587,43.7928,102.6962,48.0387
1687242629498,-1.2379819748518108,1.16341,0.0116822659473193,1.14894,80.69209999999998,359.781,-0.9707134402391971,0.708653,-0.1028089396459757,37.1464,79.51610000000005,311.208,-0.981347969891576,0.706781,0.081494582563158,43.9406,101.8836,47.5499
1687242629554,-1.2383119295101317,1.16333,0.0106421451978616,1.14495,80.3161,359.765,-0.9698599342718196,0.707137,-0.1020364939173639,37.7989,79.16809999999998,310.72,-0.9822142347669816,0.707521,0.0820424797484386,43.6705,101.8339,47.6231
1687242629610,-1.2386056870265478,1.16347,0.009261219435357,1.10673,79.83609999999999,359.834,-0.9689169400720804,0.705886,-0.1007712531540075,38.5285,78.00909999999999,309.464,-0.9833681427222668,0.7072,0.083428652609495,43.7844,101.3331,47.6716
1687242629665,-1.238876891583116,1.1632,0.007981829264652,1.20098,79.29409999999996,359.901,-0.9680039398679848,0.705796,-0.0987313160306331,38.7027,77.79909999999995,310.627,-0.9846584893732392,0.706849,0.0846965775009315,43.8687,100.7932,47.5664
1687242629721,-1.2391214720015769,1.16321,0.0063968870764932,1.1674,78.6291,359.951,-0.967037135443713,0.706203,-0.0966090568817052,38.4341,76.30409999999995,309.432,-0.9860776301244536,0.707296,0.0860358233552252,43.7655,100.2803,47.6904
1687242629777,-1.239280097831937,1.16312,0.0046703648008064,1.20777,77.9271,359.99897903,-0.9657944788372512,0.706574,-0.0941065076677201,38.2365,75.58609999999999,310.101,-0.98758602734099,0.707765,0.087750882053097,43.5715,99.5431,47.685
1687242629833,-1.2395864842037907,1.16329,0.0028532755202144,1.25007,77.26710000000003,359.973,-0.9648798112307144,0.706319,-0.092487385788567,38.331,74.80709999999999,309.421,-0.989203871437178,0.707894,0.0894725770552473,43.506,98.7916,47.4851
1687242629888,-1.2398182178151154,1.16322,0.0008698378842192,1.16054,76.61310000000003,0.0348456,-0.963542699994668,0.706396,-0.0901825980798099,38.3843,74.21310000000005,310.14,-0.990776064818128,0.707744,0.0913241046118601,43.5294,98.0375,47.6984
1687242629943,-1.2400825001196751,1.16334,-0.0011384280152812,1.13549,75.95910000000003,0.166512,-0.9623110685811864,0.706903,-0.0878842171667918,38.0584,72.87710000000004,309.174,-0.9924055833329491,0.708028,0.0929626903007563,43.4191,97.2112,47.4615
1687242630000,-1.2405220859987751,1.16356,-0.0031713037304915,1.14598,75.28509999999994,0.250513,-0.9612723123870216,0.707366,-0.085453095341567,37.9282,72.06209999999999,309.482,-0.9941704675017256,0.708597,0.0946544609473874,43.1218,96.5423,47.5432
1687242630056,-1.2408200408240009,1.16368,-0.0051778477856273,1.02495,74.51710000000003,0.349821,-0.96014166927412,0.706908,-0.0829559523518189,38.0678,70.67909999999995,308.63,-0.9960759453358552,0.70863,0.0965974952429264,43.1893,95.7018,47.4338
1687242630111,-1.2411220258523783,1.16391,-0.0071457539438411,0.954767,73.74210000000005,0.443449,-0.9592331210922018,0.706862,-0.0803417814524451,38.1138,70.06410000000005,309.065,-0.9980214448868592,0.70844,0.0985569314340394,43.1987,94.6974,47.2057
1687242630166,-1.2413735630528002,1.16416,-0.0092095158100466,0.866327,72.96010000000001,0.511639,-0.9582887554045064,0.706982,-0.0775640942044088,38.1448,69.04909999999995,309.013,-0.9999280657187636,0.708579,0.1006345108653363,43.24,93.8732,47.4472
1687242630222,-1.241535190655266,1.16429,-0.0110396114846552,0.741748,72.21709999999996,0.550984,-0.9572505236892012,0.707295,-0.0753020924989862,37.9459,68.48609999999996,309.241,-1.0017402718441095,0.708706,0.1025068322317842,43.2281,92.9934,47.3672
1687242630278,-1.2416708251526694,1.16458,-0.0129903678048331,0.644451,71.52009999999996,0.632111,-0.9564070961958676,0.707364,-0.0730281043386193,37.9271,67.56410000000005,309.16,-1.0033801493161114,0.709013,0.1041740595338705,43.133,92.1145,47.1966
1687242630334,-1.2416986019552263,1.16466,-0.0148026165899727,0.555321,70.88310000000001,0.698102,-0.9557675017986236,0.707423,-0.071160572275437,37.7136,66.86209999999994,309.017,-1.0050231622562864,0.708923,0.1055505968484455,43.2117,91.4228,47.2909
1687242630390,-1.2416320727033177,1.16468,-0.0165384443172084,0.604711,70.3551,0.689731,-0.9550055407879549,0.707419,-0.0695623431122001,37.9129,66.18110000000001,308.909,-1.006390037222746,0.708988,0.106588602304147,43.1763,90.76099,47.1399
1687242630445,-1.2414799252105189,1.16471,-0.0181359496788379,0.543079,69.92309999999998,0.599002,-0.9548166624824326,0.707983,-0.068555969550493,37.3456,65.78909999999996,308.837,-1.0073266393093838,0.709234,0.1074238750567886,43.1525,90.3499,47.1752
1687242630501,-1.2412352071996229,1.16491,-0.019607201885342,0.389233,69.6431,0.516151,-0.9543698523921246,0.708278,-0.0674909580795694,37.1506,65.60810000000004,309.404,-1.0080068531962916,0.709324,0.1081351448214054,43.0993,89.93697,47.0586
1687242630556,-1.2409476001663842,1.16527,-0.0211906672005389,0.28252,69.61710000000005,0.456419,-0.9545693551366105,0.708771,-0.0668217758137086,36.663,66.20809999999994,310.455,-1.0085685225165972,0.7092,0.1086744940353915,43.1903,89.68465,47.1321
1687242630612,-1.2403277722022372,1.16537,-0.0220953946451323,0.180642,44.78710000000001,0.256766,-0.9629780927125168,0.70953,0.060315271079392,36.7602,40.68309999999997,311.401,-1.0858764209724503,0.709157,0.1949033816555256,43.2121,64.51239,47.1064
1687242630667,-1.2396471408048162,1.1654,-0.0230255934361682,0.231523,44.986099999999965,0.0865093,-0.9631332787000336,0.709401,0.0603025384724935,37.0367,40.448099999999954,310.356,-1.086203545718983,0.709269,0.1950842587414325,43.1761,64.44447,47.1783
1687242630723,-1.2392617574919234,1.16536,-0.0234017842682519,0.197499,45.21609999999998,359.976,-0.9630457139538062,0.709222,0.0604264564099284,37.1847,40.25310000000002,310.125,-1.086320431646078,0.709413,0.1952561927405343,43.1412,64.44391999999999,47.1934
1687242630779,-1.23894267501311,1.16541,-0.0235681861363732,0.16126,45.65909999999997,359.946,-0.9628289658264864,0.709453,0.0600516272631116,37.0231,40.74810000000002,310.626,-1.0863571229774318,0.709544,0.1953586470532961,43.1123,64.47422,47.2347
1687242630835,-1.2387387981302869,1.16556,-0.0235595968028515,0.119658,46.0471,0.128786,-0.9624601851089676,0.709332,0.059959715226978,37.1984,40.74810000000002,310.403,-1.086325064892356,0.709729,0.1953891101322817,43.0867,64.55859,47.3
1687242630891,-1.2390943569132191,1.16543,-0.0230754036679561,0.203076,45.90009999999995,0.164743,-0.9623399412402044,0.709211,0.0600007725287027,37.2259,41.01109999999994,310.786,-1.0862828354251624,0.709852,0.1955835265978923,43.0704,64.62442999999999,47.3939
1687242630946,-1.239684550392227,1.16548,-0.0222833460833471,0.20825,45.36710000000005,0.123168,-0.9627621443694124,0.708756,0.059976050925052,37.4697,40.83709999999997,310.578,-1.0860541562851376,0.710118,0.1958479557016565,43.0114,64.62286999999999,47.3791
1687242631002,-1.2402963745991482,1.16537,-0.0215361900756586,0.21135,45.10209999999995,0.151197,-0.9629273471497952,0.708478,0.0599276685795754,37.604,40.8931,310.667,-1.08589332481122,0.710188,0.1959302694732715,42.9592,64.66013,47.4079
1687242631058,-1.2406444206161051,1.16543,-0.0211026131273778,0.231348,44.99210000000005,0.255169,-0.96282969163491,0.708277,0.059957158415325,37.7389,40.88710000000003,310.611,-1.085847248150716,0.710098,0.1958396657131022,42.986,64.69967,47.4013
1687242631113,-1.2409803646194064,1.16538,-0.0207157244138621,0.239355,44.90409999999997,0.380601,-0.9627553538249812,0.708251,0.0599625417242493,37.7732,40.907100000000014,310.6,-1.0858400233197218,0.709893,0.1956593308805903,43.0307,64.74189,47.417
1687242631169,-1.2413120220568077,1.16521,-0.0204212609964118,0.298208,44.81709999999998,0.46072,-0.9628380374590162,0.708139,0.0599491392370635,37.9084,40.90009999999995,310.573,-1.085863297175293,0.710067,0.1956824853109837,42.9822,64.71951,47.3713
1687242631224,-1.241636168666752,1.16519,-0.0202652511721649,0.293113,44.71010000000001,0.439741,-0.963003363013793,0.707913,0.0600585142842075,38.0288,40.82709999999997,310.599,-1.0859840689982925,0.710353,0.1958404815981851,42.9312,64.74258999999999,47.4682
1687242631281,-1.2417266531509568,1.16514,-0.020173649817818,0.286579,44.6771,0.493342,-0.963233902940802,0.707838,0.0602806923705585,37.9795,40.60209999999995,310.803,-1.0860728982802224,0.710405,0.1960448882729093,42.9227,64.64514,47.414
1687242631336,-1.2416237425069394,1.16516,-0.020237386326703,0.292394,19.598100000000045,0.488965,-1.0240204164574505,0.708636,0.1705693980689778,37.451,16.2081,312.312,-1.192044657513105,0.710226,0.2414379818686511,42.9738,39.65015,47.4144
1687242631392,-1.2413318849743955,1.16517,-0.0202522504007612,0.319117,19.70610000000005,0.373372,-1.023990018706683,0.70864,0.1707011259200506,37.5839,16.191100000000006,312.384,-1.1917971114501067,0.709992,0.2411157379909838,43.0276,39.7202,47.3885
1687242631447,-1.240969269593988,1.1652,-0.0202607413307277,0.28337,19.74510000000004,0.364741,-1.023567064113224,0.708118,0.1705368966538648,37.9974,15.371100000000013,310.443,-1.191660155272221,0.709988,0.240948592170399,42.9615,39.79806,47.4202
1687242631503,-1.2406046638970465,1.16514,-0.0203743656932459,0.304656,19.80310000000003,0.325541,-1.023083289023871,0.707931,0.1704812594098501,38.0873,15.750100000000032,310.871,-1.1916534451095149,0.709814,0.2410485951389373,43.0018,39.74843,47.3837
1687242631559,-1.2404549571536367,1.16511,-0.0204926804470922,0.325511,19.82710000000003,0.248317,-1.0226431563805012,0.707729,0.1703067868726409,38.1459,15.989100000000008,310.944,-1.1918188475396678,0.709704,0.2412105921021788,43.0254,39.70515,47.4278
1687242631614,-1.240439519663562,1.16535,-0.0207554006288449,0.264845,19.820100000000025,0.26269,-1.0227362084746032,0.707605,0.170338382881617,38.2572,15.875100000000032,310.72,-1.191847536979051,0.709816,0.241324704222779,43.0136,39.68926,47.4188
1687242631670,-1.2406707455953618,1.16539,-0.0208506739643768,0.263312,19.67610000000002,0.22843,-1.0231652962681976,0.707505,0.1704149900966051,38.2755,15.831100000000047,310.846,-1.191797922460483,0.709975,0.2413020220811852,42.9586,39.69229,47.4131
1687242631725,-1.241216294862311,1.16534,-0.0207423660360844,0.232465,19.28710000000001,0.184128,-1.023244363900798,0.707387,0.17042717490169,38.3493,15.783100000000047,310.772,-1.191750311878612,0.709892,0.2412880223492637,43.0027,39.7183,47.4328
1687242631782,-1.2416976295406512,1.16539,-0.0206015507761612,0.203688,19.057100000000048,0.141603,-1.0230068734199185,0.70719,0.1704491867505811,38.4257,15.901100000000042,310.804,-1.19173338126171,0.70985,0.2413273257105871,43.0205,39.74765,47.4889
1687242631837,-1.2421132321308124,1.16552,-0.0204396534721337,0.123049,18.96410000000003,0.156628,-1.023165174700547,0.707061,0.170573969419856,38.4697,15.78910000000002,310.778,-1.1917396919717191,0.709913,0.24144814398296,43.0183,39.70395,47.4347
1687242631893,-1.242281587792854,1.16554,-0.0204525616501014,0.133932,19.010100000000023,0.265226,-1.0243043161908976,0.707792,0.1708557613022125,37.6039,15.350099999999998,310.953,-1.191796354167434,0.709855,0.241524006856467,43.0511,39.71657,47.5136
1687242631949,-1.242504384634845,1.16536,-0.0203532000955993,0.161616,353.98806,0.337096,-1.1273227199536304,0.708777,0.245167771742774,37.065,350.39506,312.452,-1.3071764455668882,0.7098,0.2383972599836092,43.0581,14.72866,47.4957
1687242632004,-1.2426905811241813,1.16553,-0.0204157869740872,0.163787,353.92706000000004,0.346893,-1.1269268527531824,0.708206,0.2449570553228885,37.6372,350.58706,311.872,-1.3071438757422849,0.709825,0.2384376304743828,43.0349,14.75734,47.5342
1687242632060,-1.242766592653815,1.16536,-0.0204438762489576,0.212634,353.89106000000004,0.376273,-1.125978179384905,0.706583,0.2451389712384135,38.4504,349.72806,309.783,-1.3072212147051865,0.70983,0.238502608046031,43.0127,14.73679,47.5035
1687242632116,-1.2428329382641543,1.16525,-0.0203955598957356,0.238639,353.84906,0.448063,-1.1254843557227314,0.707215,0.2451769611143997,38.2384,350.74906,311.152,-1.3072523027405945,0.709879,0.2385260408020461,42.9477,14.76048,47.4983
1687242632172,-1.2429196218457454,1.1652,-0.0202786970843601,0.351941,353.81406000000004,0.440409,-1.1251550522588674,0.707371,0.2453506836480191,38.3163,350.52206,310.819,-1.3071461270250095,0.709998,0.2385606647449179,42.8274,14.78062,47.493
1687242632227,-1.2431483864534985,1.16522,-0.0202341595244858,0.297795,353.69106,0.502899,-1.1249546713406624,0.707479,0.2453812839359156,38.2186,350.69306,310.892,-1.3070713903858768,0.710309,0.2384845002205567,42.6663,14.575399999999998,47.0337
1687242632282,-1.2435613295915768,1.16531,-0.0202926516155246,0.253566,353.41906,0.476209,-1.1249454252565765,0.706909,0.2452700739097081,38.527,350.55006000000003,310.639,-1.3071044274908823,0.710338,0.238506632542912,42.6772,14.7619,47.3699
1687242632339,-1.2443584613613932,1.16531,-0.020365438644242,0.288797,352.98006000000004,0.413017,-1.124921642783854,0.706548,0.2450783657878373,38.5327,350.61706000000004,310.857,-1.3071491900567271,0.710452,0.2385564661931798,42.6458,14.781009999999998,47.3553
1687242632394,-1.2453473627578522,1.16545,-0.0205663224431999,0.221495,327.50800000000004,0.364349,-1.248158116982429,0.706076,0.2704127508433665,38.0977,328.303,314.523,-1.4107606874671998,0.710557,0.1880218665131499,42.6135,349.70251,47.2013
1687242632450,-1.246021720749442,1.16556,-0.0209188435619702,0.114854,327.232,0.397584,-1.2481652144779345,0.706265,0.2704951991032484,37.9993,328.18100000000004,313.828,-1.4107558889332936,0.710529,0.1880921109013411,42.6263,349.79694,47.3294
1687242632505,-1.246543596922087,1.16539,-0.0212857332189863,0.192889,327.014,0.535638,-1.247438725206348,0.706008,0.2712843681461475,39.1465,326.42499999999995,310.405,-1.4108010635871235,0.710733,0.1880786472223732,42.566,349.77073,47.2845
1687242632561,-1.247067798512301,1.16526,-0.021739038340088,0.233077,326.765,0.52658,-1.246643492442754,0.706539,0.271866649943653,38.5093,327.28700000000003,311.241,-1.4108331317473093,0.710777,0.1880519144129005,42.5855,349.8266,47.3924
1687242632617,-1.2484485199300108,1.16525,-0.0225438323302976,0.27834,325.88200000000006,0.484581,-1.246352141120468,0.706672,0.2722319605608027,38.5586,327.503,311.645,-1.410826497453694,0.710937,0.1879911879265191,42.5223,349.83889,47.3781
1687242632673,-1.2498970491063917,1.16544,-0.023289402090128,0.208774,324.842,0.438607,-1.2463166441393687,0.707034,0.2724801517256995,38.484,327.242,311.186,-1.410828199717658,0.710946,0.1880174533467023,42.5242,349.89375,47.4658
1687242632728,-1.2514207736427565,1.1652,-0.0242034241465793,0.294394,323.889,0.447212,-1.2465116052763678,0.70697,0.2722839989407078,38.5983,327.246,311.465,-1.4107560632266003,0.711068,0.1880133028457767,42.4341,349.80547,47.2572
1687242632784,-1.2528119798653663,1.16533,-0.025044576889053,0.27047,322.986,0.411393,-1.2467536944356896,0.706723,0.2718273209371442,38.2266,326.756,311.122,-1.4108007962762694,0.711607,0.1881692201131569,42.1452,349.89255,47.205
1687242632840,-1.254089511011638,1.16544,-0.0262308847983472,0.203895,296.96000000000004,0.287025,-1.373701868724471,0.70796,0.246767058753257,37.5576,303.005,313.517,-1.486799854149369,0.712441,0.1018272942810819,41.7777,324.60081,46.6616
1687242632895,-1.2546655017157102,1.16545,-0.0276347247105958,0.175305,296.0640000000001,0.205968,-1.3739583685363022,0.707825,0.2467826361898437,37.9098,302.539,312.753,-1.48711356676816,0.712262,0.1016059794537178,41.7742,324.72715,47.118
1687242632951,-1.2552137416714977,1.16553,-0.0288688933358846,0.170449,295.44100000000003,0.0645915,-1.3733776483740716,0.706876,0.2469608736246857,38.7024,301.4680000000001,310.435,-1.4872018096369826,0.711941,0.1014848177184135,41.9243,324.89889,47.4829
1687242633006,-1.255639372488546,1.16564,-0.0298878901646627,0.0677883,294.99800000000005,0.133758,-1.373414969107673,0.706815,0.2469953214525339,38.6932,302.202,311.797,-1.486990269527923,0.711921,0.1014295742368169,41.8984,324.64414,47.1978
1687242633062,-1.2558821592203615,1.16572,-0.0308780197626847,0.109365,294.611,0.191938,-1.3732569885177937,0.706489,0.2471167073793185,39.0378,302.163,311.206,-1.4868559081737625,0.711863,0.1014659064058712,41.8293,324.60685,47.0622
1687242633118,-1.2560895041516948,1.16577,-0.03153701097821,0.0889488,294.3430000000001,0.281827,-1.3733757421931962,0.706799,0.2469199590004729,38.9119,302.101,311.495,-1.4868041141904444,0.711774,0.1014671804906628,41.7902,324.54276,47.0336
1687242633174,-1.2561956299202706,1.16585,-0.0319972548463323,0.110301,294.168,0.353191,-1.373504209415436,0.706393,0.2466886001173281,39.1169,301.9359999999999,311.328,-1.486753938970633,0.711793,0.1014244247037226,41.7591,324.24152,46.5942
1687242633230,-1.2562992292071389,1.166,-0.0321066873308164,0.0603275,294.15100000000007,0.286293,-1.3735780338924004,0.706212,0.2465965840502479,39.1807,301.89200000000005,311.362,-1.48692897779225,0.711551,0.101361570022696,41.7791,324.33443,46.9637
1687242633284,-1.256320957812434,1.16593,-0.03191385478011,0.0498402,294.188,0.279848,-1.373632492494086,0.706212,0.2464224417213831,39.23,301.82400000000007,311.353,-1.487200441228702,0.71163,0.1010046492714506,41.5775,323.80073,46.5058
1687242633341,-1.2563131369625504,1.16592,-0.0316120781368668,0.0886489,294.31500000000005,0.177811,-1.3737760691295444,0.706415,0.246407219706061,39.1834,301.759,311.361,-1.4873608764676725,0.712237,0.1006250984657652,40.7684,323.40509,46.0895
1687242633396,-1.2563140014474643,1.16592,-0.0313214372629936,0.0868146,294.41200000000003,0.178677,-1.3738639700197737,0.706491,0.2463817404302288,39.1916,301.713,311.313,-1.487651242947998,0.713489,0.0993856963691462,38.8476,322.48917,46.0808
1687242633453,-1.2664062269706169,1.16579,-0.0276966848266931,0.134871,294.37200000000007,0.108805,-1.3840176416885823,0.706451,0.2497345742632966,39.2363,301.591,311.351,-1.497491322170656,0.71486,0.1032165031593121,38.3133,323.47535,45.7767
1687242633509,-1.289823443874081,1.16563,-0.0190020307384612,0.176812,294.323,0.0968867,-1.407393000149986,0.706221,0.2581339077792207,39.3122,301.509,311.267,-1.520052557734087,0.716402,0.1121578039039472,37.1071,324.20737,46.6212
1687242633564,-1.3198250183537998,1.16539,-0.0088021146810374,0.232538,294.347,0.0558702,-1.4374431807410724,0.706014,0.2682065372700409,39.3247,301.399,311.195,-1.549214469483991,0.717132,0.1234664095781079,36.9,324.66892,45.8164
1687242633621,-1.3511612822867407,1.16553,0.001786660746037,0.174602,294.352,0.0883614,-1.4687781839581977,0.705933,0.278881330917253,39.3806,301.43000000000006,311.191,-1.5805791596450536,0.715931,0.1337828480169587,37.4914,324.5716,46.5299
1687242633676,-1.3824121510972789,1.1654,0.0126983765286516,0.201762,294.385,0.0706616,-1.500204866980239,0.70594,0.289727363738352,39.3856,301.438,311.259,-1.612085185289935,0.714852,0.1446960274552538,38.0208,324.48914,46.4851
1687242633732,-1.4090305431720438,1.16577,0.022846593157465,0.128708,294.4459999999999,0.0593129,-1.5270393178580024,0.705793,0.2997349351267664,39.4465,301.47,311.31,-1.6393215528284284,0.71327,0.1555482873826147,40.2061,324.64038,46.8059
1687242633787,-1.420998892657686,1.16589,0.0273091378551252,359.9978619,294.53700000000003,0.0893938,-1.539269275197486,0.705538,0.3039714923672335,39.5316,301.39200000000005,311.304,-1.651497732910196,0.712683,0.1602232939434743,40.5704,324.48977,46.389
1687242633842,-1.4207764165940369,1.16581,0.0272651144669872,0.00779716,294.5640000000001,0.100765,-1.539383741394628,0.705365,0.3035770604596604,39.5962,301.2729999999999,311.287,-1.6516533544962906,0.712054,0.1597773125067065,40.9525,325.17657,47.8947
1687242633898,-1.420566506630024,1.16604,0.0272284274468831,359.895,294.53099999999995,0.0940698,-1.5394888751635556,0.705276,0.3032306130890091,39.603,301.19900000000007,311.344,-1.651647562223924,0.712617,0.1598139781524915,40.6102,324.81344,47.24
1687242633957,-1.4203072335592788,1.16624,0.0272489693285485,359.764,294.514,0.0383683,-1.539584026124066,0.705135,0.3030699073494914,39.668,301.1700000000001,311.353,-1.6516063740664877,0.71299,0.1603598140854302,40.8376,324.7936,46.6313
1687242634010,-1.4199968090359465,1.16652,0.0273784282296516,359.686,294.559,0.0564832,-1.5395569917410823,0.705011,0.3032263974199007,39.7255,301.317,311.45,-1.65189925416666,0.712545,0.1603924233927363,41.3574,325.15654,47.0851
1687242634064,-1.4198141902753358,1.16664,0.0274514935075684,359.58,294.591,359.954,-1.5395403896201394,0.705177,0.3034254501254342,39.6931,301.342,311.533,-1.651971009815266,0.712477,0.1603643019259695,41.178,324.66236,46.6095
1687242634120,-1.4197625412754864,1.16691,0.0274665077071991,359.432,294.58899999999994,359.927,-1.5396109580183068,0.705545,0.3035261643308874,39.5185,301.328,311.626,-1.6521386528938764,0.712467,0.1604554126728329,41.4833,324.70875,46.5016
1687242634176,-1.41975627783253,1.16699,0.0272962646735932,359.426,294.47,359.807,-1.5396880756307074,0.70552,0.3034765038450095,39.4681,301.232,311.478,-1.6522763423222508,0.712692,0.1602966508344903,41.3013,324.4787,46.3644
1687242634232,-1.4197871709087648,1.16656,0.0269708925102837,359.637,294.182,359.287,-1.5397244123390714,0.7053,0.3032402737799771,39.5066,301.1859999999999,311.521,-1.652268950693591,0.712573,0.1602689274900716,41.4221,324.4821,46.3346
1687242634287,-1.4198913388026009,1.16657,0.0269330869853198,359.594,294.078,359.413,-1.5396896580591717,0.705166,0.3031825361836586,39.588,301.176,311.428,-1.6522036841639178,0.712536,0.1603164804090609,41.4233,324.47085,46.2779
1687242634343,-1.4198912372976515,1.16655,0.0269998070772019,359.647,294.197,359.578,-1.5396420180960997,0.705298,0.3032181198023408,39.5993,301.128,311.391,-1.6520953530441973,0.712625,0.1604229723735469,41.4062,324.58667,46.3736
1687242634399,-1.4200615089595578,1.16666,0.0268872714087424,359.624,294.146,359.621,-1.539469442029442,0.705549,0.3033964423786371,39.5419,301.19900000000007,311.356,-1.6516005575274997,0.712844,0.1609236527572807,41.276,325.17206,46.6282
1687242634454,-1.420177019890598,1.16665,0.0268538155783642,359.608,294.192,359.528,-1.5394263655972142,0.70537,0.3035189616872645,39.6383,301.241,311.413,-1.6512709202216145,0.713375,0.1611344792892182,40.9656,325.07823,46.2359
1687242634510,-1.4201796455997548,1.1666,0.0268152011438685,359.614,294.208,359.576,-1.5394023478086805,0.705122,0.3033397138537101,39.7597,301.24,311.339,-1.6515730831061208,0.713152,0.1611846638608183,41.373,325.4186,46.7029
1687242634565,-1.420218762639051,1.16657,0.0267858778841468,359.599,294.206,359.591,-1.539471505614855,0.705117,0.3031217207165585,39.8349,301.26,311.451,-1.6520265648110986,0.712882,0.1608919705174528,41.4928,325.23238,46.5733
1687242634622,-1.4202387373588077,1.16635,0.0268707492385347,359.702,294.236,359.605,-1.5394724016826438,0.70514,0.3031933100807303,39.8092,301.237,311.411,-1.652130161116797,0.712716,0.1607593618622084,41.6278,325.20106,46.6523
1687242634678,-1.4202981171843536,1.16638,0.0268857690346097,359.69,294.1859999999999,359.67,-1.5394036205551431,0.705154,0.3032804718068477,39.8255,301.313,311.483,-1.6517846019577718,0.712895,0.1609706623061596,41.6014,325.15094,46.2907
1687242634733,-1.4203158184754792,1.16631,0.0270061398123486,359.669,294.21900000000005,359.683,-1.539360357890433,0.705329,0.3031201640034129,39.7995,301.27199999999993,311.504,-1.6515131041123692,0.712911,0.1611627257590648,41.5517,325.2146,46.2984
1687242634788,-1.420237900954612,1.16624,0.0270866891013021,359.754,294.242,359.643,-1.5393478150937163,0.70545,0.3030436844751027,39.7918,301.26199999999994,311.53,-1.6513926792190894,0.712691,0.1612358881474795,41.5984,325.18975,46.149
1687242634844,-1.420225395917175,1.16635,0.0272139267079862,359.638,294.307,359.613,-1.5394082157893123,0.70559,0.3031583492298075,39.7323,301.385,311.698,-1.6515045592641868,0.71273,0.1611731711202141,41.6047,325.24411,46.3359
1687242634901,-1.4201316720461423,1.16634,0.0272389036855387,359.691,294.36400000000003,359.659,-1.5392229964626492,0.70413,0.3034432229580284,40.6824,300.68100000000004,310.355,-1.6515987752900485,0.712843,0.1612280836913687,41.5674,325.26074,46.2362
1687242634956,-1.4200819417430206,1.16637,0.0270480400225449,359.66,294.333,359.648,-1.53855673280798,0.702258,0.3038382919424691,41.9393,300.64300000000003,309.793,-1.6512037605342775,0.712766,0.1613996832039646,41.5694,325.13495,45.6757
1687242635011,-1.4200267523832717,1.16635,0.0268332835322437,359.694,294.25700000000006,359.676,-1.5387726255417775,0.70281,0.3038174492580571,41.4868,300.846,310.336,-1.6508718522634562,0.712752,0.1615664763086193,41.5635,325.23804,45.7007
1687242635067,-1.419958950451896,1.16643,0.0266709179628924,359.675,294.20000000000005,359.733,-1.5389723433091516,0.704274,0.3040177331900014,41.1122,300.736,310.152,-1.6505948280669491,0.71308,0.1617405411659274,41.3823,325.408,45.7401
1687242635123,-1.4199485955610027,1.16652,0.0265767872998564,359.611,294.16599999999994,359.777,-1.5390617505525528,0.704649,0.3043355748877496,40.8137,301.063,310.811,-1.6506131088369695,0.713292,0.1616091322490021,41.3108,325.40173,45.88
1687242635179,-1.4199944468548018,1.16645,0.0265062830018247,359.664,294.091,359.773,-1.5388970486857287,0.704329,0.3043793194310057,40.8833,301.20399999999995,310.943,-1.6507428675492253,0.71336,0.1615286514028725,41.2782,325.33712,45.8234
1687242635234,-1.420114289017031,1.16659,0.0265047453893226,359.654,294.101,359.758,-1.538873215040785,0.704093,0.3042348711102516,40.9493,301.2919999999999,311.1,-1.6507686823327452,0.713386,0.1614323238006402,41.272,325.29448,45.8444
1687242635290,-1.420233209647133,1.16657,0.0264111010187702,359.642,294.0999999999999,359.773,-1.5391401049309437,0.704866,0.3044544722863206,40.6723,301.415,311.38,-1.650674965724486,0.713419,0.1614919929495899,41.2672,325.33104,45.8157
1687242635345,-1.4204086641391356,1.16661,0.026239446063304,359.623,294.03,359.831,-1.5388850861984404,0.706772,0.3058983039960681,39.9093,302.551,312.519,-1.65062694900134,0.713437,0.1615769344253148,41.2494,325.33931,45.7929
1687242635401,-1.4205835004360594,1.1667,0.0260364629059288,359.623,293.95399999999995,359.828,-1.5383924243584948,0.707824,0.3076057106733016,39.5412,303.183,312.749,-1.6506370389881533,0.713466,0.1615411288089103,41.2305,325.31699,45.7674
1687242635457,-1.420661188962996,1.16682,0.025906167235692,359.516,293.8499999999999,359.899,-1.5378787140136794,0.70801,0.3093561396754692,39.6946,303.495,312.335,-1.650585348197214,0.713544,0.1615110743228545,41.1814,325.27171,45.7238
1687242635513,-1.4206411156403136,1.16681,0.0257103534705566,359.557,293.749,359.9,-1.5367691810472195,0.709,0.3112719996406909,39.5439,304.56500000000005,312.555,-1.6504764749932792,0.713603,0.1615496613085488,41.1481,325.24787,45.6254
1687242635568,-1.420525059503382,1.16697,0.0255514067336273,359.42,293.727,359.893,-1.5362736881941037,0.711118,0.3129461829020189,38.8183,305.504,313.415,-1.6503428885739737,0.713679,0.1615454129468529,41.0993,325.18289,45.5502
1687242635624,-1.4203370459559983,1.16706,0.025343743524319,359.395,293.70900000000006,359.918,-1.5357781950153857,0.713225,0.3142944719473812,37.8978,306.36,314.055,-1.6502091200710034,0.713773,0.1616025491666539,41.0225,325.19192,45.4814
1687242635680,-1.4202497237840357,1.16731,0.0251141127180588,359.269,293.636,359.925,-1.535588609784115,0.71476,0.3151227729374108,37.3006,307.153,314.995,-1.6502143389283614,0.713794,0.1615885041131518,41.0236,325.15859,45.4705
1687242635736,-1.4201622936741316,1.16745,0.0248956895364087,359.215,293.552,359.956,-1.5354686296603088,0.715952,0.315035613486452,36.5804,307.602,315.702,-1.6501768625769786,0.713926,0.161569612498953,40.9518,325.1089,45.3631
1687242635792,-1.4201014590463952,1.16749,0.0247196779431309,359.168,293.5160000000001,359.957,-1.535716861683764,0.71589,0.3143619732987172,36.782,307.28600000000006,315.486,-1.650150297264562,0.713968,0.161564508169791,40.9392,325.09174,45.3368
1687242635846,-1.4200956855377436,1.16757,0.0245198160403133,359.091,293.4649999999999,359.964,-1.5357964380071705,0.716056,0.3139428291126032,36.7266,307.1959999999999,315.546,-1.6502505797182496,0.713958,0.161538770270064,40.9631,325.07432,45.343
1687242635903,-1.4201374306863472,1.16777,0.0242325773321487,359.037,293.38300000000004,359.99,-1.5358891954266165,0.715797,0.3136556239226472,36.8339,307.1379999999999,315.594,-1.65042570791154,0.714007,0.1614934567410149,40.9448,325.04944,45.3362
1687242635959,-1.4202591172177887,1.16789,0.0240752001922404,358.89,293.217,359.977,-1.535938125244742,0.715898,0.3134858315997989,36.7196,307.07500000000005,315.626,-1.650575079199388,0.714019,0.1614895904292677,40.9689,325.03373,45.366
1687242636014,-1.420429768951084,1.1679,0.0238443215454944,358.901,293.15200000000004,359.891,-1.5360849480663734,0.716108,0.3132043266104147,36.6444,307.063,315.772,-1.650674214875491,0.714069,0.1614387237631329,40.954,325.0089,45.3668
1687242636070,-1.4205464577819444,1.16784,0.0237431095681772,358.964,293.096,359.931,-1.5362262615640905,0.716084,0.3127483828141383,36.6028,306.831,315.646,-1.650877123569681,0.71408,0.1613459901563769,40.9505,324.93103,45.3005
1687242636125,-1.420693599220108,1.16764,0.0235945426850061,358.974,293.0640000000001,359.976,-1.5363607035962925,0.715872,0.3123819145617925,36.6581,306.72800000000007,315.642,-1.651017643691128,0.713989,0.1612686144788771,40.9603,324.90752,45.3297
1687242636182,-1.4207803797729692,1.16745,0.0235706969464959,359.077,293.077,359.949,-1.5364150283674334,0.715599,0.3121629309340015,36.6705,306.71900000000005,315.701,-1.6511140397042583,0.713989,0.1612167760891203,40.97,324.92011,45.3539
1687242636237,-1.4207826840215587,1.16738,0.0236115060145866,359.082,293.115,0.0477226,-1.5365549550733903,0.715413,0.3118684932887182,36.6765,306.6700000000001,315.789,-1.651205131765505,0.714094,0.161142699936562,40.9394,324.90644,45.3896
1687242636292,-1.420679069455207,1.16732,0.0236487789489991,359.174,293.18000000000006,0.0239337,-1.5367762467117494,0.715265,0.311453823419072,36.6708,306.4649999999999,315.797,-1.6513444453341646,0.713978,0.1611618388912708,40.9562,324.89165,45.4109
1687242636348,-1.420455342892867,1.16721,0.0240154093063122,359.159,293.297,0.0212032,-1.536851743925681,0.715336,0.3111631060637446,36.5352,306.482,315.984,-1.6513115139328738,0.713762,0.1611827099911226,41.0074,324.84261,45.3602
1687242636404,-1.4202362806035076,1.16737,0.0241596394553126,359.093,293.332,359.961,-1.537132943446772,0.715691,0.3108481688647061,36.2492,306.337,316.113,-1.651258268005815,0.713821,0.1612452029607404,40.9543,324.83259,45.3295
1687242636460,-1.4201139414702386,1.16758,0.0242704538793331,359.0,293.3499999999999,359.918,-1.5368558918944808,0.716498,0.3105459099568589,35.8507,306.548,315.832,-1.6513657831010953,0.713786,0.1612073679995688,40.9655,324.7831,45.3308
1687242636515,-1.419953423043948,1.16766,0.0243236350387892,358.976,293.4459999999999,359.938,-1.5387699182869217,0.716824,0.3097182186079615,36.3558,304.82400000000007,314.947,-1.6515329048120655,0.713775,0.1610813474309206,40.9447,324.66266,45.3115
1687242636572,-1.4197768906536654,1.16759,0.0242165436374202,358.977,318.515,359.947,-1.4057669392278338,0.716908,0.3330133437608313,36.091,329.49,311.265,-1.5722801278275338,0.71373,0.2461737533570257,41.0078,349.58452,45.4263
1687242636626,-1.4196595361899758,1.16764,0.0241098103087356,358.995,318.557,0.01478,-1.407541454677968,0.717316,0.3329910698470586,36.4985,328.598,312.242,-1.5724667199309643,0.713874,0.2461482167766488,40.9519,349.46118,45.3146
1687242636682,-1.4197015132516342,1.16764,0.0239643623390196,358.973,318.635,0.0689688,-1.408456562951053,0.719373,0.3318113135126694,34.6391,329.789,316.149,-1.572458501131739,0.71405,0.2461063195053858,40.8995,349.45202,45.3322
1687242636739,-1.4196208479189174,1.16764,0.0240363847424625,359.005,318.7919999999999,0.142504,-1.4088894325812338,0.720993,0.3300691704952144,32.756,329.8109999999999,316.284,-1.572404343997106,0.714096,0.2461157775584817,40.8735,349.41293,45.2473
1687242636794,-1.419523699472182,1.16756,0.0242060136792537,359.024,319.004,0.1141,-1.410239949524577,0.722083,0.3289292855774519,31.5083,328.698,317.253,-1.572480379575308,0.714152,0.2460479833784404,40.8447,349.40701,45.3101
1687242636850,-1.41923771670239,1.1674,0.0244561725237547,359.148,319.301,0.238793,-1.4106293355782695,0.722251,0.3283409798226019,31.6193,328.93499999999995,317.42,-1.5726610966342771,0.714279,0.2459540610988817,40.7922,349.30141,45.2426
1687242636905,-1.4190427301224615,1.16749,0.0246349988130633,359.087,319.485,0.287793,-1.4103246241534602,0.721778,0.328500623919237,31.8465,328.5799999999999,316.419,-1.5727864215774847,0.714337,0.2459770964762397,40.7442,349.25041,45.2173
1687242636961,-1.4189740584609227,1.16755,0.0246849440370741,359.053,319.597,0.277832,-1.4113539595984437,0.720885,0.3286327291488858,32.8806,327.64200000000005,316.064,-1.5729393320869132,0.714015,0.2459282137992839,40.8738,349.202,45.3513
1687242637017,-1.4188563820212154,1.16766,0.0246332862822082,359.05,319.592,0.321707,-1.4117715518473886,0.720601,0.3285403380041749,33.4911,326.062,312.967,-1.5728431008943613,0.713942,0.2459243878902368,40.8625,349.20428,45.3224
1687242637073,-1.418923579892323,1.16786,0.0245002850316185,358.973,344.45906,0.3226,-1.2846044633612606,0.720165,0.2971413420457223,34.2256,349.92906,312.029,-1.464778819909365,0.714109,0.2903659411537818,40.7974,14.20185,45.3569
1687242637128,-1.4189318979060197,1.16762,0.0244810594354472,359.1,344.41206,0.333754,-1.2848010970271415,0.720067,0.2970610632101415,33.9358,350.39306,312.895,-1.4648361561700018,0.714126,0.2904327053149477,40.7741,14.20224,45.3654
1687242637183,-1.4189265971786398,1.16756,0.0245579311102647,359.05,344.50306,0.302872,-1.2848318917632782,0.721003,0.296414679667478,33.1586,352.10306,316.017,-1.4649235277669583,0.71406,0.290509213118767,40.7616,14.14574,45.3047
1687242637240,-1.41898604114657,1.16747,0.0246487549902561,359.12,344.60106,0.35116,-1.286066912526953,0.721877,0.2963860287810662,32.1626,351.15706,315.42,-1.4649758310966043,0.714098,0.2905637740178428,40.7307,14.168959999999998,45.3311
1687242637295,-1.4189461385584123,1.16745,0.0247752336286039,359.109,344.64906,0.359748,-1.285583956415813,0.721549,0.2962468712993681,32.4968,351.59306000000004,315.554,-1.4649742834077122,0.714042,0.2905274041861261,40.7431,14.1085,45.2556
1687242637351,-1.4187426906972789,1.16741,0.0248299445772353,359.118,344.75506,0.388281,-1.2854863929033686,0.721004,0.2964353791268966,32.5898,351.91906,316.485,-1.464909586780131,0.714001,0.290482482071532,40.7422,14.14763,45.2501
1687242637406,-1.4183597290179115,1.16757,0.0249549956572803,359.037,344.98206,0.447939,-1.285161806858825,0.720585,0.2964424607713113,32.9412,351.74706000000003,315.634,-1.464979938721689,0.714084,0.2905610949478246,40.7456,14.16077,45.3463
1687242637462,-1.417887374644573,1.16765,0.0250161958969198,359.048,345.25106,0.56329,-1.2852717158183975,0.720787,0.2965339458007188,33.0045,351.28606,314.79,-1.465136498207308,0.714081,0.2906611810480721,40.7507,14.15762,45.4669
1687242637518,-1.417395064944869,1.16754,0.0250742599366467,359.068,345.46606,0.667044,-1.2863560639857623,0.720224,0.2972948612375005,34.4427,348.44806,311.407,-1.465071997459801,0.714158,0.2906747100380953,40.7297,14.12173,45.3374
1687242637574,-1.4169334702908565,1.16749,0.0250083811209683,359.156,10.68610000000001,0.525353,-1.183105833802159,0.720195,0.2158863229128869,33.9938,14.862099999999998,312.619,-1.3484077576261324,0.714103,0.2860281604706758,40.768,39.16391,45.4819
1687242637629,-1.416372709186495,1.16762,0.0248336773806199,359.148,10.991100000000015,0.546435,-1.182884541660948,0.720143,0.2157536794877264,33.8718,15.25410000000005,313.607,-1.3488095791156007,0.71431,0.2864280327760453,40.7639,39.01353,45.4235
1687242637685,-1.415759490926787,1.16771,0.0246250012532801,359.035,11.331100000000047,0.556275,-1.182708611802998,0.721385,0.2152437556452933,32.888,16.586100000000044,314.707,-1.3491546027516212,0.714701,0.2869021378494067,40.6479,38.86525,45.3844
1687242637741,-1.4152444425989876,1.16792,0.0242302958794491,358.986,11.621100000000013,0.597197,-1.1829917619833252,0.72192,0.2155429796005187,32.5802,16.02510000000001,314.706,-1.349278663071114,0.714814,0.2870236698909734,40.6498,38.94548,45.5691
1687242637796,-1.4148020933130745,1.16793,0.023831555879384,358.997,11.881100000000004,0.622803,-1.1830127680360794,0.721727,0.215513958302345,32.6635,16.251100000000008,314.937,-1.3492503149221458,0.715037,0.2868876924205966,40.5533,38.87496,45.4495
1687242637852,-1.414319075857171,1.16788,0.0235484234670875,358.984,12.153100000000052,0.603952,-1.1831155642004914,0.721445,0.2155216523638316,32.7117,16.1601,314.907,-1.3490705645134176,0.714882,0.2867680745266088,40.6019,39.00619,45.5724
1687242637907,-1.4136592461564128,1.16791,0.0232789380203613,359.019,12.55110000000002,0.670741,-1.1833535090476504,0.721845,0.2154582245331063,32.1563,16.82910000000004,316.503,-1.349050490746376,0.714807,0.2866737558440653,40.6225,38.9408,45.5072
1687242637963,-1.4130467376580331,1.16802,0.0229772669587516,358.907,12.876100000000008,0.613544,-1.183162259454315,0.721613,0.2151615248818612,32.2164,16.56710000000004,315.94,-1.3490100248534154,0.714914,0.2866250609623332,40.5836,39.00114,45.5349
1687242638023,-1.412662757474659,1.16822,0.0226767897734678,358.843,13.07710000000003,0.589125,-1.1827163240598424,0.72175,0.2146655642141096,31.596,16.744100000000003,316.109,-1.3490304904952988,0.714908,0.2866300466921992,40.5767,38.99999,45.5518
1687242638076,-1.412404898397323,1.16815,0.0223496107022616,358.833,13.24210000000005,0.58073,-1.1827245940182711,0.721284,0.2148222473905759,32.21,15.168100000000038,312.421,-1.3491036142928332,0.714643,0.2866164588213518,40.6674,39.01675,45.6332
1687242638131,-1.412121873568034,1.1683,0.0221649055087617,358.78,13.331100000000047,0.61014,-1.1837512605903924,0.721991,0.2154609301284741,32.2165,14.997100000000046,313.652,-1.349108272822366,0.714706,0.2866267422109969,40.6864,39.00051,45.6247
1687242638186,-1.41211518931365,1.16821,0.0219804091522488,358.802,38.36009999999999,0.557535,-1.123067067445965,0.721305,0.1002124244828003,32.2002,39.6291,311.59,-1.243188004218736,0.714815,0.2353191342269205,40.6507,64.00775,45.6549
1687242638242,-1.412157538110543,1.16829,0.0219089673696441,358.746,38.35609999999997,0.589456,-1.123347922284372,0.721599,0.1005164537737303,31.8965,40.62009999999998,315.178,-1.2432334521802904,0.714791,0.2354269084482843,40.6576,63.90964,45.5695
1687242638298,-1.4120877862478507,1.16814,0.0218123593691938,358.776,38.417100000000005,0.597953,-1.1232495297445153,0.721291,0.1000705094744052,31.8969,40.66210000000001,313.792,-1.2432846480738138,0.714695,0.2354039449884766,40.6852,63.96039,45.657
1687242638354,-1.411826393882233,1.16812,0.0218626544593794,358.882,38.607099999999946,0.554009,-1.1233570159825383,0.721908,0.1001621299886782,31.874,41.11209999999994,315.003,-1.2432656178494557,0.714861,0.2351746742520952,40.6055,63.97278,45.5287
1687242638409,-1.4114975915734969,1.16813,0.0218843616418278,358.886,38.86410000000001,0.590142,-1.1234027118141414,0.721801,0.1002326271586505,31.7929,40.87310000000002,314.685,-1.243321471678716,0.714886,0.2352543689806344,40.6069,63.97939,45.6129
1687242638464,-1.411279019979205,1.16798,0.0219266602300853,358.9,39.00509999999997,0.631582,-1.1232428675040107,0.721618,0.1002015002166409,31.8937,40.79610000000002,314.463,-1.2433964729247018,0.714906,0.2355355433270827,40.6224,63.93083,45.6318
1687242638521,-1.4111401563081951,1.16791,0.0219548935751544,359.014,39.032100000000014,0.604724,-1.1230942542122948,0.721554,0.1000447459518653,31.8788,41.122100000000046,314.816,-1.2434444708019037,0.714966,0.2356134093901917,40.6288,63.94673,45.6879
1687242638577,-1.411109642007666,1.16795,0.0220152604854878,358.995,38.96109999999999,0.670908,-1.1228818863226833,0.721324,0.1000007258489358,31.9992,41.1001,314.678,-1.2433311898201873,0.715074,0.2355296597682143,40.6048,63.98168,45.7104
1687242638632,-1.4110669328024557,1.16763,0.0220234229783853,359.184,38.95410000000004,0.633173,-1.12273495006535,0.721198,0.0999283912356382,32.1109,41.38909999999999,314.961,-1.2432760424943456,0.714735,0.2353945474354962,40.7506,63.99742,45.7566
1687242638687,-1.4110390155661614,1.16728,0.0220428373935888,359.346,38.8691,0.615636,-1.122641381944065,0.721075,0.0999238068404565,32.3248,41.320100000000025,314.78,-1.2432359982106318,0.714339,0.2351603635219969,40.9081,64.06542,45.847
1687242638743,-1.4108453632342015,1.16724,0.0221401380987585,359.384,38.93610000000001,0.570801,-1.1224666985143634,0.721019,0.0997893944177133,32.3799,41.51710000000003,314.614,-1.2429919325384469,0.71401,0.2347712427082888,41.1109,64.20661,45.7424
1687242638799,-1.4106466918803258,1.16742,0.0221331677867708,359.345,39.094100000000026,0.599839,-1.1222574376939412,0.720825,0.0998191937303942,32.4737,41.57410000000005,314.626,-1.243047791554588,0.71378,0.2346829730061497,41.1689,64.24217999999999,45.8093
1687242638855,-1.4105244430706785,1.16734,0.022132341385077,359.376,39.18010000000004,0.594604,-1.12199393304308,0.720501,0.0999095491894129,32.7216,41.27509999999995,314.134,-1.2428488549604562,0.713309,0.234478953371028,41.4314,64.40603999999999,45.6198
1687242638911,-1.4103392569072484,1.167,0.0221490200083433,359.615,39.30309999999997,0.585609,-1.1218786653607458,0.720367,0.0998653297207448,32.848,41.29610000000002,313.814,-1.242956223470022,0.713321,0.2344730573423966,41.3999,64.50077999999999,45.9284
1687242638966,-1.409961324763371,1.16664,0.0221693369033978,359.713,39.50109999999995,0.595358,-1.121854800400683,0.720276,0.0999355896928569,32.8777,41.320100000000025,313.852,-1.242908839597465,0.713264,0.2345434613807858,41.4582,64.46261,45.852
1687242639022,-1.4094989797565527,1.16613,0.0220694401213188,359.905,39.81209999999999,0.643258,-1.1217549065306789,0.719634,0.09999670609602,33.3504,41.083099999999945,313.397,-1.242947123319356,0.712883,0.234774129555093,41.5347,64.41574,45.8759
1687242639078,-1.4086892057464673,1.16549,0.02176455209238,0.292367,40.320100000000025,0.580092,-1.1216967881093334,0.718704,0.1002140916960498,33.9217,40.57709999999997,312.578,-1.2431381108740711,0.711434,0.2348558946084095,42.3437,64.51365,46.1729
1687242639134,-1.4075839183276952,1.16538,0.0213623893920903,0.298279,41.08609999999999,0.673994,-1.121209982766604,0.715985,0.1001412623181158,35.3311,39.34209999999996,310.039,-1.2433093304581977,0.709311,0.2345493580298228,43.039,64.36071,46.2934
1687242639189,-1.4049881743154151,1.16509,0.0191711320864294,0.436729,43.27509999999995,0.938326,-1.120800245979804,0.713101,0.0998455398544053,36.8768,38.95209999999997,308.97,-1.2428109471099795,0.70729,0.2337811396961318,44.1742,65.16153,46.7244
1687242639244,-1.400969998483225,1.16502,0.0154282312873698,0.381371,47.25909999999999,1.5953,-1.1204230700509925,0.709244,0.0994098538221241,38.5975,38.53009999999995,307.754,-1.2429026071448253,0.706106,0.2330435926210158,44.8014,65.13447,46.5929
1687242639300,-1.3967632298217263,1.16479,0.0107593799309188,0.448888,51.66309999999999,2.13873,-1.1197295917281949,0.703442,0.0989493991492083,41.1884,36.87810000000002,304.91,-1.2429470306907862,0.706197,0.2333432705957892,44.5534,65.14399999999999,46.6732
1687242639356,-1.3922984494818431,1.16452,0.0057174080392285,0.446184,55.7011,2.20146,-1.119387735482137,0.69615,0.0978176482636194,44.8974,37.50710000000004,305.618,-1.2429076227757807,0.706,0.2333737336264152,44.6376,65.26008999999999,46.7297
1687242639412,-1.3886410299288623,1.16397,0.0009964529691742,0.576417,58.62615,2.0654,-1.119816088666977,0.686983,0.0952729935622822,49.5244,38.41210000000001,306.725,-1.2424091752133966,0.705439,0.2330596795426124,44.8842,65.51472,46.7321
1687242639467,-1.3852506657047494,1.16349,-0.003129977743664,0.775096,60.8192,1.55272,-1.120471668193691,0.677362,0.0917984644180451,54.8726,38.65009999999995,306.046,-1.2414045094934056,0.703054,0.2316572336787463,45.9284,66.02992,46.6228
1687242639523,-1.3824703789495665,1.16289,-0.0065459118119614,1.19298,62.59987,0.968659,-1.1208672558753388,0.672241,0.0896854929591444,57.0989,35.99109999999996,302.238,-1.2404019446114756,0.702144,0.2302381942474687,46.263,66.0993,46.1875
1687242639579,-1.3799914594480431,1.16223,-0.0088878258485919,1.552,64.04142999999999,0.455721,-1.1192809919068538,0.675882,0.0890732506686369,55.7657,38.23109999999997,303.711,-1.2391785323439857,0.702077,0.2294544850706977,46.3445,66.7697,46.3447
1687242639634,-1.3780088956545802,1.16192,-0.010403408655584,1.72278,65.05436999999999,0.0635318,-1.117294531111317,0.680835,0.0900866896198302,53.0425,39.22609999999997,305.561,-1.2390075457380307,0.702169,0.2297124286897,46.2495,66.5294,46.0378
1687242639691,-1.3767466696315005,1.16164,-0.0113007969086048,1.86906,65.89753999999999,359.844,-1.115740201986456,0.684646,0.0901843483194352,51.3372,39.7971,305.284,-1.2382128632865212,0.702492,0.2299371375040861,46.0559,66.6722,45.9765
1687242639745,-1.3761577902163258,1.16143,-0.01164094198704,1.98399,66.4719,359.634,-1.1150231254033225,0.690255,0.0902036352041409,48.3477,41.33510000000001,307.154,-1.237764227786576,0.703724,0.2308599137273325,45.6191,66.6976,46.2452
1687242639802,-1.3763372962145304,1.16129,-0.0114043434946345,2.14801,66.7531,359.647,-1.114567722145842,0.69402,0.0905446632280279,46.391,43.17510000000004,310.629,-1.2372486794389193,0.704843,0.2315355994392049,45.1674,66.8293,46.0356
1687242639858,-1.3774529898544103,1.16102,-0.0103395482505,2.32556,66.54169999999999,359.743,-1.1144534481074813,0.69446,0.0894021258351358,46.2661,44.36410000000001,311.15,-1.2370026042308608,0.705069,0.2317615976072926,45.1149,66.93639999999999,46.1316
1687242639914,-1.3791968749322554,1.1607,-0.0086592067390003,2.42085,66.22149999999999,359.9,-1.1148988316180255,0.693632,0.0893389313849424,46.8227,43.6241,310.573,-1.2364466635443705,0.705253,0.231337623594994,45.0817,67.1903,46.1897
1687242639968,-1.3807086171253542,1.16097,-0.0069639289943209,2.33669,65.94537,0.11976,-1.115991607347082,0.691667,0.0879791179948095,47.5364,43.094100000000026,309.345,-1.2356723662833806,0.705425,0.2303695307938516,45.0647,67.5073,46.0304
1687242640024,-1.3821875957496446,1.16118,-0.0051309612043988,2.24515,65.7064,0.357401,-1.1164489919732206,0.691455,0.0877885737380811,47.7314,43.11209999999994,309.553,-1.2346549005022318,0.705399,0.2297585017976567,45.125,67.9493,46.106
1687242640080,-1.38369057224449,1.16142,-0.0033035199150706,2.09729,65.54147999999999,0.525174,-1.11682300012412,0.692313,0.0868311322761311,47.1751,43.11810000000003,309.123,-1.233430291379814,0.705309,0.2293197121586597,45.2542,68.33959999999999,46.0057
1687242640136,-1.3850020784904666,1.16157,-0.0016049917119591,2.08362,65.38933,0.597731,-1.1167515548149336,0.693187,0.0858152389117492,46.7277,43.274099999999976,309.092,-1.2320856540486778,0.705388,0.2288172508688921,45.1617,68.7093,46.0244
1687242640191,-1.3863764532136915,1.16145,0.0002462315944413,2.10888,65.44505,0.58777,-1.116542195872365,0.694173,0.0838016195129634,46.1898,43.78610000000003,308.935,-1.2299640058877337,0.705871,0.2278485478281398,45.077,69.5483,46.0626
1687242640247,-1.3875314952659648,1.16145,0.0020525735076682,2.26476,65.77261,0.598867,-1.1164560134456705,0.694143,0.0822751210395514,46.2825,44.01610000000005,308.697,-1.2278621303481696,0.706436,0.2269748743272356,44.7631,70.22449999999999,45.7758
1687242640302,-1.388568915599969,1.16163,0.0042647362821029,2.18014,66.1938,0.634385,-1.1162854232238688,0.694204,0.07936190284892,46.237,45.510099999999966,309.208,-1.225835587838957,0.706451,0.2262053955696636,44.7776,71.1143,46.0203
1687242640359,-1.3898402352617074,1.1615,0.0066779025253769,2.07685,66.5857,0.636257,-1.116295473583687,0.694213,0.0769128462468245,46.3297,46.09910000000002,309.017,-1.2238678220403565,0.706576,0.2252533918869727,44.6659,71.9144,46.0532
1687242640414,-1.3911601366305266,1.1618,0.0091472159657059,1.93532,66.8338,0.628783,-1.1162523544920264,0.694834,0.0743898814623033,45.87,47.06910000000005,309.341,-1.2215511128032883,0.707239,0.2241965045699497,44.512,72.8246,46.1124
1687242640470,-1.3927822094821691,1.16191,0.0118438182860276,1.84673,67.12259999999999,0.607011,-1.1161006324815046,0.694956,0.0717218268917363,45.9111,47.92809999999997,309.121,-1.2192419271011037,0.7077,0.223207817519956,44.3487,73.7627,46.1158
1687242640525,-1.39438257253581,1.16194,0.0144023533232199,1.87643,67.3888,0.638287,-1.1162220350291665,0.695023,0.0688665847528939,45.841,49.205100000000016,309.684,-1.21683342180301,0.707362,0.2222633539690155,44.5056,74.4508,45.9704
1687242640582,-1.3958783947501907,1.16203,0.0171136871265288,1.7897,67.7416,0.735237,-1.116530153259948,0.695132,0.06583524180861,45.8702,49.87009999999998,309.317,-1.2141664966843502,0.707582,0.2207343459404358,44.3682,75.4813,46.0089
1687242640637,-1.3973524712771015,1.16192,0.0199719330296677,1.83029,68.1105,0.762555,-1.1166244579973994,0.695403,0.0628620607080892,45.6089,50.87710000000004,309.489,-1.2117375897633658,0.707948,0.2191376549186054,44.3203,76.615,46.1601
1687242640693,-1.3986538133920208,1.16234,0.0230070036565128,1.82705,68.4065,0.782878,-1.1166770517062006,0.694924,0.0598675142129092,45.8449,52.122100000000046,309.698,-1.2092880384160511,0.708089,0.2180170332800182,44.2618,77.50829999999999,46.1473
1687242640748,-1.4001382318688311,1.16265,0.0265564690230439,1.6561,68.4269,0.774504,-1.1167712368857992,0.694928,0.0574884216880283,45.7601,52.85609999999997,309.651,-1.2071798817066814,0.708137,0.2172577079618975,44.265,78.3249,46.1939
1687242640803,-1.401521903962048,1.16291,0.030018784363225,1.51445,68.26389999999999,0.743012,-1.1167896165861135,0.694742,0.0554687301777683,45.8123,53.73509999999999,309.709,-1.2052186850211366,0.708203,0.2164739490317359,44.2537,79.1593,46.3417
1687242640860,-1.40292195687165,1.16315,0.0335180201212606,1.40273,68.1366,0.816514,-1.1168233767529652,0.694329,0.0539905383731861,45.9948,54.469100000000026,309.91,-1.2036411855419145,0.708117,0.2159132889448257,44.2917,79.90039999999999,46.5285
1687242640915,-1.404141994213743,1.16322,0.0366203525858424,1.38705,68.0737,1.00939,-1.1171776797049229,0.694153,0.05282343750855,46.0051,54.9271,309.974,-1.202297337762176,0.708222,0.215554160228497,44.331,80.2923,46.5162
1687242640972,-1.4051552216844905,1.16301,0.0391102359129329,1.41151,68.0789,1.31778,-1.117277004317826,0.693916,0.0513963643249776,45.9821,55.27509999999995,309.851,-1.2011121304891408,0.708636,0.2149728573470794,44.1842,80.8618,46.6738
1687242641026,-1.4060136923926354,1.16253,0.0409360446246156,1.57009,68.0766,1.72368,-1.1173175818145689,0.693863,0.0504100029932345,46.0201,55.583099999999945,309.874,-1.2007106644826095,0.70836,0.2144945783326957,44.2978,80.9899,46.5743
1687242641082,-1.4065455482046143,1.16221,0.0422436393325295,1.6526,67.94149999999999,1.91019,-1.1171642829311832,0.693906,0.0498045662068127,46.0071,55.76509999999996,309.871,-1.200495979207881,0.708386,0.2138795545259899,44.2949,81.21629999999999,46.5948
1687242641139,-1.4069640557459402,1.16194,0.0429828285778201,1.74913,67.8496,2.09391,-1.1168056130085862,0.694055,0.0494516277892039,45.9931,55.97609999999997,309.93,-1.2004637228652033,0.708462,0.2134377155187067,44.2969,81.3034,46.5656
1687242641194,-1.406861335367915,1.16206,0.0428031086414237,1.70422,67.7745,2.11312,-1.1164912144648125,0.694192,0.0493653352885282,45.9284,56.01109999999994,309.926,-1.2004393317927036,0.708594,0.2132357841551637,44.2346,81.3143,46.5432
1687242641250,-1.4063743167707172,1.16219,0.0418490493476774,1.67297,67.7762,2.08208,-1.1164630851136088,0.694255,0.0496951019175264,45.9442,55.810100000000034,309.789,-1.2003832829265164,0.708465,0.2136417890992212,44.2713,81.1225,46.4975
1687242641305,-1.40556608526054,1.16238,0.0404045325102689,1.63764,67.8575,1.98422,-1.1166942338141572,0.694372,0.0504470201565889,45.8516,55.490099999999984,309.722,-1.2006380061692683,0.70825,0.2140033841760708,44.2668,80.8518,46.3934
1687242641362,-1.4049346807027454,1.16262,0.0390008136986844,1.64672,67.7826,1.7841,-1.1164798284508513,0.694409,0.0511285052629453,45.9646,55.33609999999999,309.766,-1.2010487377329853,0.708009,0.2140625215801961,44.2804,80.77109999999999,46.4446
1687242641417,-1.4044848327739836,1.16249,0.0376933316417946,1.64806,67.6614,1.71312,-1.1161738675252362,0.694666,0.0519715322803041,45.9126,55.07410000000005,309.754,-1.20171853405803,0.707922,0.2142883978803184,44.2937,80.4131,46.3326
1687242641472,-1.4040633422782869,1.1624,0.0361519710264819,1.69491,67.6432,1.59065,-1.116153119883719,0.695154,0.0528325112494847,45.7754,54.6721,309.788,-1.202376927606494,0.707746,0.2148961754591585,44.3927,80.0551,46.3819
1687242641527,-1.403808754106167,1.16243,0.0347244826067598,1.76361,67.68509999999999,1.59685,-1.1162780947050877,0.695655,0.0535834981561774,45.5134,54.46510000000001,309.9,-1.2028630336278328,0.707917,0.2151735823552845,44.3138,79.80969999999999,46.3401
1687242641583,-1.4034728957940013,1.16266,0.0333033571464878,1.61238,67.6989,1.50347,-1.116098220456868,0.696126,0.0541032123996107,45.4473,54.31910000000005,309.983,-1.2034034610865068,0.708328,0.2151754294912026,44.1476,79.68169999999999,46.3214
1687242641640,-1.4032923415397174,1.16288,0.0320846145610088,1.48716,67.66799999999999,1.41263,-1.1156977718054288,0.696462,0.0545061048015749,45.3237,54.18809999999996,309.884,-1.2040222661148725,0.708479,0.2151398994071966,44.0616,79.4867,46.2204
1687242641695,-1.4031534012083309,1.16307,0.0311500759683257,1.32809,67.5077,1.40038,-1.11531399976938,0.696628,0.0551098482192176,45.3745,53.931100000000015,309.868,-1.2052829620755572,0.708253,0.2157415529160478,44.2956,79.20009999999999,46.5092
1687242641751,-1.402934404674936,1.16352,0.0303079614364709,1.12126,67.2704,1.34778,-1.1150860339845543,0.696273,0.0559317800235352,45.7097,53.47109999999998,309.65,-1.2059117658131775,0.70876,0.2161441459606407,44.052,79.0113,46.4318
1687242641806,-1.4028447804517794,1.16388,0.029683427620314,0.867651,67.0356,1.41325,-1.1150576588634378,0.696075,0.0570135599699669,45.7941,53.02610000000004,309.51,-1.207216193708282,0.709291,0.2171122109566371,43.9548,78.5402,46.5616
1687242641863,-1.4027306863795004,1.16384,0.0287948192334692,0.925263,66.8586,1.5724,-1.1147575033743775,0.696552,0.0589117787883298,45.6364,52.40210000000002,309.463,-1.2086285477017302,0.709376,0.2181119590284985,43.8056,77.98259999999999,46.369
1687242641918,-1.4022396341770262,1.16355,0.027578408400508,1.00189,66.7329,1.81289,-1.1144696503811171,0.69733,0.0609908957509538,45.2719,51.95410000000004,309.713,-1.2104006437639256,0.709424,0.2192559617847679,43.8654,77.37299999999999,46.6777
1687242641975,-1.401486471699664,1.16345,0.0261333623893742,1.02335,66.5221,2.01307,-1.114449901313373,0.697321,0.0622789376696518,45.2858,51.55510000000004,309.624,-1.2117681767897794,0.70985,0.2197695418498005,43.6161,76.80359999999999,46.4183
1687242642030,-1.4004207145528187,1.16324,0.0243917398400404,1.1357,66.2714,2.08669,-1.1143788732723057,0.697186,0.06422316586289,45.3599,50.79510000000005,309.632,-1.213297813728541,0.70991,0.2203618894298377,43.4911,76.2512,46.4291
1687242642085,-1.39929456181283,1.16297,0.0223469327351487,1.28658,65.88741,2.06312,-1.1141060791291362,0.697391,0.0660957652208553,45.4039,50.24810000000002,309.608,-1.215223002545053,0.709823,0.2209742972194495,43.5512,75.57589999999999,46.4787
1687242642141,-1.398067752670428,1.16301,0.0202491700011583,1.32688,65.44024999999999,1.90155,-1.113692109771444,0.698274,0.0684608634811591,45.0806,49.43709999999999,309.552,-1.2169149592059805,0.710015,0.2217247896628116,43.4078,74.9014,46.4133
1687242642197,-1.396780587226888,1.1631,0.0179146095541025,1.35064,64.97914,1.78216,-1.113500259952279,0.698631,0.0706019675437601,44.9823,48.65610000000004,309.435,-1.2187557767868744,0.710166,0.2226315084692072,43.3078,74.1886,46.436
1687242642252,-1.3955522656303754,1.16316,0.0155331490892742,1.28086,64.53766,1.58975,-1.113352238834356,0.698246,0.0728774777258179,45.1557,47.99609999999996,309.526,-1.2207815459989049,0.70983,0.2234754869047078,43.399,73.5189,46.5656
1687242642307,-1.3944387193695404,1.16319,0.0131682856820178,1.29159,64.00112,1.5233,-1.11340495372833,0.698513,0.0754518274359298,45.1061,47.22109999999998,309.453,-1.2230300605951954,0.71013,0.2245119406471721,43.2897,72.5974,46.352
1687242642363,-1.3934861959967144,1.16307,0.0109928018658932,1.40024,63.39676,1.5529,-1.11365388621067,0.698879,0.0785244498304385,44.8808,46.2011,309.517,-1.22536851469762,0.710517,0.2255468629731724,43.0359,71.76339999999999,46.3953
1687242642419,-1.392802740991194,1.16327,0.0092983146232651,1.41878,62.44647,1.5564,-1.1138743919353575,0.698817,0.0814282164301121,44.8951,45.47609999999997,309.553,-1.2282813874540746,0.710613,0.2270074370228884,42.9299,70.9143,46.864
1687242642475,-1.392677536149859,1.16346,0.0085598926316464,1.36746,60.67319,1.62691,-1.1142863814467232,0.698923,0.0846780072622311,44.9093,44.50909999999999,309.746,-1.2307407317366306,0.710919,0.2282023243899064,42.9011,69.4751,45.8562
1687242642531,-1.3930247963432414,1.16358,0.0084903558924954,1.41204,57.8237,1.51175,-1.1148456905714257,0.699381,0.0882565155133079,44.6801,43.20410000000004,309.525,-1.2338839135697457,0.710752,0.2296102769686446,42.8111,68.9059,47.2403
1687242642586,-1.3940455792315072,1.16402,0.0093045882518524,1.29867,54.681100000000015,1.29018,-1.115267644691883,0.699706,0.0919574651495808,44.5021,41.97910000000002,309.584,-1.2369717434235457,0.711151,0.2307625253073204,42.7625,67.4472,46.5783
1687242642642,-1.3954038030442288,1.1643,0.0102551715646428,1.21423,51.54409999999996,1.22158,-1.1154558482058083,0.699253,0.0953938139280587,44.6234,40.92110000000002,309.381,-1.2402222948342725,0.711416,0.2322090413895756,42.5751,66.5715,47.2184
1687242642698,-1.3964759975302874,1.16409,0.010728205891162,1.33489,48.7491,1.35095,-1.116244898492991,0.699688,0.099210700635088,44.3725,39.93709999999999,309.954,-1.2438686991119432,0.711321,0.2338365084810352,42.7495,65.08363,46.896
1687242642753,-1.39724656769191,1.16367,0.0109424975522613,1.56571,46.31910000000005,1.5354,-1.1172034181485515,0.700311,0.1034197349459369,44.0691,38.32809999999995,309.595,-1.2475948815447395,0.711058,0.2351357617002031,42.8302,64.03197,47.2615
1687242642809,-1.397506952803819,1.16315,0.0106056710635521,1.82808,44.18610000000001,1.68829,-1.118230194962336,0.70101,0.1072461268383959,43.635,37.19910000000005,309.7,-1.25130176415601,0.711207,0.2364434081838761,42.9772,63.39253,48.3366
1687242642864,-1.3975697344362323,1.16293,0.0098959679801211,1.96431,42.20910000000004,1.687,-1.1193412827671931,0.701742,0.1108358417003169,43.1621,35.028099999999995,308.105,-1.254146887068822,0.712133,0.2372800843583862,42.3276,63.47194,49.9196
1687242642921,-1.3972908744311252,1.16339,0.0087299486888777,1.79799,40.66210000000001,1.7173,-1.120139765424644,0.703579,0.1141085281221652,42.2326,32.27509999999995,305.084,-1.2568259830136,0.713177,0.2379095383191125,41.6458,63.81491,51.9732
1687242642976,-1.3966308376417451,1.16373,0.0072441916001633,1.6598,39.38909999999999,1.80435,-1.1218349535469505,0.707079,0.1183600512562893,40.3459,28.85209999999995,303.606,-1.259153335243067,0.714008,0.2376392004379446,41.2039,63.87783,52.6833
1687242643032,-1.3958075384002475,1.16388,0.0057844272359767,1.58852,38.35609999999997,1.66579,-1.1227891351852444,0.709786,0.1207843136288766,38.928,27.433099999999968,303.347,-1.26099852207865,0.713961,0.2378577645745068,41.192,63.28547,53.1174
1687242643087,-1.3948304258713404,1.16396,0.0043557510144862,1.5849,37.68610000000001,1.52275,-1.1236019859711353,0.710076,0.1223344786555355,38.328,25.962099999999964,301.497,-1.26224000522714,0.713929,0.2378577196806283,41.1558,62.9768,52.682
1687242643143,-1.39370903362178,1.16389,0.0029562132934419,1.58572,37.29610000000002,1.34277,-1.123491149429382,0.708974,0.1235696398397589,39.2363,25.46810000000005,300.742,-1.2638616606296291,0.713588,0.2382420671348645,41.3312,61.97343,52.4156
1687242643199,-1.3927783005885042,1.16366,0.0019120496756264,1.75213,37.13109999999995,1.06482,-1.1236165662430286,0.708071,0.1241434525817355,40.1633,26.223100000000045,302.198,-1.2642606300165575,0.713419,0.2380943996763845,41.3675,61.98122,52.3941
1687242643255,-1.3919646304881337,1.16349,0.0012266992121681,1.85741,37.23310000000004,0.841437,-1.124624654018,0.708104,0.1246872867641415,39.8146,27.07910000000004,304.391,-1.264704033661726,0.713532,0.2378590325218123,41.3602,61.6591,51.8923
1687242643311,-1.3912642790647909,1.16326,0.0008927984427437,1.97226,37.40009999999995,0.688872,-1.124479728812226,0.708032,0.124596611603643,39.8606,27.038099999999982,303.789,-1.2647525318855912,0.713442,0.2377825780106183,41.3887,61.60673,51.7504
1687242643366,-1.3908833778147691,1.16281,0.0012941195083904,2.16303,37.68010000000004,0.649238,-1.1248567280295203,0.708628,0.125007475291695,39.9757,27.37710000000004,304.718,-1.2643199429149414,0.713272,0.237479924623933,41.4337,61.6832,51.3414
1687242643423,-1.3908650523694226,1.16274,0.0020986482077249,2.17441,37.88310000000001,0.607831,-1.1237080578813288,0.709242,0.1243919759410423,39.2265,28.91409999999996,305.636,-1.264257052899877,0.71335,0.2372920613598146,41.4507,61.79785,51.3399
1687242643477,-1.3913511580687823,1.16269,0.0032521270757801,2.22681,37.92010000000005,0.65848,-1.123533132111111,0.708761,0.1242815831201084,39.6335,28.486099999999965,305.197,-1.2637752105041946,0.713412,0.2372850566668902,41.524,62.02641,51.3285
1687242643534,-1.3922406848856927,1.16265,0.0042690435335078,2.20482,37.96510000000001,0.774133,-1.1230844432613711,0.708473,0.1231801886966074,39.4604,29.70309999999995,305.881,-1.2631906171795937,0.713818,0.2375231467650291,41.3668,62.19151,51.3655
1687242643588,-1.3932710285047822,1.16228,0.0050885373020025,2.27943,38.0711,0.861972,-1.123183018900347,0.708508,0.1228869335800272,39.5533,29.73410000000001,306.196,-1.2624945821141755,0.714036,0.2377166146892662,41.3721,62.28121,51.103
1687242643644,-1.394379877316321,1.16223,0.0059118956220243,2.33669,38.14210000000003,0.991638,-1.122971903333756,0.708615,0.1213052411707571,39.2123,29.81110000000001,305.226,-1.2618145011925368,0.71403,0.2376982642118091,41.3689,62.57731,51.2583
1687242643700,-1.395377571838428,1.16202,0.0066344114215455,2.31091,38.25609999999995,1.12054,-1.122601013551654,0.709046,0.1197920186823131,38.2497,31.25509999999997,306.887,-1.260792156773804,0.71416,0.2372352209206513,41.2794,62.87765,51.0036
1687242643756,-1.3962315842452326,1.16227,0.0073385530614332,2.23024,38.51210000000003,1.14189,-1.1222603709466952,0.708937,0.1184523323810893,38.1696,32.320100000000025,308.989,-1.25942171196162,0.714348,0.2363315284083674,41.2333,63.41373,50.7859
1687242643812,-1.397062961829087,1.16254,0.0080861023595163,2.05101,38.76310000000001,1.2246,-1.1212057571021294,0.709242,0.1158137501028856,37.0151,33.78009999999995,309.266,-1.258686427931082,0.714293,0.2361779826027076,41.2686,63.52344,50.633
1687242643867,-1.3978984178920122,1.16282,0.008631565028346,1.883,13.911100000000031,1.21285,-1.1919518106749087,0.710878,0.2227938119080521,36.2215,11.33910000000003,313.574,-1.367000940100138,0.714024,0.2738749037465138,41.3823,38.93191,50.6366
1687242643923,-1.3988005910910886,1.16302,0.009158147186103,1.84147,13.98010000000005,1.16374,-1.19056471191909,0.711487,0.2216920507308428,36.6403,11.608100000000036,311.726,-1.3663404829041967,0.714238,0.2741224864444744,41.3074,38.97957,50.3394
1687242643979,-1.3995835197000848,1.16302,0.0097833101114396,1.83848,14.116100000000015,1.22683,-1.1910828862609937,0.711255,0.2219075175760706,36.659,9.957100000000024,309.993,-1.365397830327074,0.714439,0.2743974672598848,41.2708,39.36339,50.3183
1687242644034,-1.400248555996824,1.16288,0.0105534130682054,1.92048,14.197100000000034,1.26311,-1.1892093840716578,0.71029,0.2199077270954069,36.9943,12.045100000000048,310.289,-1.3650609534260345,0.714256,0.2745488376782167,41.2525,39.54908,50.605
1687242644090,-1.4010083806128062,1.16258,0.0111950044903329,2.04229,14.07310000000001,1.26492,-1.1898252788813857,0.709626,0.2202436713666045,37.5205,10.283100000000047,309.741,-1.3645741766719897,0.714177,0.27474970470319,41.3899,39.72681,50.4838
1687242644145,-1.401814371947304,1.16251,0.0117464924491446,2.02761,13.905100000000004,1.23719,-1.1898987773204026,0.711222,0.2194698463027419,36.2396,12.246100000000013,312.861,-1.3641340205901755,0.714258,0.2748116949737342,41.332,39.903220000000005,50.5703
1687242644201,-1.4025726421147051,1.16267,0.0118802462804125,2.01171,348.70106000000004,1.25139,-1.2978063264520612,0.712897,0.2896383745479309,35.4535,347.98606,314.211,-1.4783582394653938,0.714429,0.2664848016427416,41.2589,15.01608,50.4429
1687242644257,-1.4032042176963366,1.16284,0.0117596132638416,1.91032,348.57406000000003,1.31575,-1.2984949292199082,0.712088,0.2896410926563338,36.2979,345.41306000000003,310.077,-1.478182177573817,0.714432,0.2666700576287028,41.2711,15.01507,50.3632
1687242644313,-1.4035470875938632,1.16292,0.0116745318712216,1.82859,348.56106,1.41105,-1.29766641990708,0.711322,0.2894482475149466,36.8239,346.27106000000003,311.257,-1.478192079422452,0.714316,0.2667591120693198,41.3087,15.07697,50.4211
1687242644368,-1.4039244105043256,1.16289,0.0115710038014038,1.84273,348.41106,1.49757,-1.2976955822129437,0.710384,0.2894784138855721,37.3426,346.47006,311.549,-1.4781646570444311,0.714517,0.2668614793647988,41.2825,15.01838,50.3342
1687242644424,-1.404543119184051,1.16295,0.0113806106039606,1.85499,348.06906000000004,1.47734,-1.2977546738662091,0.710287,0.2895861961963393,37.5527,346.34506,311.202,-1.4783387498970717,0.714685,0.2669942113076741,41.2581,14.90397,50.2782
1687242644480,-1.4052551699822,1.16317,0.0110704498861785,1.76031,347.52206,1.60059,-1.29801434051717,0.710056,0.2896031585186699,37.8322,346.22106,311.079,-1.478670624755133,0.714617,0.2669923328543481,41.2896,14.7837,50.2447
1687242644536,-1.4061050670186983,1.16336,0.0106070571398481,1.63064,346.98206,1.58648,-1.297914112806473,0.709915,0.2895236690476157,37.9216,346.23706,310.901,-1.4787482280665694,0.714522,0.2670520085282368,41.3003,14.74871,50.285
1687242644591,-1.4069160186504337,1.16355,0.0102088985521146,1.50737,346.51906,1.55386,-1.2979723775931866,0.709883,0.2894621066026575,38.0227,346.15206,310.867,-1.4787039519054683,0.71444,0.2670588467705651,41.3343,14.68656,50.1922
1687242644646,-1.407667316971223,1.16365,0.0098627007427936,1.49208,346.17306,1.54639,-1.2980413936700526,0.71001,0.2894251244294648,37.9298,346.23606,311.024,-1.4786524028749746,0.714525,0.2669228054994185,41.3076,14.73453,50.2575
1687242644702,-1.4082090528466502,1.16363,0.0097696863284527,1.4367,346.00806,1.56851,-1.2981757938920944,0.710184,0.2893154728434521,37.9274,346.34906,311.287,-1.4786163287607492,0.714654,0.2669649137917474,41.2909,14.68565,50.1733
1687242644758,-1.4086312934255407,1.16361,0.0096749765953821,1.4771,345.87906000000004,1.64597,-1.2981019772892275,0.710138,0.289240110524345,37.9119,346.17906,311.006,-1.4786343233918768,0.714649,0.2669301275408632,41.2918,14.69059,50.1967
1687242644814,-1.4091346690660056,1.16354,0.0095597643799421,1.51599,345.67406,1.70952,-1.2979405767090473,0.710304,0.2892418861136744,37.7601,346.28606,311.06,-1.478704818765992,0.714538,0.2669650085131599,41.348,14.6403,50.161
1687242644869,-1.4097472151389483,1.16347,0.0094129632950613,1.58283,345.39806,1.74281,-1.2980002349055435,0.710399,0.2893453039051362,37.7634,346.23406,311.125,-1.4787130208896857,0.714548,0.2669720188745566,41.325,14.6597,50.1811
1687242644925,-1.4103715895951132,1.16329,0.009312680801629,1.7398,345.10506000000004,1.81991,-1.2981462659438294,0.710353,0.2893235839636748,37.7364,346.24006,311.213,-1.4787045847324851,0.714502,0.267013356886745,41.3489,14.620349999999998,50.1203
1687242644981,-1.411115485696016,1.16337,0.0092844942611974,1.67901,344.78306000000003,1.86665,-1.2981958448845508,0.710296,0.2892529481467195,37.6794,346.41906,311.565,-1.4788756051448737,0.714196,0.2670966834644167,41.4286,14.51482,50.0507
1687242645037,-1.4116829948315013,1.16333,0.0092656350156985,1.6681,344.56706,1.87785,-1.2976295096714037,0.710467,0.2892108877574005,37.1912,346.25906000000003,311.43,-1.4789684228003714,0.713934,0.267122181166821,41.5379,14.47202,50.0281
1687242645092,-1.4119992327130808,1.16316,0.0093235574449888,1.71535,319.47900000000004,1.93698,-1.425537893112394,0.712225,0.3117139357790093,35.4004,322.3209999999999,311.982,-1.5815900270484742,0.713895,0.2146835191194601,41.5553,349.4569,49.984
1687242645148,-1.4120622288813771,1.16318,0.0095429833613706,1.73524,319.57400000000007,1.90492,-1.425937219792479,0.712086,0.3119808468176959,36.2032,322.112,312.32,-1.5814276066284434,0.714038,0.2147296338368183,41.5319,349.48306,49.9308
1687242645203,-1.4119540819374203,1.16304,0.0098284238604466,1.77718,319.678,1.90741,-1.4264533634198229,0.711179,0.3116475255673202,37.2416,321.375,310.788,-1.581407383950621,0.714102,0.2147162650933587,41.4998,349.483,49.9241
1687242645259,-1.4117964353214905,1.16295,0.0101128482519567,1.80451,319.721,1.85021,-1.4255067754039503,0.709893,0.3115524040229327,37.6585,321.87,310.701,-1.581537400239279,0.714031,0.2148406479486225,41.4882,349.45239,49.8707
1687242645315,-1.4116960580393232,1.1629,0.0103586318177717,1.86323,319.727,1.80497,-1.4257316275577223,0.710054,0.3115416690825954,37.5462,321.628,310.661,-1.581644707212598,0.713995,0.2148607639491489,41.5159,349.43257,49.9014
1687242645371,-1.4117529624204652,1.1629,0.010444844933983,1.87572,319.6569999999999,1.82946,-1.4257969696969943,0.7105,0.3117194903547631,37.5004,321.71900000000005,310.813,-1.5816345627901949,0.714057,0.2149308309220685,41.5038,349.44329,49.9218
1687242645426,-1.4118237699217513,1.16275,0.0103719706740444,1.90776,319.5450000000001,1.85812,-1.4257325280276931,0.710727,0.3118973666917438,37.4081,321.682,310.747,-1.5815265292465086,0.713957,0.2150338957727142,41.5525,349.35264,49.7848
1687242645482,-1.4118292252681426,1.1628,0.0101354427069967,1.86983,319.476,1.7825,-1.4256217649993048,0.710451,0.3119415387591876,37.5261,321.723,310.812,-1.5815010312584832,0.713726,0.215044319908489,41.6091,349.34209,49.8201
1687242645538,-1.411674701399238,1.16285,0.0098765437615784,1.85939,319.447,1.69846,-1.4258556331541912,0.710055,0.3118234932335202,37.6283,321.68000000000006,310.838,-1.5815232145077085,0.713828,0.2149961325299153,41.6435,349.25517,49.7248
1687242645594,-1.4117192009988404,1.16305,0.0095040284925823,1.78054,319.408,1.70393,-1.4261824982714042,0.709985,0.3115736022870071,37.7036,321.5799999999999,310.848,-1.5819612652494344,0.713848,0.2149150210160999,41.6407,349.16521,49.7714
1687242645650,-1.4119718788487587,1.16312,0.0091236350197668,1.68942,319.289,1.73659,-1.4263732095927737,0.710094,0.3113644237940841,37.6075,321.5709999999999,310.884,-1.582430339690962,0.713669,0.2148109168936762,41.7827,348.96222,49.7027
1687242645705,-1.4122898530950818,1.16318,0.0087335622537663,1.66586,319.13699999999994,1.79833,-1.4264608878475324,0.709647,0.3114395685453477,37.7877,321.554,310.888,-1.5825703621434897,0.713661,0.2147253300209204,41.7748,348.90778,49.6997
1687242645761,-1.412539945449045,1.16321,0.0084248749704372,1.6476,319.00800000000004,1.86054,-1.4264582458825197,0.709341,0.3114605568759357,37.8598,321.598,310.886,-1.5825742124097513,0.713718,0.2146705258655148,41.8286,348.82484,49.6348
1687242645816,-1.412679463581035,1.16325,0.0081075495429246,1.61185,318.89200000000005,1.92497,-1.4266663942456483,0.709168,0.3113451894675106,37.9279,321.45900000000006,310.816,-1.5826390781242043,0.713712,0.2146596199456317,41.8274,348.81195,49.6785
1687242645872,-1.4127032380250646,1.16321,0.0080698102502567,1.58359,318.9169999999999,1.9912,-1.4268631253268511,0.709,0.3112912345632961,37.9353,321.374,310.801,-1.5826950543221745,0.713582,0.2146829408645845,41.9076,348.74116,49.6151
1687242645927,-1.4125077842400309,1.16327,0.0080606461073103,1.64246,319.08899999999994,2.00223,-1.4267651923924962,0.708321,0.3113342891840545,38.234,321.444,310.734,-1.5826622080534782,0.713479,0.2145842599007022,41.9338,348.72211,49.6416
1687242645983,-1.4121687382049293,1.16332,0.0081979076787057,1.53979,319.293,2.00661,-1.4268423277409186,0.707994,0.3113502575284824,38.3472,321.396,310.782,-1.5825076034630894,0.713267,0.214623258242086,42.0251,348.75889,49.6231
1687242646039,-1.411926210377504,1.16343,0.0083581347130175,1.48314,319.3910000000001,1.92984,-1.4267786020509734,0.707882,0.3113959719292878,38.3662,321.4549999999999,310.705,-1.5823898568937422,0.713228,0.2146334604676746,42.0109,348.8212,49.6441
1687242646094,-1.411749294213027,1.16355,0.0083870166043466,1.45038,319.418,1.89831,-1.4268690126884886,0.707935,0.3114380472976653,38.4108,321.482,310.875,-1.5825591971168689,0.713121,0.2145597128654667,42.1062,348.75906,49.6527
1687242646150,-1.4115949099241154,1.16381,0.0085297393472339,1.34454,319.438,1.86316,-1.426875555275015,0.707741,0.3114068440196076,38.5415,321.34899999999993,310.567,-1.582765866639476,0.713034,0.2145952666054295,42.1053,348.7018,49.6359
1687242646206,-1.41144437387705,1.16382,0.0086404903676982,1.38336,319.48299999999995,1.90156,-1.427017908952222,0.707597,0.311416330883454,38.6241,321.289,310.656,-1.5828804642288488,0.712838,0.2145943876799605,42.2153,348.66068,49.6401
1687242646262,-1.41142872982625,1.16371,0.0088339988007821,1.38937,319.5609999999999,1.8202,-1.427007757114,0.707451,0.311500881638511,38.7074,321.169,310.385,-1.582866509655903,0.712831,0.2146125912481245,42.216,348.65525,49.6357
1687242646318,-1.4113938409753213,1.16362,0.0089907604289979,1.44035,319.75199999999995,1.84576,-1.4269454899671947,0.707415,0.311673996520681,38.745,321.198,310.47,-1.5829155624919928,0.712859,0.2146246477514122,42.2283,348.64742,49.6163
1687242646374,-1.4114470605718894,1.16354,0.0090634372103047,1.49136,319.842,1.86754,-1.4267112245644933,0.707348,0.3118168067832575,38.8067,321.18000000000006,310.259,-1.582985795276965,0.712947,0.2146318814168066,42.1946,348.62465,49.6088
1687242646429,-1.4116256274123498,1.16346,0.0090657007226301,1.50491,319.793,1.86884,-1.426516072458928,0.707319,0.3117858703048943,38.8524,321.2660000000001,310.324,-1.583063350834617,0.712911,0.2146604958445888,42.2593,348.60317,49.602
1687242646484,-1.411812555625536,1.16329,0.0089541128957181,1.55568,319.74700000000007,1.87719,-1.4264287926559884,0.707312,0.3116822608169176,38.8418,321.22,310.265,-1.58307313479005,0.71297,0.2146350530810579,42.2384,348.60674,49.638
1687242646540,-1.4120272597127794,1.16321,0.0088668368112444,1.6058,319.698,1.93771,-1.426371939940557,0.707389,0.311536942308984,38.8781,321.201,310.236,-1.5832107736703451,0.712863,0.214590343813215,42.3228,348.48574,49.5664
1687242646596,-1.412279145833332,1.16317,0.0087932517456875,1.61966,319.60300000000007,1.95599,-1.42639784423304,0.707395,0.3114490047878058,38.9123,321.19900000000007,310.263,-1.5832652243056655,0.712798,0.214501191256812,42.3189,348.48598,49.5718
1687242646652,-1.4125260248602889,1.16311,0.0087414650519443,1.69376,319.582,1.9758,-1.4264059219289051,0.707395,0.3113929641701298,38.8994,321.16599999999994,310.2,-1.5832621762491044,0.712766,0.2143997037730951,42.4026,348.45505,49.5518
1687242646707,-1.4127007941495755,1.1631,0.0085991597533004,1.66486,319.54600000000005,2.0069,-1.4264423483292945,0.707232,0.3113616733191557,38.9657,321.197,310.265,-1.5832361380772837,0.71283,0.2143675034065095,42.375,348.45592,49.5557
1687242646763,-1.4127914665924748,1.16281,0.0084803719551108,1.7735,319.519,2.01948,-1.426371246091202,0.70722,0.3113602339657371,38.9573,321.168,310.155,-1.5832814131112527,0.712759,0.214377788410112,42.4678,348.4201,49.5186
1687242646819,-1.4128308379875305,1.16288,0.0086222701797346,1.75669,319.514,2.03651,-1.426404599428087,0.707344,0.3114205826601607,38.9313,321.201,310.213,-1.583338354049329,0.712879,0.2143184366656474,42.4154,348.401,49.5574
1687242646875,-1.4128076332393356,1.16294,0.008711608579436,1.73393,319.477,2.04097,-1.4263014489546002,0.707309,0.3115175355859518,38.9355,321.24700000000007,310.199,-1.5834458523426915,0.712934,0.2144233662464346,42.4236,348.32342,49.4942
1687242646930,-1.4127887446486596,1.16298,0.0088343505475735,1.75218,319.45900000000006,2.03391,-1.4262430737241438,0.707135,0.3115909084860524,39.0224,321.227,310.137,-1.583396076271108,0.712861,0.2144079635616783,42.4243,348.34282,49.5272
1687242646985,-1.412710692458371,1.16303,0.0089615002907551,1.7162,319.463,1.95987,-1.4263097479109232,0.707188,0.3116038004532151,39.0192,321.212,310.104,-1.5833915368650524,0.712741,0.2143712539744746,42.5064,348.32032,49.5347
1687242647042,-1.4127016640336263,1.16301,0.009090378440752,1.73012,319.4939999999999,1.92794,-1.4263704337594247,0.707323,0.3116306877697722,39.0013,321.213,310.121,-1.583315117773124,0.712731,0.2143385507271,42.49,348.3468,49.5365
1687242647097,-1.412862908402821,1.16302,0.0091450838865778,1.7739,319.444,1.97071,-1.426294832785271,0.707426,0.3117167253354456,39.0226,321.23800000000006,310.089,-1.583402278283341,0.712719,0.214335335846278,42.5133,348.29684,49.5015
1687242647153,-1.4130739794565426,1.16286,0.0090928768920185,1.79225,319.367,1.96193,-1.4261261059772643,0.70746,0.3118073866516717,39.0672,321.318,310.114,-1.5834979938411085,0.712796,0.2143456805067983,42.4922,348.30301,49.5462
1687242647208,-1.413284981731642,1.16271,0.0090734612281657,1.86468,319.29999999999995,1.99809,-1.4260714385992506,0.707455,0.3118317121070859,39.0726,321.289,310.068,-1.583546416597821,0.71287,0.2144003395100124,42.4644,348.30176,49.538
1687242647264,-1.4133830759602848,1.16268,0.0089500174664482,1.88192,319.22900000000004,2.02754,-1.42602548510184,0.7075,0.3118466052624185,39.05,321.30999999999995,310.04,-1.583559107016408,0.712848,0.2144630085077392,42.4568,348.28051,49.535
1687242647320,-1.4135721822547516,1.16278,0.0088725654852403,1.80306,319.14200000000005,2.06413,-1.4260293256296166,0.707474,0.3119213957052999,39.0695,321.341,310.082,-1.5835106475641922,0.712776,0.2144962008485867,42.4798,348.28821,49.5006
1687242647376,-1.413674306049941,1.16271,0.0088534441213742,1.90567,319.135,1.9845,-1.4260013731606995,0.707609,0.3118832974181801,39.0264,321.29999999999995,310.052,-1.5834799681039229,0.712713,0.2144995205951983,42.4913,348.32094,49.5654
1687242647431,-1.4137635968657103,1.16273,0.0088027791204443,1.8944,319.09400000000005,2.07194,-1.4259452399622958,0.707674,0.3118524196909815,39.0131,321.33400000000006,310.082,-1.5834877552503814,0.712577,0.2143812150148141,42.5276,348.28691,49.5467
1687242647487,-1.4138117480836097,1.16262,0.0088613364138827,1.89141,319.067,2.05549,-1.425896939289906,0.707542,0.3119126174903323,39.072,321.3399999999999,310.045,-1.5834608811778663,0.712454,0.2144012008654706,42.5369,348.26734,49.5041
1687242647543,-1.4137844800322583,1.16244,0.0089541805185717,2.00752,319.072,2.03939,-1.425909807667039,0.707644,0.3118353811331553,39.0086,321.327,310.092,-1.5834571878266972,0.712376,0.2143558510125806,42.5733,348.25768,49.5438
1687242647599,-1.4138155356597195,1.16251,0.0090946987398207,2.04664,319.047,2.05851,-1.425975022437039,0.707689,0.311790002352059,39.001,321.30500000000006,310.092,-1.58352791563982,0.712386,0.2143617524065574,42.5661,348.19325,49.4961
1687242647654,-1.4137646655920786,1.16243,0.009264333006165,2.05014,319.004,2.00188,-1.4259638190740915,0.707538,0.3117505014070239,39.0672,321.283,310.068,-1.5836991766489958,0.712247,0.2143985459757788,42.626,348.12993,49.4831
1687242647710,-1.4136127082803769,1.16239,0.009344917076057,2.10286,319.04099999999994,1.93576,-1.4259198319763071,0.707639,0.3116776222246155,39.0549,321.231,310.005,-1.5839775419532511,0.711911,0.2143307960135144,42.7802,347.98762,49.4864
1687242647765,-1.4135291251018078,1.16251,0.0092932098748147,2.00242,319.08899999999994,1.93168,-1.4259459118303297,0.707857,0.3118225928810055,38.9845,321.317,310.092,-1.58433995855199,0.711665,0.2143047625934804,42.901,347.85146,49.4552
1687242647821,-1.4135427639156068,1.16262,0.0090327386235063,1.94515,319.11,1.91987,-1.425950932583674,0.707861,0.3119332350611895,38.9749,321.317,310.059,-1.585217160540732,0.711268,0.2140994588405991,43.2101,347.62592,49.5546
1687242647878,-1.413667472139212,1.16274,0.0086295813451827,1.83958,319.00700000000006,1.96566,-1.4258582893011138,0.707859,0.3120080914049183,38.9914,321.352,310.06,-1.5855682498595811,0.711457,0.2139496163226349,43.1411,347.522,49.6459
1687242647933,-1.4138520993266572,1.16293,0.0080684889619195,1.72859,318.867,2.05527,-1.425778979845902,0.708114,0.3121700250651437,38.9225,321.37300000000005,310.053,-1.5856677727762916,0.711676,0.2140037919541446,43.0845,347.46394,49.5374
1687242647988,-1.414106327199505,1.16311,0.0075385240936805,1.6314,318.68000000000006,2.1102,-1.425745378931158,0.708262,0.3122641925145536,38.8953,321.38699999999994,310.038,-1.5856295637098177,0.711764,0.2140067308721752,43.0471,347.48484,49.5698
1687242648044,-1.41441531761484,1.16325,0.0069284959602056,1.53886,318.38200000000006,2.09931,-1.4257094036926203,0.708199,0.3123542051370693,38.9079,321.46399999999994,310.087,-1.585663131924662,0.711613,0.2140047472007889,43.0949,347.44747,49.5359
1687242648100,-1.415350255093015,1.16332,0.005829258515063,1.45924,317.35300000000007,1.97307,-1.4256522244462364,0.708097,0.3123153351771649,38.9551,321.49299999999994,310.081,-1.5857792546077505,0.711572,0.2139931985007601,43.0924,347.42327,49.5697
1687242648155,-1.4163561001864793,1.16348,0.0049308819921875,1.38794,316.463,1.83845,-1.4258506424587167,0.708146,0.3120357618910245,38.9112,321.45399999999995,310.227,-1.5857966761039144,0.711616,0.2140351149828572,43.0681,347.38757,49.5362
1687242648212,-1.417120580353932,1.16361,0.0039122225969176,1.37501,315.8910000000001,1.86354,-1.4259328122092307,0.708219,0.3119293994347701,38.8233,321.456,310.261,-1.5856609917750029,0.711653,0.2140367681276874,42.9927,347.40507,49.5469
1687242648266,-1.418078437809281,1.16366,0.0028886401816563,1.31214,315.356,2.01749,-1.4259474010810682,0.708184,0.3120383501337972,38.768,321.7049999999999,310.614,-1.585566148163705,0.711443,0.2141209399721245,43.0506,347.42138,49.5556
1687242648323,-1.4189574566687608,1.16374,0.0017884710266721,1.25035,314.553,1.8684,-1.425916292791746,0.708112,0.312047207578996,38.7654,321.6890000000001,310.579,-1.585597583261117,0.711438,0.2141210610121249,43.0083,347.40723,49.5438
1687242648379,-1.4199125504104515,1.16397,0.0006865582917172,1.11146,313.794,1.90913,-1.426029053033813,0.708265,0.3119036253453843,38.6737,321.727,310.742,-1.5858067357771153,0.71164,0.2141009047463093,42.9493,347.36935,49.5457
1687242648434,-1.4208379077940676,1.16406,-0.0002952393349023,1.06573,313.17499999999995,1.87392,-1.4262606062768,0.708227,0.3117732655522641,38.7043,321.693,310.707,-1.5860406862520833,0.711618,0.2140621079002738,42.9522,347.38724,49.6112
1687242648490,-1.4216546004666053,1.16415,-0.001319096875297,1.00598,312.539,1.86227,-1.4263284737092792,0.708289,0.3116158849257286,38.6718,321.769,310.959,-1.586128392443953,0.711467,0.2140098715728031,43.0024,347.33516,49.5852
1687242648545,-1.42276410205659,1.16423,-0.0022540321020489,0.965327,311.846,1.82802,-1.426266576576133,0.708502,0.3116070647835359,38.6048,321.856,311.041,-1.5860901863076482,0.711544,0.2140785564412141,42.9173,347.37819,49.6023
1687242648601,-1.423824362821092,1.16409,-0.0033708233617109,0.995961,310.9749999999999,1.80911,-1.4266632037541551,0.708856,0.3114571641109083,38.4419,322.1379999999999,311.791,-1.5861621716264949,0.711609,0.2140489339181862,42.9235,347.37519,49.6238
1687242648657,-1.4253613050926104,1.16382,-0.0045303741029984,1.11351,309.981,1.66664,-1.4292020579151234,0.710262,0.3085835036317746,37.4109,322.236,314.967,-1.5861507282611895,0.711504,0.213999473435066,42.9272,347.33395,49.581
1687242648712,-1.4266933334813034,1.16358,-0.0057677266638376,1.19744,308.8979999999999,1.60032,-1.4332072168592198,0.712815,0.3030791120502714,35.941,322.45399999999995,319.901,-1.5861762059408315,0.711285,0.2139019573961798,43.0431,347.2439,49.5892
1687242648767,-1.4278552948728718,1.16365,-0.0069362621294974,1.15714,307.947,1.44064,-1.4391909582009144,0.719056,0.2961175128837224,31.6488,322.91,327.67,-1.586985856021329,0.71063,0.213565464086959,43.3291,346.85832,49.7966
1687242648823,-1.4285098599847834,1.16374,-0.007842227556138,1.11992,307.47900000000004,1.53385,-1.4439150968526395,0.723989,0.2901606498334859,29.038,321.098,331.066,-1.5874741952410036,0.710496,0.2135197689392133,43.4647,346.73149,49.6985
1687242648880,-1.4287507668408943,1.1641,-0.0082619275640945,0.929476,307.75199999999995,1.68597,-1.446971531019306,0.731166,0.2844166333019257,23.263,323.18000000000006,339.918,-1.5876925091021037,0.710949,0.2134522913277288,43.338,346.59481,49.6842
1687242648935,-1.4283990482630793,1.16439,-0.0080886149793823,0.814714,308.25199999999995,1.9122,-1.4480463722495074,0.736522,0.2817984180587001,19.4942,324.11300000000006,344.645,-1.58761350975861,0.711379,0.2135250115706296,43.1715,346.73335,49.7087
1687242648991,-1.4275683397637464,1.16457,-0.0078632960961603,0.696522,308.77600000000007,2.04387,-1.4473742475205769,0.740248,0.2816417452826348,16.8226,325.424,346.353,-1.5873748852099516,0.711665,0.2135838014913446,42.9753,346.78034,49.5698
1687242649046,-1.4266639211316727,1.16464,-0.0074573492972352,0.674241,309.19900000000007,2.04905,-1.4457113027558322,0.741117,0.2842375042871282,16.695,326.926,346.757,-1.5871241004319914,0.711759,0.2134290090653562,42.9974,346.77348,49.5683
1687242649103,-1.4257809606190388,1.16491,-0.0069393079421974,0.556723,309.544,2.05736,-1.4427917226683102,0.73966,0.2883950922949213,18.5702,327.668,343.623,-1.5864998410684468,0.712459,0.2134784464704961,42.6385,346.79084,49.2819
1687242649158,-1.4248654868246668,1.16525,-0.0064344425732938,0.417539,309.736,1.9507,-1.439592823405466,0.735719,0.2937660435287508,22.3994,327.40200000000004,338.041,-1.5862898581817266,0.712305,0.2136168511210129,42.6948,346.85068,49.4226
1687242649213,-1.4241142163529883,1.16553,-0.0059065389054868,0.321419,309.89699999999993,1.90458,-1.436407617104479,0.731107,0.2985523154036188,26.4577,327.4390000000001,333.208,-1.5861387561125102,0.711301,0.2135318235685462,43.0266,346.78398,49.4558
1687242649269,-1.423456732971906,1.16593,-0.0054593798581665,0.154913,309.991,1.75503,-1.433371097633897,0.725696,0.3033375545810034,30.4283,326.6569999999999,327.891,-1.5859587848136296,0.711379,0.2137010677163895,42.947,346.77438,49.2942
1687242649324,-1.4231380519870531,1.16604,-0.0051441138125904,0.178616,309.9749999999999,1.57172,-1.4304870333116004,0.721204,0.3066991946442546,33.5751,326.375,323.644,-1.5857498157650365,0.711776,0.213855086211156,42.7987,346.90636,49.3689
1687242649381,-1.4232977690589883,1.16591,-0.0051882456257467,0.223922,309.66599999999994,1.37821,-1.429281257719755,0.722017,0.3077120266550585,32.9296,328.269,325.794,-1.58581067763301,0.712048,0.2138726114223331,42.6642,346.92037,49.3761
1687242649436,-1.4238046198208962,1.16582,-0.0055933272011773,0.215713,309.135,1.20474,-1.4295954150080517,0.726082,0.3072204126416192,30.6329,329.457,327.9,-1.5860213792695732,0.712133,0.2138177826858027,42.6139,346.91261,49.435
1687242649492,-1.4243109724411338,1.16572,-0.006153620838816,0.332748,308.75800000000004,1.18861,-1.4309395959744826,0.729745,0.305925306734952,28.5994,328.92100000000005,328.87,-1.5860837721127123,0.712172,0.2137484246067852,42.6224,346.9286,49.5025
1687242649547,-1.424718501753788,1.16573,-0.0068914731300828,0.273587,308.386,1.28121,-1.431591447637334,0.731789,0.3049277809610304,27.0387,329.6890000000001,331.182,-1.5859841422204557,0.712252,0.2136658516416642,42.5849,346.93254,49.4855
1687242649603,-1.4252497606358907,1.16575,-0.0077118689471047,0.289262,308.15599999999995,1.25403,-1.4319529291051256,0.733139,0.304037949893668,26.1219,329.9459999999999,332.403,-1.5859824521350987,0.712289,0.2136602997400543,42.6207,347.03596,49.6325
1687242649659,-1.425460413673758,1.16555,-0.0082776469156907,0.424852,308.1410000000001,1.4185,-1.4323984395557146,0.735364,0.3029178704820118,24.4008,330.434,334.319,-1.5862921837378643,0.712514,0.2135881491735416,42.5813,346.99638,49.6407
1687242649715,-1.4257918975835502,1.16538,-0.00868080285382,0.420699,308.14200000000005,1.52151,-1.43327108023142,0.736951,0.3022116192723814,23.3697,330.396,335.207,-1.5866095576120356,0.712656,0.2134608470368992,42.5768,346.93828,49.6941
1687242649770,-1.4262172832439963,1.1652,-0.0089522806611754,0.477902,308.102,1.53786,-1.4332050032002082,0.736792,0.3020828842501605,23.4522,330.347,334.865,-1.5868520138447366,0.712788,0.2133296070078517,42.5604,346.93719,49.728
1687242649825,-1.426344593679375,1.16524,-0.0090466208601562,0.474021,308.072,1.59429,-1.4335939992191071,0.737794,0.301131729700531,22.1698,330.987,337.001,-1.5868727271715135,0.713083,0.2133218786125574,42.4989,346.96279,49.741
1687242649882,-1.4264271710228589,1.1653,-0.0088814674937262,0.441856,308.098,1.59223,-1.434165504552865,0.739118,0.3005008156386444,21.4224,330.81999999999994,337.18,-1.5868037396604309,0.713214,0.2133084048115122,42.448,346.98887,49.7277
1687242649937,-1.42607308636087,1.16512,-0.0085424486431527,0.556816,308.20399999999995,1.60893,-1.4349995768137884,0.740315,0.2997307167400879,20.4732,330.617,338.001,-1.5868617667410931,0.712937,0.2133580831559877,42.5351,346.98897,49.7523
1687242649993,-1.425690762633936,1.16495,-0.0078840497756542,0.593311,308.396,1.51017,-1.4352089334029356,0.740699,0.2989007037410447,19.8913,330.57400000000007,338.541,-1.5868124940724595,0.712774,0.2133654455011121,42.5642,347.01147,49.763
1687242650048,-1.4251467066230028,1.16482,-0.0071596883982552,0.699306,308.726,1.46748,-1.4351274174392852,0.739946,0.2992404448007801,20.4663,330.447,337.943,-1.5866135082052089,0.712701,0.2134797888639911,42.577,347.04862,49.7485
1687242650104,-1.4246419053065942,1.16473,-0.0065618731727447,0.740494,308.94900000000007,1.37045,-1.4349879489367556,0.73938,0.2994011021280396,20.7398,330.299,337.487,-1.586457363689466,0.712628,0.2135584245442097,42.5586,347.09086,49.7603
1687242650160,-1.4243263454093866,1.16468,-0.0060954644819227,0.769943,309.087,1.28104,-1.434673149081222,0.739437,0.2996414699731353,20.9181,330.053,336.491,-1.5863589029417196,0.712606,0.213587284397868,42.5762,347.0915,49.7496
1687242650219,-1.424033009803989,1.16457,-0.0059030377628681,0.864122,309.179,1.26122,-1.434665107079654,0.739517,0.2999864889961048,21.3459,328.77,334.84,-1.586302129072927,0.712591,0.2135900280855928,42.5451,347.10562,49.7498
1687242650272,-1.42410034118064,1.16461,-0.005606034810145,0.79592,334.29706,1.26478,-1.3036451387815624,0.739019,0.2761057882902303,21.7739,354.25606,334.32,-1.478371853593929,0.712435,0.2616378897376438,42.6257,12.0776,49.7433
1687242650327,-1.4242352024519949,1.16449,-0.0054307271332207,0.878577,334.38906000000003,1.24993,-1.303783159993492,0.738759,0.2760215648074154,21.6891,354.41506000000004,335.672,-1.4783098567124056,0.712445,0.2616712968728304,42.5793,12.09698,49.7119
1687242650383,-1.4245310526060069,1.16428,-0.0052774532317526,1.041,334.48306,1.37888,-1.3037920559798726,0.739164,0.2755294281277965,21.0486,355.02906,336.032,-1.4782727990189592,0.712483,0.2616566801920706,42.5783,12.10554,49.711
1687242650439,-1.4248436727530476,1.16393,-0.0051083093292197,1.10478,334.62606,1.46317,-1.3044274901307724,0.739718,0.2752530244739309,20.5512,354.89906,336.774,-1.4783146719749678,0.712531,0.2616996683945812,42.5279,12.11745,49.6899
1687242650495,-1.4247973530922262,1.1637,-0.0050146976663706,1.26842,334.91006,1.53705,-1.3043586025778349,0.739552,0.275263369765144,20.714,354.82106,336.358,-1.478455357194651,0.712552,0.2616931669360753,42.5624,12.08588,49.689
1687242650550,-1.424612899454072,1.16359,-0.0046713391118365,1.34778,335.31806,1.68342,-1.304382168820147,0.739414,0.2753327637290264,20.7527,354.86706000000004,336.529,-1.4785875535791624,0.712786,0.2617105995469565,42.4856,12.06758,49.6744
1687242650606,-1.4238931868729032,1.16348,-0.0044444624182184,1.51832,335.89306,1.87649,-1.3043551056073228,0.739397,0.2754364767586401,20.7958,354.82206,336.533,-1.4786233170856993,0.712783,0.2617684229989477,42.5085,12.063759999999998,49.6818
1687242650662,-1.4229059815663276,1.16361,-0.0042159739074147,1.55384,336.51306,2.15812,-1.304307670390278,0.739625,0.2754945692726493,20.6728,354.82306,336.544,-1.478698091322107,0.712211,0.2618122085395934,42.6954,12.03458,49.7332
1687242650717,-1.4213444435601137,1.16388,-0.0039452182684174,1.4625,337.30706000000004,2.26277,-1.3044954416449324,0.739846,0.2755312103141949,20.6181,354.67706000000004,336.644,-1.4785985762880742,0.712078,0.2618626288529743,42.7048,12.02253,49.6524
1687242650773,-1.4196648869382236,1.16401,-0.0034879375403466,1.38069,338.20406,2.24628,-1.3049477471838091,0.739727,0.2757436278970392,20.8911,354.43906000000004,336.331,-1.4784390090543358,0.712122,0.2618670138178657,42.6783,12.05848,49.6767
1687242650828,-1.417759725120146,1.16379,-0.0028617493855083,1.54839,4.225099999999998,2.25819,-1.1977128306241958,0.739493,0.2017930441481337,21.4433,17.62710000000004,333.743,-1.3609515963301142,0.712137,0.2627184608322915,42.7034,37.01241,49.6581
1687242650884,-1.4155146330653767,1.16344,-0.0031904428878947,1.73207,5.3221000000000345,2.21085,-1.1975362500731184,0.739232,0.2017500763813635,21.4378,18.90210000000002,334.769,-1.3609576508544614,0.712176,0.2626578839989727,42.6929,37.00152,49.6458
1687242650940,-1.4132100398651133,1.16354,-0.0032969404099285,1.82225,6.485100000000045,2.28073,-1.1979189827914012,0.739403,0.2016603441332262,21.2146,18.604100000000017,335.517,-1.3608296196258398,0.712293,0.26254797055804,42.6599,36.99408,49.5996
1687242650996,-1.4109006841554692,1.16326,-0.0035300956542077,2.0117,7.580100000000016,2.36421,-1.1982670239323354,0.740849,0.2012151183767641,20.0416,19.17310000000004,335.764,-1.3606342125574542,0.712375,0.2624504404210314,42.6021,37.0145,49.5499
1687242651052,-1.408625201567038,1.16316,-0.0034286872785888,2.07305,8.608100000000036,2.18283,-1.1986874028696135,0.741129,0.2016219786096365,19.9692,19.06810000000001,336.818,-1.3604646359979808,0.712174,0.2624572404561175,42.6659,37.03205,49.5267
1687242651107,-1.4062835118644843,1.16295,-0.0035120139241208,2.17515,9.651100000000042,2.11493,-1.1986875121121492,0.740773,0.2016794996324548,20.0804,18.9101,336.314,-1.360486976024031,0.711894,0.2624147766687678,42.7702,37.04271,49.5994
1687242651163,-1.4038131810011305,1.1628,-0.0037499977797913,2.28811,10.81110000000001,2.0227,-1.1986157864869604,0.740352,0.2018549686174388,20.2422,19.03610000000004,336.503,-1.360511912334478,0.711835,0.2624975473786916,42.7845,36.9775,49.5497
1687242651219,-1.4013500399904228,1.16255,-0.0042837668041551,2.40737,12.058100000000024,2.00427,-1.1986470313872404,0.740254,0.2019237936579873,20.3529,18.741100000000017,336.158,-1.360557541117509,0.711842,0.2624855947990907,42.7842,36.96228,49.6063
1687242651275,-1.398841919024962,1.16293,-0.0047967838726978,2.21616,13.41410000000002,2.10712,-1.1986375144713926,0.740322,0.2018779989168837,20.2101,18.83710000000002,336.334,-1.3605819590975867,0.711773,0.2624871252398517,42.8024,36.90477,49.576
1687242651330,-1.396770880146537,1.16325,-0.0055810441700817,1.98698,14.574100000000044,2.18624,-1.198501951807395,0.740207,0.201935091246753,20.4086,18.57710000000003,335.94,-1.3606046540915695,0.711612,0.2624243224751982,42.8543,36.87875,49.5835
1687242651385,-1.3950336618831922,1.16339,-0.0062889311282189,1.90696,15.482100000000004,2.19146,-1.1988854153820734,0.740144,0.2023231912556358,20.9411,18.23410000000001,335.629,-1.360547520906752,0.711581,0.262238870650746,42.8712,36.856480000000005,49.5694
1687242651442,-1.3936464702947446,1.16345,-0.0070095978210656,1.8353,41.19410000000005,2.03788,-1.1281192089595131,0.7394,0.0999505885657936,21.7472,42.29909999999995,333.157,-1.249989972929961,0.711602,0.2228092740374742,42.8721,61.86939,49.5188
1687242651497,-1.3928838445977938,1.16341,-0.0078538414211897,1.82667,41.74210000000005,1.97862,-1.1282364395317483,0.739197,0.1002655517270258,21.7572,43.00909999999999,334.392,-1.250171972863183,0.711726,0.2228391249052545,42.8377,61.88521,49.5838
1687242651553,-1.392085132602801,1.16349,-0.0085294854391862,1.82635,42.24109999999996,1.90848,-1.1282065812760975,0.739178,0.0997093236941387,21.155,43.6481,335.542,-1.2502556502143585,0.71185,0.2229569894075453,42.8297,61.8782,49.5677
1687242651609,-1.3915594267687694,1.16332,-0.0089746243681345,1.79892,42.58209999999997,1.96035,-1.129097798011717,0.739878,0.0998863839950307,20.3329,43.51909999999998,335.658,-1.2504191262912834,0.712162,0.2229288047969706,42.7352,61.91298,49.6178
1687242651665,-1.390844102686689,1.1633,-0.0093809963007226,1.79614,43.15210000000002,2.05588,-1.129256685135254,0.73995,0.1000241841473315,20.3253,43.73910000000001,336.264,-1.2504525581928718,0.712313,0.2229538069560012,42.7644,61.88633,49.5731
1687242651720,-1.3900438287702177,1.16334,-0.0098528084016862,1.7542,43.736099999999965,2.1549,-1.1292969863570692,0.739567,0.1000836075561885,20.4893,43.5471,335.951,-1.2505096554994803,0.712438,0.2230470040459666,42.7019,61.91362,49.6535
1687242651776,-1.3892124977562892,1.16358,-0.0104407417612443,1.63622,44.45309999999995,2.26095,-1.1291448556778003,0.739122,0.0999723522802456,20.6084,43.80409999999995,336.114,-1.250589515155078,0.712529,0.2231527349090476,42.7451,61.92599,49.7091
1687242651832,-1.3884005632339906,1.16351,-0.011254374093136,1.5601,45.28009999999995,2.44389,-1.1290397666604663,0.738978,0.100104795469711,20.7094,43.79309999999998,336.141,-1.250586734929306,0.712555,0.2232393069619553,42.7137,61.91209,49.7052
1687242651887,-1.3874917102535995,1.1638,-0.0123950554465536,1.37656,46.431100000000015,2.72018,-1.1291270770399202,0.739021,0.1001784086318466,20.674,43.81209999999999,336.21,-1.2506008043385743,0.712271,0.223285516287019,42.8481,61.91198,49.7342
1687242651942,-1.3866189591000726,1.16412,-0.0133762566817837,1.12072,47.43209999999999,2.95246,-1.1292578891804794,0.739015,0.1002407361047807,20.6544,43.79309999999998,336.236,-1.2506866634355636,0.712301,0.2232904625446139,42.8325,61.91973,49.7733
1687242651999,-1.3859865034036418,1.16429,-0.0143728131538675,0.914442,48.20410000000004,2.99112,-1.1292519323269885,0.738948,0.100279199540619,20.6005,43.86310000000003,336.337,-1.2507288859224368,0.712547,0.2233297984264808,42.8355,61.90945,49.7444
1687242652054,-1.3853938899087797,1.16444,-0.0152330070248682,0.882455,48.6721,2.93658,-1.12913128594643,0.7389,0.1002870315811069,20.6467,43.92510000000004,336.272,-1.2508430601626035,0.712542,0.2235107843178712,42.8365,61.87774,49.7753
1687242652110,-1.3847302126838337,1.16447,-0.0159623003753713,0.890039,49.02509999999995,2.74926,-1.1291543765896244,0.739234,0.100239461924845,20.558,43.91210000000001,336.222,-1.2509215651132548,0.712553,0.2235513980190475,42.9016,61.8667,49.7885
1687242652165,-1.3840774214051943,1.1645,-0.016481790160192,0.872525,49.34910000000002,2.63667,-1.129084512838425,0.739191,0.100998144326294,21.5261,43.33609999999999,335.521,-1.2509082032270913,0.712744,0.2235015804518833,42.8284,61.86268,49.772
1687242652222,-1.3834501762888909,1.16445,-0.0168731833196489,0.958267,74.60109999999997,2.62228,-1.1020450094715624,0.73785,-0.0185967320690217,22.6772,67.56410000000005,332.439,-1.1617569786297857,0.712816,0.144960083925627,42.8543,86.86077999999999,49.7686
1687242652280,-1.383225243546161,1.16429,-0.0172363392382954,1.00472,74.74210000000005,2.54898,-1.101754979538694,0.737587,-0.0183631154214119,23.4289,68.20910000000003,333.297,-1.1617194714038268,0.712871,0.1450165715171925,42.8219,86.85555,49.8122
1687242652333,-1.383089813685324,1.16412,-0.017435271394554,1.11058,74.74109999999996,2.54748,-1.1028447322911776,0.73947,-0.0189656870009395,20.7823,69.1241,336.31,-1.1616823045646898,0.712995,0.1450887961395076,42.8178,86.81985,49.7596
1687242652388,-1.3831769784765968,1.16408,-0.0173570221826577,1.15243,74.45010000000002,2.53375,-1.1033063911091363,0.740607,-0.0184870873500818,20.2516,68.42909999999995,335.115,-1.1616449225733636,0.713175,0.1450020373547968,42.7267,86.83081,49.745
1687242652444,-1.3834722106176456,1.16421,-0.0164418948566031,1.20103,73.62310000000002,2.4076,-1.1035386418452344,0.740932,-0.0185642731362203,19.8223,68.94010000000003,336.156,-1.161714809276979,0.713131,0.1448414823839682,42.7714,86.87391,49.7373
1687242652500,-1.3839283658210562,1.16439,-0.0147194472607671,1.11175,72.5661,2.19765,-1.1034295334840167,0.740355,-0.0186785596862267,20.2502,68.90110000000004,335.887,-1.1617714007288051,0.712927,0.1447853445395119,42.8309,86.86403,49.7756
1687242652556,-1.384453034166711,1.16414,-0.0132057227095135,1.19011,71.66510000000005,2.15566,-1.1034099102554071,0.740026,-0.0187249814365054,20.4562,68.9271,335.85,-1.1617934929759848,0.71285,0.1447383579178569,42.874,86.85553999999999,49.7222
1687242652611,-1.3849699459975429,1.16422,-0.0118125507462778,1.24069,71.02909999999997,2.24755,-1.1034639073981864,0.739939,-0.0187408319434899,20.4766,68.9751,335.931,-1.1618101849479316,0.713166,0.144726025113126,42.7869,86.89399,49.7675
1687242652666,-1.3855876142685764,1.16432,-0.0103965012884698,1.19847,70.40909999999997,2.35345,-1.1035513779329256,0.739893,-0.0186974504318466,20.478,68.95910000000003,335.956,-1.1617889221935127,0.713171,0.1448687373945685,42.835,86.86419,49.7754
1687242652723,-1.3861200149473143,1.16458,-0.0092726744302398,1.1379,69.91009999999994,2.41727,-1.103526271129863,0.739848,-0.0186600122369118,20.4914,69.02210000000002,336.077,-1.1617824922108582,0.713064,0.1448858390121254,42.8303,86.90080999999999,49.8036
1687242652778,-1.3866532058834693,1.16478,-0.0084926143904976,1.01749,69.61209999999994,2.49291,-1.1033423511851848,0.739721,-0.0187194558568347,20.5855,69.05610000000001,335.993,-1.1617403845830567,0.713004,0.1447811962021434,42.8828,86.93245,49.8105
1687242652834,-1.3872095378805245,1.16495,-0.0078878502471717,0.891527,69.45910000000003,2.5435,-1.1032589973979408,0.739612,-0.018851544146066,20.5626,69.20910000000003,336.226,-1.1618336507704432,0.712944,0.1447762984179094,42.89,86.98049,49.8914
1687242652889,-1.3875039525891677,1.16501,-0.0076368025637838,0.871644,69.39110000000005,2.67021,-1.103130243792331,0.73943,-0.0190692360362284,20.6936,69.20910000000003,336.025,-1.161902635153266,0.71297,0.1448593197099169,42.9033,86.94671,49.8731
1687242652945,-1.387713593891284,1.16504,-0.0076425265874545,0.846993,69.35609999999997,2.70391,-1.1031897615929116,0.739514,-0.0191338288486306,20.661,69.17110000000002,336.012,-1.1619418485798307,0.713019,0.144842141899316,42.8776,87.00523,49.9701
1687242653001,-1.3878005659179131,1.16484,-0.0077915880062859,1.0469,69.30409999999995,2.71211,-1.103170582397581,0.739531,-0.0192936869371544,20.6746,69.18910000000005,336.01,-1.16193779736831,0.713052,0.1447361917332699,42.8519,86.95766,49.8438
1687242653057,-1.387800305163341,1.16486,-0.007857846454857,0.975714,69.19410000000005,2.64132,-1.102966980441081,0.739431,-0.0198133317613463,20.7573,69.25210000000004,335.775,-1.1619538018461617,0.712995,0.1446981554783451,42.8697,86.94087,49.8764
1687242653112,-1.387502223475682,1.16485,-0.0080224846869974,1.01259,69.18510000000003,2.47526,-1.1028928204395003,0.739486,-0.019947468050864,20.7275,69.20309999999995,335.77,-1.1619299498206417,0.713039,0.1446893418026873,42.8806,86.93048999999999,49.8492
1687242653168,-1.3871524179154937,1.16494,-0.0082394462505547,1.04118,69.22910000000002,2.4784,-1.102776266386755,0.739616,-0.0202617126256597,20.6898,69.26509999999996,335.681,-1.161949463839514,0.713003,0.144642050650582,42.8703,86.95268,49.8917
1687242653223,-1.3868972517183384,1.16472,-0.0083369185636974,1.04605,69.32510000000002,2.45574,-1.1026274809899042,0.73953,-0.0203178557079043,20.7269,69.36209999999994,335.759,-1.1619530326376253,0.712653,0.1445640578709159,42.9724,86.93460999999999,49.8364
1687242653280,-1.3866939564303242,1.16468,-0.0085038586304016,1.14106,69.3741,2.415,-1.1025342530430382,0.73926,-0.0205064971665584,20.8398,69.4031,335.628,-1.161900480499312,0.71243,0.1444328112604503,42.9913,86.96403,49.8142
1687242653336,-1.386750128262764,1.16472,-0.0085523391959959,1.10327,69.39409999999998,2.43413,-1.1025119222289894,0.739069,-0.0205805326630714,20.8852,69.42409999999995,335.711,-1.1618809083944823,0.712334,0.144369275265042,43.0213,86.95707999999999,49.79
1687242653391,-1.3868353880097457,1.16466,-0.0086283548887483,1.08502,69.37210000000005,2.40619,-1.1024738529713325,0.738862,-0.020608374746712,20.9946,69.42909999999995,335.593,-1.161901400797154,0.712087,0.1443702141115386,43.0849,86.94412,49.7875
1687242653446,-1.3871149549532524,1.16471,-0.008685220819659,1.06945,69.36710000000005,2.45756,-1.1025000654470958,0.738566,-0.0206800974496333,21.0637,69.55809999999997,335.686,-1.1618954641590145,0.711931,0.1443297452799814,43.1013,86.92239,49.7482
1687242653502,-1.387484651732836,1.16495,-0.0086965914469793,0.922845,69.3741,2.47686,-1.1023222077888355,0.738132,-0.0208203538698009,21.2791,69.59810000000004,335.591,-1.1618406426312249,0.712011,0.1443035160960289,43.071,86.93245,49.749
1687242653558,-1.3877744374892838,1.16521,-0.0087205425505007,0.812416,69.32809999999995,2.53117,-1.1021662450027732,0.738149,-0.02097203765062,21.217,69.70910000000003,335.635,-1.1618085778576372,0.711993,0.1443650216266321,43.0855,86.90048999999999,49.7227
1687242653614,-1.387949022904532,1.16539,-0.0086140870537771,0.726169,69.28809999999999,2.55724,-1.101826962758054,0.738146,-0.0212568463204643,21.2626,69.86209999999994,335.589,-1.161851576061795,0.712059,0.1444727639323399,43.0792,86.87858,49.7324
1687242653669,-1.3879594613080806,1.16541,-0.008573311451619,0.698605,69.2681,2.57387,-1.1014524152976328,0.737436,-0.021883618240617,21.2675,69.69809999999995,335.222,-1.161824529599008,0.712221,0.1444035161969927,43.0414,86.93229,49.7712
1687242653726,-1.3880334931795062,1.16531,-0.0084496819971464,0.712956,69.22209999999995,2.58307,-1.1006434017053202,0.736367,-0.0230363707975231,21.5416,69.8401,335.254,-1.1618354554259895,0.71233,0.1443382377449218,42.9785,86.94962,49.7591
1687242653781,-1.3880258275093167,1.16527,-0.0083145648615558,0.711015,44.20709999999997,2.64298,-1.1207077742969755,0.73635,0.0997981643023306,21.4119,45.3741,335.692,-1.2476064825718938,0.712126,0.2258509499604713,43.051,61.93115,49.7806
1687242653837,-1.3879601839530866,1.16528,-0.0081289909314754,0.733694,44.1961,2.60857,-1.1196412899467203,0.736488,0.0987352360918381,21.5964,46.032100000000014,334.301,-1.2475854386361984,0.711968,0.2260442604174323,43.0664,61.95724,49.8399
1687242653892,-1.38821091084609,1.16533,-0.0079226702220813,0.749889,43.97810000000004,2.61867,-1.1201879093330578,0.736639,0.0991586073077704,21.5809,45.76509999999996,334.832,-1.2475432650446467,0.712019,0.2260179044280629,43.0469,61.97183,49.8172
1687242653947,-1.3884761840228257,1.16531,-0.007565635725562,0.715022,43.60109999999997,2.58339,-1.1201537131056207,0.736803,0.0990853210332773,21.2941,45.70309999999995,334.557,-1.2473672072181172,0.71197,0.2259162247264617,43.0351,62.01686,49.8106
1687242654004,-1.3893418983134675,1.16527,-0.0069501734605203,0.752617,17.858100000000036,2.44713,-1.1912179388261093,0.737289,0.2030157094804508,21.5976,20.95210000000003,336.109,-1.358990205664372,0.711853,0.263989478031532,43.0869,37.041070000000005,49.7986
1687242654059,-1.3907376198865518,1.16558,-0.0065253164840827,0.709638,16.864100000000008,2.30767,-1.1904838280244383,0.738081,0.2020698858283516,20.5556,21.23410000000001,333.34,-1.359039450712361,0.711854,0.2640162581593985,43.0685,37.02869,49.8102
1687242654115,-1.3922853372788817,1.16567,-0.006196804880818,0.603238,15.756100000000004,2.12141,-1.1933644916634965,0.737851,0.2031201993665916,20.4414,19.606100000000023,336.086,-1.3590621461448154,0.711935,0.2641794225162468,43.0457,36.99153,49.7852
1687242654171,-1.3938450648229257,1.16575,-0.0059836676518995,0.566511,14.800100000000045,1.92606,-1.192869477236462,0.737025,0.2026978716300788,20.7259,20.04310000000004,335.092,-1.3591006428249175,0.71181,0.2642569419049255,43.0923,36.94773,49.7798
1687242654226,-1.3952567110077223,1.16584,-0.0056986833559317,0.555651,14.053100000000027,1.7865,-1.19198678644284,0.73504,0.2031361873300651,21.7568,20.393100000000004,336.104,-1.3590581637985957,0.711856,0.2641809912477675,43.1137,36.93694,49.7466
1687242654282,-1.3968432522636176,1.16575,-0.0058034028388398,0.600883,348.28906,1.83785,-1.29937575234883,0.73599,0.2694785821030936,21.2387,355.38006,335.724,-1.4766546904728672,0.71199,0.2545415791619491,43.0583,11.94081,49.7271
1687242654338,-1.398410073228529,1.16576,-0.0059669920313746,0.580204,347.60806,1.90211,-1.2991826613195945,0.737733,0.269118749941623,20.4045,355.48206,334.756,-1.476953310403858,0.71198,0.2545902560231364,43.0933,11.89771,49.7849
1687242654394,-1.4000202921896494,1.16572,-0.0063109935680685,0.615876,346.89506,2.01212,-1.2993415106838464,0.738009,0.2689421153768382,20.5074,355.12506,334.432,-1.4769895942528584,0.712041,0.2545866877880379,43.0243,11.8865,49.7456
1687242654449,-1.4016222853029332,1.16561,-0.0065261402040898,0.635602,346.21706,2.11333,-1.300072655412408,0.737007,0.2691718325636063,21.1462,355.69706,336.074,-1.4768794098493132,0.711966,0.2545467648971685,43.0617,11.93598,49.784
1687242654504,-1.4034536777690685,1.16561,-0.0068474546759725,0.573592,320.22399999999993,2.22239,-1.4260236140527442,0.7371,0.2871052404250432,21.0867,330.31600000000003,335.391,-1.580428550261054,0.711956,0.199070866611414,43.0528,346.92424,49.7384
1687242654560,-1.405528744511832,1.16584,-0.0083562054617143,0.52657,318.511,1.90373,-1.4256859759250036,0.738419,0.2870064089285674,20.0976,330.4939999999999,334.968,-1.5805831983662642,0.711988,0.199114089910165,43.0249,346.89633,49.7252
1687242654616,-1.40808024793307,1.16592,-0.0105133071921645,0.418281,316.077,1.37096,-1.4259108712100046,0.738267,0.2870624631949906,20.6299,330.456,335.549,-1.5807018102013315,0.711892,0.1990860447219515,43.0597,346.89896,49.8097
1687242654672,-1.4105109768044266,1.16584,-0.0127569444442291,0.336359,313.69900000000007,0.947285,-1.4258692552075949,0.738274,0.2870202712722631,20.5233,330.47,335.376,-1.5806061881300453,0.711527,0.1991870784761277,43.1132,346.86807,49.7433
1687242654727,-1.412495799876621,1.16583,-0.0147548436487673,0.333555,311.948,0.648947,-1.4259156936321913,0.73838,0.2869105025940302,20.5034,330.504,335.605,-1.5804588687643066,0.711427,0.199196733240671,43.1136,346.86117,49.6879
1687242654782,-1.4141500191078116,1.16608,-0.0166363421034379,0.227961,310.58899999999994,0.695611,-1.4259294968411305,0.738246,0.2868508097852256,20.6489,330.551,335.671,-1.5805364408265343,0.711434,0.1993158233542898,43.0807,346.87226,49.7171
1687242654839,-1.415704748095084,1.16629,-0.0183738351955206,0.128512,309.451,0.635599,-1.425246540095373,0.737996,0.2870998335058317,20.7004,330.58500000000004,335.581,-1.5807359003270045,0.711539,0.1993821747496955,43.039,346.83631,49.695
1687242654894,-1.4164992905749534,1.16649,-0.0200552758982924,359.952,283.4680000000001,0.557236,-1.55397151688031,0.739274,0.2543683686385753,19.9105,305.754,336.51,-1.6579231972531911,0.711493,0.109201608846072,43.0463,321.78861,49.7304
1687242654950,-1.416727829264649,1.1666,-0.0213786830447942,359.835,282.78099999999995,0.431849,-1.5538756830332754,0.738825,0.2548092681211817,20.8757,306.034,335.182,-1.6579754350456886,0.711411,0.1091845011567188,43.0656,321.81114,49.7391
1687242655005,-1.4168579983821554,1.16662,-0.0223783927248752,359.841,282.573,0.435113,-1.5540370310705915,0.738536,0.254170815757372,20.8461,305.68499999999995,335.575,-1.657936750669357,0.711391,0.1091399845415304,43.04,321.86856,49.7482
1687242655061,-1.4169320759623223,1.16644,-0.022467737680058,359.911,282.68000000000006,0.634211,-1.5537333752576237,0.738315,0.2540691866412154,20.799,306.039,335.746,-1.65798701774573,0.711517,0.1091075629278612,42.9868,321.85586,49.7276
1687242655117,-1.4168265306250734,1.16618,-0.0221204777753972,0.0552973,283.04099999999994,0.796373,-1.5536913693538803,0.73846,0.2539430623213928,20.8481,305.93100000000004,335.606,-1.6581729859718315,0.71157,0.1090130913507564,42.9778,321.82415,49.774
1687242655173,-1.4167458839315803,1.16628,-0.0215889884215728,359.965,283.376,0.870477,-1.5535653019228737,0.738862,0.2539228325700526,20.6789,306.01199999999994,335.678,-1.658251708794699,0.711709,0.1089904779220079,42.9394,321.77587,49.7407
1687242655228,-1.4165940755659685,1.16638,-0.020840491892703,359.943,283.727,0.934789,-1.553610798175783,0.738656,0.2539402506919714,20.9096,306.05999999999995,335.782,-1.6582660088641126,0.711761,0.1090823380222406,42.8844,321.78033,49.7006
1687242655283,-1.4162275767321175,1.16643,-0.0199256018310638,359.96,284.168,0.741261,-1.553548738855055,0.738599,0.2537754112527866,20.9235,306.0419999999999,335.664,-1.658226080988723,0.711582,0.109132567244481,42.9308,321.83303,49.7638
1687242655340,-1.4159101683362203,1.16642,-0.0190052197295897,0.0347469,284.6189999999999,0.772322,-1.5536735937107962,0.738852,0.2533924935005239,20.8675,306.01,335.819,-1.6581826062189138,0.711588,0.109083362118833,42.9385,321.83151,49.7695
1687242655395,-1.41547522021994,1.16628,-0.0181923895882662,0.051569,285.07899999999995,0.779063,-1.5537499073796348,0.739044,0.2532182734559011,20.8633,305.918,335.732,-1.6582332685836805,0.711646,0.1091191255749892,42.9167,321.79492,49.7224
1687242655451,-1.415213496335498,1.1663,-0.0174310905744664,0.0355275,285.477,0.828566,-1.5537552458163657,0.739104,0.2531127851101312,20.8329,305.88699999999994,335.813,-1.6582086225512478,0.711664,0.1091209180830982,42.9309,321.77599,49.7181
1687242655506,-1.4149873537276636,1.16635,-0.0168164646504103,0.0508131,285.79600000000005,0.872397,-1.553747957781583,0.739055,0.2530870440039193,20.9072,305.8499999999999,335.705,-1.658166566764926,0.711593,0.1091899898634204,42.9668,321.77155,49.7098
1687242655562,-1.414746699746113,1.16643,-0.016265597315053,359.981,286.01700000000005,0.84083,-1.5538305489940838,0.739082,0.252713715540475,20.8636,305.77600000000007,335.784,-1.6581142996725915,0.711483,0.1092419637131804,43.0195,321.80008,49.7447
1687242655618,-1.4146274135745889,1.16633,-0.0157746426892837,0.0185632,286.12699999999995,0.764889,-1.553954397932486,0.739205,0.2522612573098541,20.7509,305.65599999999995,335.878,-1.658126532327872,0.711455,0.1092161710369954,43.0483,321.7812,49.7275
1687242655674,-1.4144464201509668,1.16627,-0.0154991107634847,0.0425351,286.15200000000004,0.638715,-1.5539795535897394,0.739308,0.2520253795175375,20.6545,305.65,335.973,-1.658127931072181,0.711526,0.1092244016818278,43.0434,321.82456,49.769
1687242655729,-1.414469492031554,1.1664,-0.0154019528670368,0.00690918,286.202,0.662812,-1.554088945374289,0.73968,0.2517485347280379,20.3775,305.68000000000006,336.273,-1.658153033558971,0.7115,0.1092098169241348,43.0622,321.85883,49.8082
1687242655785,-1.4144316173247162,1.1663,-0.0154446116716024,0.0502964,286.256,0.739829,-1.5541131959320629,0.739725,0.2517378234980589,20.3129,305.67100000000005,336.241,-1.658133878642231,0.711406,0.1092203425673307,43.1236,321.87051,49.8408
1687242655841,-1.414423163535689,1.16621,-0.0156502215412003,0.106244,286.2439999999999,0.769548,-1.5541686660086274,0.739776,0.2514218290034773,20.1658,305.56999999999994,336.442,-1.6580417622981267,0.711442,0.1092702824226455,43.1231,321.87233,49.8114
1687242655897,-1.4146248588694026,1.16609,-0.0159123683406432,0.129658,286.1700000000001,0.799586,-1.5541904014384715,0.739757,0.2512095075700574,20.1481,305.577,336.506,-1.6581326953198738,0.711505,0.1092267558151974,43.0869,321.8737,49.8452
1687242655952,-1.4146816539661269,1.16617,-0.0161349788839989,0.113626,286.121,0.838675,-1.5541834290736969,0.739844,0.2509228025193006,20.0639,305.52,336.626,-1.6582944566440756,0.711503,0.1091036739969119,43.092,321.82393,49.8523
1687242656008,-1.4149156542952324,1.16615,-0.0162339046844934,0.123511,286.091,0.789522,-1.554217703634338,0.740007,0.2505575332836772,19.9088,305.506,336.844,-1.6582982104296162,0.711561,0.109033022110213,43.0661,321.8229,49.8466
1687242656063,-1.4149152696868748,1.16624,-0.0163126485793451,0.169597,286.12699999999995,0.821612,-1.5543007423219373,0.740127,0.2503977985461849,19.8393,305.501,336.966,-1.658161278047973,0.711569,0.1089373350010627,43.0746,321.83621,49.8632
1687242656120,-1.4150899696951322,1.16631,-0.0164655337624558,0.0491652,286.10400000000004,0.905718,-1.554527490213108,0.740302,0.2498640636552047,19.718,305.16100000000006,337.128,-1.6580215993751546,0.71155,0.1089632399882212,43.068,321.8805,49.8676
1687242656175,-1.4152350477431286,1.16621,-0.0166967805399243,0.132355,286.01800000000003,0.881995,-1.5542712661572269,0.740662,0.2495636876688347,19.2116,305.361,337.418,-1.6581048269663905,0.711531,0.1089343474622488,43.0749,321.84482,49.8461
1687242656231,-1.415289494916415,1.16627,-0.0168477328284831,0.081787,285.981,0.933781,-1.5543257637651084,0.740655,0.2494874982290469,19.2638,305.083,337.392,-1.6581783357154112,0.711775,0.1087996083297837,43.0102,321.82919,49.8699
1687242656286,-1.4154109401767534,1.16624,-0.0168480375271796,0.0527663,285.981,0.905848,-1.55379211279863,0.741017,0.2497230011928853,18.7272,304.99800000000005,336.949,-1.6582524898224251,0.711965,0.1087829191592546,42.9721,321.7939,49.839
1687242656342,-1.4152568412138518,1.16621,-0.0168010352502919,0.0776979,285.972,0.934886,-1.5537314365857815,0.741253,0.249763498689035,18.6767,304.909,336.839,-1.6582184014308274,0.711917,0.1087532715361075,42.987,321.7926,49.8276
1687242656398,-1.4151773845590985,1.16635,-0.0167648074030555,0.0129203,285.9169999999999,0.853915,-1.553743643496776,0.741446,0.2497686824448142,18.6201,304.842,336.703,-1.658172228384265,0.71184,0.1088490689252742,42.9833,321.80771,49.8036
1687242656457,-1.415025121946445,1.1666,-0.0167917469128501,359.938,285.929,0.842071,-1.5538438198716984,0.741275,0.2498336808594673,18.7575,304.8399999999999,336.619,-1.658204710203603,0.711749,0.1089628469170498,42.9781,321.8269,49.8012
1687242656510,-1.414870650163833,1.16694,-0.016891510235152,359.774,285.963,0.943059,-1.553838975179158,0.741279,0.2496577695495575,18.755,304.62699999999995,336.436,-1.6582481466363808,0.711743,0.108969617168711,42.9899,321.82606,49.803
1687242656564,-1.4148374823787142,1.16696,-0.0170552887454344,359.74,285.93000000000006,0.959744,-1.553936134657493,0.741477,0.2495103981962704,18.6635,304.5999999999999,336.595,-1.6583401312098656,0.711911,0.1089710201087672,42.9601,321.82838,49.8229
1687242656621,-1.4147317656435152,1.16676,-0.0171797724692655,359.816,285.905,0.949953,-1.5538977106973155,0.74154,0.2495522400328016,18.6838,304.54099999999994,336.492,-1.6582600385410278,0.712275,0.1089172259232222,42.889,321.83724,49.8102
1687242656676,-1.414944802502052,1.16657,-0.0172043897498804,359.864,285.85799999999995,0.973237,-1.5538171077869254,0.741521,0.2496066431654007,18.6971,304.60300000000007,336.561,-1.6582280055585814,0.712397,0.1089058642316407,42.8645,321.82172,49.7808
1687242656732,-1.4150807082453791,1.16648,-0.017328262351091,359.911,285.746,0.929604,-1.5538819270857012,0.741536,0.2495899171824337,18.7183,304.45900000000006,336.427,-1.6582084242089186,0.712338,0.1088794640281306,42.9132,321.8354,49.8023
1687242656787,-1.4153752549885463,1.16665,-0.0174021874922095,359.881,285.68100000000004,0.935933,-1.554031216834575,0.741435,0.2495458783259401,18.6457,304.481,336.628,-1.6581069324209214,0.712333,0.1089203844016524,42.905,321.88291,49.8193
1687242656843,-1.4155594039607078,1.16673,-0.0174239829080569,359.833,285.67499999999995,0.928806,-1.5543391065718015,0.741209,0.2494369027795523,18.7117,304.415,336.702,-1.6582063183004567,0.712306,0.1089304862306462,42.9204,321.88819,49.8443
1687242656899,-1.4156011172342051,1.16675,-0.0173669752487984,359.8,285.654,0.93481,-1.554427236786088,0.741129,0.2494586712275858,18.7428,304.44100000000003,336.727,-1.6585062227024037,0.712097,0.1087767316219584,42.9755,321.81317,49.8338
1687242656955,-1.4155983209634662,1.16679,-0.0172823937509992,359.853,285.65100000000007,0.922969,-1.5545052774964605,0.74122,0.2496310296550692,18.6933,304.452,336.829,-1.6586518711340077,0.712104,0.1087196808167813,42.9693,321.78286,49.8452
1687242657011,-1.415393540308884,1.16683,-0.0171560739065216,359.798,285.66599999999994,0.931352,-1.554448496656499,0.741186,0.2499156685775891,18.6966,304.552,336.805,-1.658549388081342,0.712151,0.1088606561121929,42.9442,321.81139,49.8478
1687242657066,-1.4152273566910178,1.16679,-0.0169836266173202,359.832,285.692,0.928608,-1.554447941100646,0.741103,0.2500003140816499,18.736,304.551,336.861,-1.6583747305121803,0.712064,0.1089479884288604,42.9768,321.80254,49.8009
1687242657123,-1.4149882214692933,1.16677,-0.0168533870003418,359.845,285.71000000000004,0.835951,-1.5543633292025385,0.741145,0.2500979942060284,18.7476,304.552,336.768,-1.6581875698740949,0.712075,0.1090419421704115,42.9795,321.84089,49.8096
1687242657178,-1.414881110284719,1.16685,-0.0167044871043071,359.802,285.788,0.839667,-1.5543322442069205,0.741129,0.2502814233287093,18.7494,304.663,336.906,-1.658126296399076,0.712163,0.1090692736771225,42.96,321.83968,49.8093
1687242657233,-1.41499392111217,1.16685,-0.0166548419664802,359.806,285.8399999999999,0.835312,-1.5542943546320918,0.741002,0.2504249051398189,18.8359,304.706,336.852,-1.6581414315800451,0.71224,0.1090322206570428,42.9347,321.82535,49.787
1687242657289,-1.4151258623946683,1.16675,-0.0166277742352732,359.809,285.82400000000007,0.835741,-1.5542792458356052,0.74098,0.2503346562380598,18.7717,304.751,336.996,-1.6582223769519282,0.712111,0.1089969194280171,42.9831,321.81775,49.8256
1687242657344,-1.415294995725083,1.16661,-0.0167072910042141,359.895,285.7919999999999,0.811791,-1.5543384873995685,0.740864,0.2502211446214772,18.8278,304.735,336.95,-1.658241708901156,0.712128,0.1090289727545069,42.9648,321.82861,49.8439
1687242657401,-1.4152809278136813,1.16648,-0.0167409411731407,359.917,285.801,0.879272,-1.5543649014762164,0.740687,0.2500823235980159,18.833,304.793,337.091,-1.6583848306592832,0.712032,0.1090079427200204,42.9908,321.78544,49.8251
1687242657456,-1.4153132805993691,1.16628,-0.0167970648772081,359.983,285.783,0.858413,-1.5543355120754656,0.740549,0.2500954827440184,18.8855,304.77700000000004,337.006,-1.6584542124706725,0.711813,0.1089189536518809,43.0233,321.76303,49.8395
1687242657512,-1.4153713080711778,1.1664,-0.0168418139343543,359.956,285.812,0.826451,-1.554366593917031,0.740584,0.2499492541588344,18.82,304.823,337.126,-1.6584849615571038,0.711816,0.1088864422126074,43.0159,321.77597,49.894
1687242657567,-1.4152662625297403,1.16634,-0.0170210743904623,0.000837765,285.794,0.844212,-1.5544336975709816,0.740374,0.2497425375663062,18.8359,304.82500000000005,337.194,-1.6584238386197216,0.712,0.1088503375518867,42.9528,321.77179,49.8644
1687242657623,-1.4152031929353266,1.16642,-0.0171685634133098,359.935,285.74299999999994,0.912168,-1.5545174742471652,0.740229,0.2495404535032838,18.905,304.832,337.206,-1.658501329384213,0.711835,0.1088255788883823,43.0222,321.74276,49.8742
1687242657679,-1.4150982944450925,1.16643,-0.0172521957225366,359.93,285.71900000000005,0.903095,-1.5545404440629764,0.740275,0.249448668604953,18.9062,304.87200000000007,337.261,-1.658401751929888,0.711785,0.1088366197484109,43.0169,321.77291,49.8643
1687242657734,-1.4150734143709067,1.1664,-0.0172407397717461,359.952,285.70399999999995,0.94966,-1.5544803323617755,0.740259,0.2494003480774443,18.9046,304.876,337.242,-1.6582975571050913,0.711836,0.1089264999380277,43.0099,321.79572,49.8902
1687242657790,-1.4149577296372586,1.16641,-0.0172209963171159,359.933,285.706,0.974303,-1.5544724394708214,0.740119,0.2492544360756336,18.9382,304.862,337.266,-1.6582645387121504,0.71176,0.1089778512352616,43.0073,321.82864,49.873
1687242657845,-1.4148330491608123,1.16646,-0.0172397851114665,359.912,285.659,0.919395,-1.5544778533771195,0.739856,0.2491338850506749,19.0398,304.85799999999995,337.211,-1.6583258912647203,0.711594,0.1088611973699456,43.0695,321.79174,49.9046
1687242657902,-1.4147608453600635,1.16652,-0.0171078287851406,359.879,285.70000000000005,0.821169,-1.554567161752218,0.739735,0.249019886743068,19.0942,304.817,337.208,-1.658381949571765,0.711571,0.108855124791312,43.0672,321.74058,49.8459
1687242657957,-1.4145087815978872,1.16666,-0.0170775704326159,359.821,285.7149999999999,0.859519,-1.554481061226261,0.739798,0.2488251672026261,19.1188,304.822,337.065,-1.6584355266244994,0.711542,0.1087678848955055,43.0461,321.69679,49.8227
1687242658013,-1.414513518442867,1.16672,-0.0171071131525252,359.789,285.71000000000004,0.840255,-1.5545279284717004,0.739813,0.2487152383560711,19.3238,304.70000000000005,336.632,-1.6583389049766952,0.711472,0.1087796894359721,43.0643,321.76173,49.8985
1687242658068,-1.4143843392920246,1.16676,-0.0172117896894743,359.755,285.65,0.842508,-1.554458219602054,0.739854,0.2490917124899669,20.1071,304.41,335.041,-1.6583494560440797,0.711422,0.1088160306656851,43.0623,321.68638,49.8189
1687242658124,-1.4143940377467443,1.16685,-0.0173030146996198,359.686,285.5930000000001,0.885666,-1.5544412835035206,0.739936,0.2499008203310898,21.4581,303.778,332.633,-1.6584882612393426,0.711439,0.1087247604198875,43.0557,321.62613,49.792
1687242658180,-1.414444850875563,1.16669,-0.0173866226779453,359.715,285.52600000000007,0.88529,-1.554451602470829,0.740527,0.2501826386394263,21.9186,303.269,332.32,-1.6586316806799932,0.71148,0.1087436948869632,43.0442,321.61535,49.8423
1687242658236,-1.4145499020157914,1.16671,-0.0173406123928265,359.711,285.55600000000004,0.823032,-1.553506973625093,0.741579,0.251051614809297,21.4895,302.524,329.842,-1.6583414539203074,0.711662,0.1087980555157515,42.9283,321.70845,49.9546
1687242658293,-1.4147051501753505,1.16661,-0.0173859448652219,359.795,285.569,0.867057,-1.5535646502472171,0.742503,0.251412628461754,21.3815,302.52,329.625,-1.6581863706945714,0.711693,0.1087788275908678,42.8793,321.88877,50.29
1687242658347,-1.414670527960502,1.16649,-0.0174705973302716,359.767,285.611,0.887641,-1.5534520887298209,0.7423,0.2515739918553767,21.5901,302.001,328.793,-1.658061922347169,0.712258,0.1086664052228585,42.5316,322.47338,51.2484
1687242658402,-1.4147660125739274,1.1665,-0.0175958146832984,359.806,285.631,0.894088,-1.553754763503299,0.741722,0.2508307384722699,21.5912,302.548,330.166,-1.65809686122459,0.712757,0.108721883190058,42.3669,322.74977,51.5993
1687242658459,-1.4148075353110277,1.16665,-0.0178051131923798,359.775,285.539,0.963986,-1.5537879922615114,0.740958,0.2505239376580147,21.7318,302.684,330.746,-1.6580429770506395,0.713257,0.1086585467408545,42.1321,323.14037,52.312
1687242658515,-1.4148916481528817,1.16678,-0.017987395308714,359.725,285.491,0.958379,-1.553906624431449,0.740694,0.2503335520801578,21.8385,302.736,330.762,-1.6581271911230329,0.713411,0.108655770050211,41.9945,323.29739,52.5743
1687242658570,-1.4149787117779469,1.16658,-0.0179879180806434,359.814,285.4680000000001,0.9907,-1.553893343407451,0.740707,0.2504290581763064,21.8049,302.831,331.079,-1.6581680034627289,0.713343,0.1086110741563443,42.0312,323.37969,52.7938
1687242658625,-1.414913029523254,1.16648,-0.0179108177206024,359.835,285.519,0.938348,-1.5537601206835827,0.740955,0.2509353702103775,21.163,303.432,332.397,-1.6581227428419816,0.713221,0.1085665026832974,42.097,323.40511,52.8527
1687242658681,-1.4149613979881874,1.16663,-0.0177297469885666,359.794,285.588,0.95233,-1.5538259801982792,0.740539,0.2509197249451528,21.1141,303.72,333.2,-1.658082108739269,0.71291,0.1087537099740121,42.2266,323.27491,52.4876
1687242658737,-1.4149022805751768,1.16657,-0.0177019924019381,359.8,285.615,0.945622,-1.5539751054729385,0.740426,0.2503806179590565,21.0825,303.679,333.456,-1.6580669422275054,0.712485,0.1088812885651664,42.4232,323.1433,52.2272
1687242658793,-1.4149975943593542,1.16642,-0.0178034498976975,359.886,285.5229999999999,0.927402,-1.5541503775701588,0.740336,0.2500203751216038,21.0239,303.535,333.581,-1.6580011457524322,0.71223,0.1089714069532342,42.5923,323.10777,52.0203
1687242658848,-1.4151214522858206,1.16631,-0.0178838029664095,359.926,285.481,0.934879,-1.554280126867186,0.7404,0.2496070689760882,20.878,303.551,334.017,-1.658047977791428,0.712097,0.1090040561511338,42.692,323.06131,51.9608
1687242658904,-1.4151847636866686,1.16638,-0.0178489719727018,359.85,285.47399999999993,0.955538,-1.554128660552762,0.740271,0.2497428654620324,20.8523,303.6379999999999,334.034,-1.658067132708168,0.712084,0.1089935305079379,42.6727,322.97645,51.8395
1687242658960,-1.4152190624891914,1.16653,-0.0176973858247677,359.833,285.515,0.863773,-1.5541020983185008,0.74012,0.2499931440022852,20.8739,303.73800000000006,334.141,-1.6581737657191653,0.71195,0.1089981835677524,42.7129,322.90425,51.7636
1687242659015,-1.4150807026020356,1.16664,-0.0174975888297296,359.802,285.562,0.940998,-1.5540480909571943,0.740206,0.2500955105247656,20.8575,303.82899999999995,334.155,-1.658155449364667,0.711828,0.10901664626414,42.7226,322.82304,51.6108
1687242659071,-1.414977730198374,1.16668,-0.0173832078689705,359.743,285.559,0.887839,-1.5540846927079268,0.740342,0.2500305780071544,20.7889,303.77,334.168,-1.658126226463584,0.711795,0.1090951571681743,42.7275,322.77047,51.4793
1687242659126,-1.4148542205329402,1.16663,-0.0174003476631472,359.762,285.554,0.891599,-1.5541234487306093,0.740324,0.2500417144655608,20.8086,303.823,334.219,-1.658095761745334,0.711806,0.1091090737389423,42.7381,322.71529,51.3946
1687242659183,-1.4147909415201665,1.16677,-0.017437985764087,359.72,285.543,0.92898,-1.5540877471095806,0.740309,0.2500669175260084,20.7691,303.894,334.331,-1.6580951985954795,0.711808,0.1090867143368429,42.7498,322.639,51.314
1687242659238,-1.4146768497800724,1.16674,-0.0173587050776474,359.749,285.568,0.928898,-1.553997914404558,0.74027,0.2503157756685482,20.7208,304.153,334.455,-1.658149979157317,0.711771,0.1091734774052808,42.7764,322.57258,51.2152
1687242659294,-1.4145929268947317,1.16676,-0.0172571078546732,359.719,285.605,0.958917,-1.553977427099986,0.740221,0.2505182903602408,20.6532,304.361,334.636,-1.6581072509593553,0.711742,0.1091962831304158,42.7867,322.50979,51.1247
1687242659350,-1.4146143731750849,1.16684,-0.0171750408780078,359.669,285.60400000000004,0.848199,-1.553967931250259,0.74021,0.2507563060085456,20.6787,304.48,334.506,-1.6579962742269818,0.711742,0.1093339136679855,42.7827,322.45636,50.9221
1687242659405,-1.4145568599308462,1.16689,-0.0170572245534295,359.688,285.68000000000006,0.854864,-1.554001105400318,0.740459,0.2510745590615834,20.5297,304.83500000000004,334.622,-1.6579532687719407,0.711596,0.1093675348047406,42.8136,322.45127,50.8974
1687242659461,-1.4146498430562855,1.16708,-0.0169995985238638,359.616,285.684,0.840849,-1.554017932067311,0.740561,0.2514229817980371,20.5906,304.8399999999999,334.297,-1.657934514381037,0.711442,0.1092830156186239,42.8908,322.40991,50.8992
1687242659517,-1.414609754562169,1.16713,-0.0170498422721261,359.563,285.60400000000004,0.83166,-1.553948406776955,0.740485,0.2516379975276963,20.4974,305.18499999999995,334.736,-1.6580700599129836,0.7115,0.1092365218688377,42.8708,322.34584,50.8386
1687242659573,-1.4144285209739058,1.1672,-0.0170933114725476,359.565,285.591,0.815029,-1.5539529047488156,0.740614,0.2512172781815175,20.0219,305.598,335.359,-1.6581959121083043,0.711534,0.1091828413795235,42.8613,322.29837,50.835
1687242659628,-1.4142678390012504,1.16736,-0.0171593380131472,359.493,285.612,0.843491,-1.554056520269958,0.740966,0.25066146005139,19.7111,305.4169999999999,335.449,-1.6581560614133413,0.711528,0.1092105112568447,42.8716,322.26711,50.7913
1687242659683,-1.4140237782829903,1.16719,-0.0172589238264063,359.524,285.611,0.819321,-1.5541677854558913,0.741331,0.2501717023680412,19.6203,304.807,335.043,-1.6581467794320044,0.711468,0.1092595576106589,42.8808,322.23909,50.7455
1687242659740,-1.4139390283976403,1.16736,-0.0171773500939117,359.482,285.741,0.788449,-1.5541445539145653,0.741301,0.2502179362894368,19.4301,305.11,335.393,-1.6581200321407878,0.711474,0.1091750979610469,42.8885,322.27016,50.7666
1687242659795,-1.4138304505598194,1.16735,-0.0173657023310478,359.432,285.76700000000005,0.794458,-1.5546586462789118,0.740819,0.2497511473747006,20.2414,303.158,332.951,-1.658269819218371,0.71166,0.1089976132253956,42.8587,322.21986,50.7725
1687242659852,-1.4139336085114735,1.16735,-0.0176052671906009,359.401,310.68000000000006,0.848209,-1.4284338839274917,0.740569,0.2841951018657402,20.4708,328.75700000000006,332.872,-1.5821457079222585,0.71171,0.2004672378720739,42.8428,347.12807,50.6941
1687242659906,-1.4141509472171951,1.16736,-0.017670191065218,359.45,310.672,0.855171,-1.4299948570925238,0.740506,0.2831897854389126,19.7857,328.73299999999995,335.699,-1.5822982715923508,0.711712,0.200437711840036,42.8479,347.13075,50.7454
1687242659963,-1.4142804586133164,1.16741,-0.0175972181067011,359.429,310.65599999999995,0.954325,-1.4291791722489813,0.741205,0.2822460686084941,18.6023,329.801,335.949,-1.5822016425233685,0.711935,0.2004854993177635,42.7784,347.12963,50.7087
1687242660019,-1.4144876825100734,1.16722,-0.0173965355289501,359.543,310.65100000000007,0.916172,-1.4294766154015377,0.741198,0.2825370924408472,18.9972,328.775,335.316,-1.5822414211573597,0.711741,0.2005926933487437,42.8419,347.10434,50.6549
1687242660075,-1.4143305327304112,1.16699,-0.0171397639502033,359.591,310.774,0.911742,-1.4309621149515763,0.740864,0.2824141325822162,20.2436,327.20000000000005,334.386,-1.582416593677311,0.711497,0.2005359746723314,42.9387,347.08049,50.7301
1687242660130,-1.4140189348662149,1.16704,-0.0169088412934851,359.555,335.93506,0.835729,-1.3022561215825843,0.739531,0.2615013165417165,20.9228,352.34906,332.728,-1.474678980773102,0.711645,0.2512311600338101,42.913,12.08852,50.7188
1687242660185,-1.4135745943866609,1.16718,-0.0168868888623963,359.504,336.06806,0.793631,-1.303260588432772,0.740207,0.2605848728681208,19.5341,353.51706,336.382,-1.4746884981622663,0.711808,0.2512512841313922,42.8633,12.08938,50.7197
1687242660242,-1.4132787786693326,1.16725,-0.0169265168901376,359.444,336.08106000000004,0.78815,-1.3034118699783204,0.741282,0.2599422013003846,18.7719,352.80706000000004,335.062,-1.474800982369182,0.711707,0.2512687241197698,42.9308,12.04195,50.742
1687242660297,-1.413104809940758,1.16722,-0.0169682212549818,359.442,336.07206,0.720591,-1.3040837931500566,0.741326,0.2600775984616692,18.8466,352.25306,335.099,-1.4748525860134354,0.711568,0.2513609234359264,42.9719,11.96922,50.6882
1687242660353,-1.412820620749588,1.1671,-0.0170356330800802,359.497,1.154100000000028,0.749038,-1.196901771453156,0.740818,0.1881098751399814,20.2975,14.982100000000004,330.729,-1.3555142855503877,0.711544,0.252298083656776,42.9816,36.99953,50.714
1687242660408,-1.4127530890924307,1.16706,-0.01696191813341,359.476,1.2331000000000358,0.763856,-1.1989639957219282,0.741842,0.1885019314054424,19.2679,16.019100000000037,334.619,-1.3554483934890886,0.711478,0.2522537899071293,43.0012,36.96606,50.6731
1687242660464,-1.41270156081669,1.16711,-0.0168493568929754,359.508,1.289100000000019,0.667145,-1.198307721696528,0.742607,0.1872876315974935,17.6271,17.205100000000016,335.343,-1.3555351354319032,0.711387,0.2522472473268456,43.0274,36.91716,50.6482
1687242660520,-1.4128273252736867,1.16703,-0.0166205284381445,359.557,1.2730999999999997,0.703534,-1.1982423119097247,0.742865,0.1876268965231642,18.0231,16.893100000000004,335.31,-1.3556869389093271,0.711411,0.2522354505373667,43.0339,36.87424,50.6546
1687242660578,-1.413015315187358,1.16698,-0.0164148968703176,359.53,1.2631000000000083,0.742881,-1.1976997737280115,0.742318,0.1880118095021392,19.055,15.054100000000004,333.642,-1.355638619895691,0.711332,0.2522162356233357,43.0521,36.86711,50.6062
1687242660631,-1.413153139665441,1.16697,-0.0162626565874901,359.554,26.3021,0.837453,-1.1319998838510774,0.741404,0.0784022735785598,20.2135,40.02610000000004,331.646,-1.2475525832153207,0.711254,0.2027155075993864,43.085,61.87133,50.6192
1687242660686,-1.4133142334949835,1.16694,-0.016071378788704,359.59,26.327099999999973,0.908591,-1.1332887451049285,0.742197,0.0785879870361286,18.5117,41.71410000000003,336.366,-1.2475954956170143,0.711361,0.2027391982258211,43.0571,61.84398,50.6078
1687242660743,-1.4134352056000732,1.16703,-0.0160796225372554,359.541,26.337099999999964,0.959379,-1.1331502456188332,0.742339,0.0783329843060424,18.6908,41.0041,334.223,-1.247593311493311,0.711487,0.2027999465558694,43.04,61.83712,50.6046
1687242660798,-1.4133030596616412,1.16695,-0.0161794291174792,359.583,26.45709999999997,0.970151,-1.133475053572968,0.742975,0.0784731271008301,18.0636,40.94709999999998,334.948,-1.2476224396117266,0.711335,0.202867843556669,43.0698,61.77842,50.5887
1687242660854,-1.4130781282616005,1.16709,-0.0165154421587194,359.506,51.70910000000004,0.989574,-1.1183803820073397,0.741992,-0.0495487046257499,19.8635,63.04110000000003,329.661,-1.1704570831286742,0.711223,0.112312399782317,43.0885,86.77700999999999,50.5512
1687242660910,-1.4129023404754308,1.1673,-0.0169525427950249,359.45,51.969100000000026,1.00727,-1.1190032234012937,0.742598,-0.048262420489963,18.7265,65.3981,334.26,-1.1705344623112943,0.711129,0.1121286047005083,43.1143,86.79933,50.5484
1687242660965,-1.4126926337539516,1.16739,-0.0173735594595436,359.415,52.2251,1.02791,-1.119175184334868,0.74298,-0.0489200708053466,18.4037,65.58209999999997,333.997,-1.170558097172239,0.711032,0.1120649786575061,43.154,86.78372999999999,50.5157
1687242661022,-1.412530271111741,1.16756,-0.0179687620567736,359.313,77.55099999999999,1.11584,-1.159742294656226,0.743385,-0.1697454982023639,18.464,90.52499999999998,333.991,-1.1383289131948062,0.711089,-0.0022916693964578,43.1414,111.75344,50.5202
1687242661077,-1.4125383870460646,1.16759,-0.018620957943632,359.3,77.91300000000001,1.16445,-1.159840301414195,0.743149,-0.1702273125290422,18.2125,91.18200000000002,334.525,-1.138275386688605,0.711153,-0.0022028257521499,43.1397,111.68336,50.4582
1687242661132,-1.4124985058271295,1.16771,-0.0192258400005458,359.21,78.17399999999998,1.19756,-1.1597554624009216,0.742814,-0.1703578469759396,18.5004,91.06799999999998,334.333,-1.1383307987187306,0.711043,-0.0022401266491549,43.1839,111.6682,50.4465
1687242661187,-1.41234694814677,1.16771,-0.0196456677260762,359.278,78.31200000000001,1.06628,-1.1597322580127285,0.742737,-0.1705151443261035,18.4351,91.37099999999998,334.673,-1.1384419142454911,0.710998,-0.0024059216723393,43.2004,111.69376,50.4088
1687242661243,-1.4122446159162032,1.16781,-0.0195976122769864,359.253,78.14799999999997,1.0209,-1.1596534993931074,0.742637,-0.1708027490719534,18.4799,91.44400000000002,334.573,-1.138514195344164,0.71108,-0.002395995304694,43.183,111.70493,50.4306
1687242661300,-1.4122137182154424,1.16767,-0.0193678736818665,359.309,77.94799999999998,0.97133,-1.159469624364356,0.742513,-0.171082068859655,18.6622,91.598,334.705,-1.1384743999892637,0.71094,-0.002384683818127,43.2345,111.66173,50.3686
1687242661355,-1.412076859524766,1.16774,-0.0193264077056165,359.256,77.89699999999999,0.958407,-1.1594490002208824,0.742511,-0.1713868303150689,18.6375,91.69799999999998,334.672,-1.138538212457824,0.710776,-0.0023666888506021,43.2932,111.66749,50.4034
1687242661411,-1.4121152021506331,1.1679,-0.0192140032575657,359.223,77.91500000000002,1.02862,-1.1592696380325327,0.742064,-0.1717113713839499,18.831,91.853,334.689,-1.138528111957391,0.710808,-0.0023861516328029,43.3006,111.65116,50.3927
1687242661466,-1.4122861254531112,1.16803,-0.0191174154681198,359.13,77.899,1.05192,-1.159224094689221,0.741646,-0.1716393749682059,19.0229,91.788,334.709,-1.138422205530183,0.710944,-0.0023592563046572,43.2589,111.64535,50.3805
1687242661522,-1.4126683875905428,1.16816,-0.0189236323246678,359.039,77.82799999999997,1.05545,-1.15931568627729,0.741485,-0.1716920488801069,19.0713,91.88799999999998,334.644,-1.1382780717554235,0.71081,-0.0021417892842297,43.306,111.5839,50.4266
1687242661578,-1.413123466848467,1.16838,-0.0187730045918057,358.856,77.81299999999999,1.0205,-1.1592346130809994,0.741193,-0.1717916261206954,19.2452,91.978,334.744,-1.1382274811445394,0.710782,-0.0020833222842179,43.2863,111.58513,50.4026
1687242661634,-1.4136161933167883,1.16859,-0.0185977451629137,358.738,77.84100000000001,1.06736,-1.159270530495666,0.740864,-0.171944250952632,19.3416,92.084,334.654,-1.1382038653826163,0.710924,-0.0019866813726494,43.2789,111.5898,50.4535
1687242661689,-1.4140354841109306,1.16873,-0.0184204743022299,358.584,77.82299999999998,1.15921,-1.1593848585507385,0.740798,-0.1717651378436103,19.3595,92.05,334.747,-1.1380509358524835,0.711045,-0.001693276517861,43.2521,111.54028,50.462
1687242661744,-1.4143488953280126,1.1688,-0.0182838580754956,358.528,77.76400000000001,1.23562,-1.1595090968327957,0.740854,-0.171567345403736,19.3195,92.031,334.753,-1.1378287809279872,0.711015,-0.0014016308603895,43.2626,111.41865,50.4327
1687242661801,-1.414526539370364,1.16898,-0.0183296055805327,358.467,77.738,1.26706,-1.1594432326652655,0.740686,-0.1713397853865195,19.3514,91.95999999999998,334.887,-1.1377787791171836,0.711058,-0.0013318575208079,43.2723,111.4121,50.4573
1687242661856,-1.4145185383971408,1.16914,-0.0184245235705424,358.326,77.69299999999998,1.33976,-1.1594843935371275,0.740521,-0.1713850489770482,19.4187,92.026,334.806,-1.1377572425587827,0.711054,-0.0014437115178409,43.2546,111.42435,50.4422
1687242661912,-1.414527123766714,1.16931,-0.0187212217234341,358.316,77.78800000000001,1.16736,-1.1593750504741254,0.740294,-0.1713942198316007,19.4781,92.041,334.914,-1.1379180214910622,0.7108,-0.001707687018475,43.3271,111.54675,50.5128
1687242661967,-1.4147701076282326,1.16952,-0.0191016529753595,358.161,77.90899999999999,1.13835,-1.1592388534554112,0.740096,-0.1715888015678798,19.5295,92.113,334.829,-1.138042512504167,0.710596,-0.0018350686798557,43.375,111.59524,50.569
1687242662023,-1.4151482964684583,1.16972,-0.0194240281876955,358.023,77.99099999999999,1.13603,-1.1590449097594844,0.740045,-0.1717621597024171,19.4937,92.223,334.998,-1.1380511262732738,0.710549,-0.0019944263372864,43.3632,111.66457,50.5728
1687242662080,-1.4156647831595677,1.16998,-0.0196341353042029,357.938,78.03199999999998,1.13365,-1.158946350203984,0.739966,-0.1719728386857534,19.5767,92.28199999999998,334.895,-1.1380950611737175,0.710321,-0.0020500260182475,43.4356,111.64215,50.5657
1687242662135,-1.4161234929789754,1.17027,-0.0196620276540299,357.784,77.97199999999998,1.17868,-1.158920722339923,0.739896,-0.1721437410631027,19.5712,92.51600000000002,335.028,-1.1382388830126018,0.710472,-0.0021737037392,43.3628,111.66592,50.542
1687242662191,-1.4163442358819591,1.17067,-0.0195649603800273,357.567,77.90899999999999,1.17753,-1.1588785911841688,0.739845,-0.1722275032008191,19.5934,92.613,335.133,-1.1383236483660846,0.710674,-0.002380198496637,43.3058,111.71595,50.5477
1687242662246,-1.4164900241345362,1.17101,-0.0194966901975863,357.419,77.90499999999997,1.12342,-1.1588945298867717,0.739837,-0.1724623904243102,19.588,92.62099999999998,334.981,-1.1384823620813471,0.710774,-0.0023881109291049,43.3013,111.72246,50.5623
1687242662302,-1.4165958932498643,1.17117,-0.0196002921402304,357.267,78.01799999999997,1.11443,-1.1589187396940004,0.739897,-0.1727086296885105,19.5525,92.788,335.147,-1.1385209363586115,0.711013,-0.0023046464747934,43.2222,111.70351,50.4641
1687242662358,-1.4168195933446668,1.17132,-0.0198669917749985,357.25,78.17599999999999,1.10753,-1.1589026139707206,0.73995,-0.1730318682707508,19.5568,92.90999999999995,335.086,-1.138502055676779,0.711193,-0.0021959192479661,43.1832,111.73075,50.5162
1687242662416,-1.4170853495835458,1.17175,-0.0198970796113594,357.06,78.207,1.11124,-1.1588128743672248,0.740112,-0.1732218927522378,19.5122,92.986,335.135,-1.1384579035506608,0.711179,-0.0020883427181874,43.1766,111.71647,50.5319
1687242662469,-1.4173910724502536,1.17202,-0.0200945480877598,356.978,78.22499999999997,1.09909,-1.1587636788481412,0.740139,-0.1733305905024542,19.5417,93.06099999999998,335.172,-1.138459945493603,0.711118,-0.0020918126560861,43.1986,111.7108,50.5242
1687242662524,-1.417771198599456,1.17212,-0.0201999840071268,356.955,78.21600000000001,1.15532,-1.1587757721290777,0.740114,-0.1735604465499192,19.5868,93.152,335.169,-1.1384785201209804,0.711044,-0.0021460907660181,43.2263,111.72387,50.5355
1687242662581,-1.4181018277880002,1.17177,-0.0204260592525265,357.267,78.221,1.10895,-1.1587280724120392,0.740146,-0.1737533289933776,19.6502,93.173,335.176,-1.13847087322358,0.711033,-0.0021953407909942,43.2336,111.6623,50.4787
1687242662636,-1.4179712582176114,1.17151,-0.0209727403944077,357.427,78.44099999999997,1.0735,-1.1587325533005597,0.740247,-0.1740881074001455,19.7308,93.228,335.063,-1.1385623264705949,0.71122,-0.0023853348793507,43.1577,111.66209,50.3913
1687242662692,-1.417760816533175,1.17134,-0.0216033213950345,357.423,78.75200000000001,1.00901,-1.158789791482044,0.740448,-0.1743687386182598,19.7256,93.26799999999996,335.014,-1.1386527829008353,0.711315,-0.0024928737292058,43.123,111.76123,50.5008
1687242662747,-1.4174353118249636,1.17168,-0.0221381154160671,357.333,78.851,0.901549,-1.158723179333784,0.740624,-0.1745465741369398,19.7141,93.27100000000002,334.991,-1.138682368408042,0.711426,-0.0024179352360043,43.0496,111.65028,50.4365
1687242662803,-1.417267853488304,1.17172,-0.0223260736411685,357.399,78.80799999999999,0.774354,-1.158640867045367,0.740677,-0.1746927199790824,19.738,93.38,335.033,-1.1385906688924443,0.711716,-0.0023183528136638,42.8801,111.63423,50.399
1687242662859,-1.4168711907613287,1.17161,-0.0224988037225916,357.468,78.745,0.696703,-1.1585916038378183,0.74073,-0.1745475884649925,19.6805,93.332,335.096,-1.138504400765203,0.712303,-0.0024010069135149,42.6321,111.34462,49.9232
1687242662915,-1.4165332305934597,1.17134,-0.022553941994545,357.641,78.71300000000002,0.672356,-1.1587695398355324,0.741101,-0.1742610314188088,19.4559,93.332,335.173,-1.138522491729678,0.712456,-0.0024965357939876,42.5706,111.60056,50.2289
1687242662970,-1.4163179821786622,1.17093,-0.0224391843158164,357.813,78.70600000000002,0.654563,-1.1591889879199486,0.741984,-0.1740713193620503,18.862,93.42899999999996,335.222,-1.1383505892911057,0.712702,-0.0026625978354446,42.6755,111.7426,50.1824
1687242663026,-1.416153446569628,1.17055,-0.02220439404055,357.985,78.62799999999999,0.743539,-1.1590764583008677,0.742266,-0.1738952121934582,19.1564,93.341,335.028,-1.1381742260835446,0.713742,-0.0023904210932003,42.2842,111.41759,49.8165
1687242663082,-1.4162845702800697,1.17019,-0.0217209579722224,358.118,78.46300000000002,0.733147,-1.1593757701018292,0.743226,-0.173970176757121,18.5259,93.293,334.396,-1.1381897225160746,0.713723,-0.002380642004345,42.4213,111.68894,50.0974
1687242663137,-1.4163700112345827,1.17008,-0.0211838003606298,358.156,78.28699999999998,0.866786,-1.1592046165461471,0.743169,-0.1737470793336097,18.6495,93.27999999999996,334.866,-1.1382662283109204,0.71366,-0.0026173089292732,42.4207,112.03032,50.586
1687242663193,-1.4164777312292096,1.17026,-0.020446096932647,358.03,78.09300000000002,1.01393,-1.1589051632926657,0.742726,-0.1741524803806968,18.9625,93.348,334.677,-1.138377440317448,0.713313,-0.0029897771018787,42.5409,111.87942,50.1649
1687242663248,-1.4165918837140732,1.17062,-0.0197342954731097,357.789,77.88,1.20653,-1.1586880559304251,0.74255,-0.1744511718490401,19.0247,93.469,334.676,-1.138415096026363,0.713021,-0.0031347189439607,42.6734,111.99588,50.2264
1687242663304,-1.416619252850866,1.17106,-0.0191437643813361,357.639,77.78199999999998,1.21774,-1.158323232347687,0.742441,-0.174671126488632,19.2132,93.721,334.859,-1.1382929761865024,0.713001,-0.003116560620459,42.671,111.99266,50.1694
1687242663361,-1.4169296281316712,1.17101,-0.0186395010010825,357.541,77.70999999999998,1.31372,-1.1583202341768677,0.742557,-0.174484337005599,19.0525,93.61700000000002,334.894,-1.1383891575479308,0.713538,-0.0030693474261825,42.4573,111.76015,49.8007
1687242663416,-1.4171908079607172,1.17083,-0.018361534266023,357.547,77.685,1.37937,-1.158254226107979,0.742562,-0.1739947474684952,19.0688,93.906,335.107,-1.1383396353372892,0.713776,-0.0031844882558355,42.2973,111.61883,49.4394
1687242663471,-1.4174595803688823,1.17067,-0.0180377365628054,357.702,77.66300000000001,1.41614,-1.158243453831386,0.742549,-0.1735963185437708,19.0556,93.89100000000002,335.14,-1.1382689693668369,0.713678,-0.0030650987645893,42.4926,111.92544,50.0282
1687242663527,-1.4174606051205831,1.17079,-0.0178248490397235,357.604,77.50799999999998,1.46061,-1.158379940763895,0.742743,-0.1733652254948613,18.9032,94.003,335.077,-1.1381370585422976,0.713403,-0.002883863353123,42.6949,111.82881,49.9181
1687242663582,-1.417321931933795,1.17075,-0.0176833037788844,357.658,77.40800000000002,1.48509,-1.1582732482627265,0.742882,-0.1732576875471667,19.0317,93.90499999999996,335.184,-1.1379627413487416,0.713033,-0.003220479107405,42.9431,112.45373,50.5658
1687242663639,-1.4169645259592225,1.17079,-0.0177179391558804,357.592,77.38099999999997,1.42172,-1.1579823545384245,0.742627,-0.1738439021846176,19.1092,93.976,334.928,-1.1381585648632329,0.713434,-0.0037242372747554,42.7024,112.01691,49.5954
1687242663694,-1.416492347929687,1.17069,-0.0178886645729223,357.656,77.411,1.30801,-1.1576740795920908,0.742351,-0.1745711629957871,19.287,94.38,335.402,-1.1382039636485952,0.713535,-0.0040211902176397,42.5293,112.35523,49.8997
1687242663750,-1.416114153987727,1.17069,-0.0179233964482699,357.634,77.44599999999997,1.29367,-1.1575632042787185,0.742373,-0.1749375589085435,19.4022,94.313,335.15,-1.138221103280584,0.713638,-0.0039882477979457,42.4469,112.06358,49.4721
1687242663805,-1.4158436584857297,1.17052,-0.0181293950574858,357.674,77.49899999999997,1.22212,-1.1576380421455443,0.74261,-0.1750183803394204,19.2512,94.36199999999997,335.311,-1.1382348757408458,0.713896,-0.0038116070061157,42.1624,111.71456,49.0497
1687242663862,-1.4152071153699088,1.17044,-0.0180059611802314,357.638,77.52100000000002,1.2429,-1.157170759330477,0.742635,-0.1747810513758411,19.1159,94.20299999999996,335.349,-1.1380548456908592,0.714965,-0.0027388037946069,40.7178,110.99077,49.0635
1687242663918,-1.3974389132044884,1.1705,-0.013016043395447,357.547,77.56299999999999,1.19496,-1.1395600565299702,0.742199,-0.1695426854223137,19.0487,94.21499999999996,335.449,-1.1201287969157323,0.715276,0.0019670746789822,40.7697,111.18147,48.5314
1687242663974,-1.369616345911019,1.17042,-0.005671558251039,357.663,77.74399999999997,1.26681,-1.1116545239064792,0.741011,-0.1616318012277526,19.5542,94.418,335.839,-1.092619080811836,0.715409,0.0089523067883535,40.6958,111.41652,48.7203
1687242664029,-1.341231891809891,1.17039,0.0019153249674616,357.591,77.80200000000002,1.27355,-1.0831346886317914,0.740755,-0.1530436146806118,19.6153,94.36700000000002,336.227,-1.0644353562615751,0.714529,0.0144838734800126,41.686,112.7652,48.9428
1687242664085,-1.3317096349988893,1.17024,0.0046090377814708,357.658,77.75599999999997,1.31335,-1.0735834437765894,0.740954,-0.150187024292353,19.5526,94.212,335.964,-1.055022953706941,0.714686,0.0176802705420919,41.3067,112.41109,49.1243
1687242664140,-1.331810029399579,1.17055,0.0047192062193746,357.635,77.66699999999997,1.39048,-1.073586186145687,0.741345,-0.1496608420336139,19.1232,94.11199999999997,336.171,-1.054846958262652,0.714686,0.0178847979328968,41.3204,111.93609,48.5315
1687242664195,-1.3318251793840696,1.1706,0.004994963432281,357.629,77.43299999999999,1.50024,-1.0734826227713714,0.741653,-0.1495363730917034,19.0721,94.32299999999998,336.177,-1.054440436616963,0.715957,0.0186321963217005,40.7629,111.35102,48.0204
1687242664251,-1.331924250690255,1.1704,0.005290083686399,357.709,77.25400000000002,1.46787,-1.0733941789548045,0.742198,-0.1498023136514363,18.9813,94.147,335.643,-1.0545207793150837,0.716235,0.0187433237299251,40.4997,111.08055,47.6697
1687242664307,-1.332006542387354,1.17044,0.0056072879079797,357.591,77.13499999999999,1.45324,-1.0731357980594836,0.741675,-0.1504889510251156,18.9033,94.005,335.889,-1.0547306787420745,0.716262,0.018807631121016,40.2048,111.1758,48.1836
1687242664363,-1.3320296245646444,1.17099,0.0059854161417729,357.382,77.01400000000001,1.58411,-1.0737688860624444,0.741706,-0.1528740255313957,17.9804,94.60699999999996,335.534,-1.0548900531212098,0.716327,0.0183490388759058,40.3124,110.9897,47.4948
1687242664419,-1.3322517610982836,1.1712,0.006506924358892,357.338,76.92899999999997,1.7181,-1.0736055413895216,0.742389,-0.1524575859465484,17.2794,94.132,336.309,-1.055164798038577,0.716434,0.017863575849115,40.1593,111.44159,47.9181
1687242664474,-1.3325800194616186,1.17064,0.0068842742096532,357.69,76.88900000000001,1.86899,-1.074970924411025,0.743254,-0.1528073921423058,15.8208,94.039,336.131,-1.055185896432723,0.716479,0.017747162156774,40.2256,111.57863,47.9924
1687242664531,-1.3328024793002449,1.17042,0.0069434839818385,357.793,51.83109999999999,2.08593,-1.031986305290365,0.74433,-0.0272386779256549,15.8308,69.77409999999998,338.215,-1.0857177417937387,0.716693,0.1343077597453254,40.2213,86.62575,48.1265
1687242664586,-1.3322705692078398,1.17033,0.0061199221917834,357.838,52.44010000000003,1.66145,-1.0323100299860335,0.743707,-0.0268755161278095,16.282,69.07410000000004,336.553,-1.085757317957972,0.717731,0.1355415070197801,39.9879,86.3299,48.0561
1687242664643,-1.3308763652691915,1.17021,0.0042312114288931,358.046,53.42110000000002,1.58849,-1.0311904069112938,0.741187,-0.026234253801994,19.645,70.37609999999995,336.688,-1.085530010176495,0.717639,0.1362490269293799,40.1179,86.25071,48.1393
1687242664697,-1.3292779630375653,1.16996,0.0023054463066802,358.138,54.59609999999998,1.3314,-1.03101698872622,0.739803,-0.0269501373072417,19.2011,70.04010000000005,336.313,-1.0856240289619556,0.717314,0.1367049685462351,40.2629,86.10632,48.1402
1687242664753,-1.3271587271704184,1.16954,8.5424970071378e-05,358.438,56.08910000000003,0.898382,-1.0310116448360889,0.740091,-0.026338941387067,19.9481,69.69209999999998,335.814,-1.0855363885196083,0.716861,0.1365842813353751,40.3969,86.20900999999999,48.2486
1687242664808,-1.3248369228695096,1.16885,-0.0024002490453179,358.724,57.64210000000003,0.531766,-1.0310377115624505,0.74104,-0.0267765527052214,18.8438,70.20209999999997,336.658,-1.0854063880743123,0.71606,0.135673931740866,40.7045,86.01433,47.5918
1687242664863,-1.3220782341492148,1.16871,-0.0052839365361042,358.806,59.32709999999997,359.983,-1.030607261413158,0.740755,-0.0271574053919314,19.0097,70.08910000000003,336.161,-1.085496363841795,0.715928,0.1354678174733688,40.6768,86.26392,47.8875
1687242664920,-1.319612158400277,1.16829,-0.0086773695898861,358.939,60.9461,359.665,-1.030438370574131,0.740563,-0.027457476724272,18.8831,70.32910000000004,336.38,-1.085520546010713,0.716022,0.135286892536706,40.6652,86.24716,47.7523
1687242664975,-1.3175046497223095,1.16807,-0.0119400366480294,359.008,62.50310000000002,359.205,-1.0307928359930945,0.740191,-0.0271616861957577,18.9542,69.7541,335.737,-1.0855221229981853,0.715927,0.1350889621370436,40.6158,86.38311999999999,47.9062
1687242665031,-1.3160508606424617,1.16775,-0.0147580466056617,359.197,63.705100000000016,358.76,-1.030988540049594,0.74021,-0.0268242149788078,18.8711,69.91409999999996,336.032,-1.085628345895393,0.714814,0.1342882642751077,40.8971,86.69087,48.1647
1687242665086,-1.3153024343459565,1.16751,-0.0171571043537576,359.231,64.63009999999997,358.355,-1.0310031328232812,0.739966,-0.0263732370958067,18.771,69.8021,336.276,-1.085608421524083,0.71433,0.1332638989889778,40.9545,86.58484,47.6218
1687242665142,-1.3148385401771647,1.16806,-0.0188901820208463,359.031,65.35209999999995,358.204,-1.030473150848276,0.739436,-0.0268776709528878,18.9938,69.75509999999997,335.714,-1.0855815314302737,0.714021,0.1329398552066661,41.0417,86.94458999999999,48.1614
1687242665198,-1.3146929143412769,1.16908,-0.0204719067617294,358.43,66.07709999999997,358.364,-1.0299164940154164,0.739336,-0.0272526140691476,19.0938,70.03409999999997,336.107,-1.0856294236958506,0.714072,0.1329431809994901,41.0152,86.64784,47.7885
1687242665254,-1.3148521867783955,1.17076,-0.0219746816253648,357.679,67.08810000000005,358.973,-1.02956206839383,0.73972,-0.0279977278314438,18.6367,69.88009999999997,335.789,-1.0855954476645049,0.714325,0.1339226494417045,40.7183,86.54111,48.222
1687242665309,-1.3158126941515724,1.17222,-0.02294406678415,356.404,67.58510000000001,359.664,-1.0289848921927247,0.740802,-0.0286450784650867,18.2537,69.7441,336.033,-1.0853258814495297,0.71483,0.1350032088596654,40.6615,86.36194,48.142
1687242665365,-1.3175705717952784,1.17224,-0.0236372647932053,356.268,68.05110000000002,359.747,-1.029299402402079,0.741665,-0.0287263482516747,17.3225,69.01310000000001,335.706,-1.0853587242019858,0.715177,0.1358316116865625,40.5218,86.39352,48.6303
1687242665421,-1.319122491094508,1.17272,-0.0240945335748628,356.29,68.22910000000002,359.97,-1.0295383883764586,0.741051,-0.0284220778718318,17.6845,69.39710000000002,335.68,-1.08549127104399,0.715693,0.1365508631757334,40.4991,86.13718,48.5846
1687242665476,-1.3210295879344929,1.17255,-0.0243005591386157,356.137,68.31910000000005,0.0416132,-1.030586915773062,0.739711,-0.0268111815410357,18.2897,69.40009999999995,336.633,-1.0855610549284402,0.716069,0.1365634110628483,40.4457,86.09828,48.5778
1687242665532,-1.322228542930291,1.17451,-0.0241552196806159,355.708,68.09810000000004,0.104076,-1.0298716739919944,0.738734,-0.0271084371795278,19.4493,69.77110000000005,334.843,-1.085617416801922,0.716236,0.1364767406571863,40.4165,86.24504,48.6841
1687242665587,-1.3235788579540817,1.17417,-0.0237092886360307,355.19,67.86410000000001,0.274543,-1.029927762311411,0.739533,-0.0271432399154121,18.8584,69.84310000000005,335.847,-1.0857461733772475,0.716502,0.1363927955304042,40.404,86.23369,48.5894
1687242665643,-1.324764461294639,1.17478,-0.0233843165159053,355.362,67.71410000000003,0.193693,-1.0294577452935525,0.739545,-0.027587329560555,18.9154,69.78909999999996,335.327,-1.0856440383237682,0.716375,0.1364644714039655,40.4803,86.39256,48.7828
1687242665699,-1.3259159433981322,1.17575,-0.0226828226418517,354.96,67.19709999999998,0.437132,-1.0290943011529594,0.739029,-0.0273157903061759,19.0477,70.18110000000001,335.876,-1.085761561585907,0.716471,0.1367991118271906,40.4798,86.27826999999999,48.8812
1687242665755,-1.328206393933752,1.17557,-0.0212305028754507,355.09,66.28610000000003,0.870839,-1.0292073887433075,0.739313,-0.0273640798175547,19.3631,70.3161,335.534,-1.0854732388249353,0.716762,0.1369060367798709,40.3744,86.11735,48.4848
1687242665811,-1.3302694594816775,1.17596,-0.0190847207255196,355.167,64.88409999999999,1.07086,-1.029592687856605,0.740445,-0.0268405166759067,18.7604,69.97209999999995,336.001,-1.085372893615123,0.716739,0.1367443217871592,40.3982,86.49195999999999,49.0861
1687242665866,-1.3322531929461974,1.17612,-0.0168638517555567,354.819,63.47109999999998,1.27145,-1.0295980373798217,0.740588,-0.0269833670612802,18.673,70.13210000000004,335.785,-1.0857308929235836,0.716952,0.1359787696039988,40.3172,86.87022999999999,49.0956
1687242665922,-1.3331694081964642,1.17698,-0.0151380870395022,353.956,62.72810000000004,1.19953,-1.029633126585341,0.739955,-0.0274053872002026,18.8314,70.4271,335.773,-1.0860363693134163,0.717814,0.1354006077968421,39.8615,88.47641,51.201
1687242665978,-1.3342534579191094,1.1765,-0.0144728914300512,354.188,62.72410000000002,1.32801,-1.0297211519574476,0.738618,-0.0267893880655721,19.2819,70.20410000000004,336.058,-1.0863024930853864,0.718517,0.1353296531775952,39.7149,89.51208,52.5968
1687242666033,-1.3349001225788153,1.17623,-0.0140280397942361,354.676,63.185100000000034,1.46961,-1.0306560002749816,0.739204,-0.0263677303807096,18.901,69.65009999999995,335.185,-1.086595954070237,0.718619,0.1348595543152582,39.4599,89.66501,53.0185
1687242666089,-1.334836063461562,1.17669,-0.014081568006393,354.517,63.448099999999954,1.49889,-1.031405939282273,0.741257,-0.0245578094942224,18.7146,68.55309999999997,336.013,-1.0863810922250892,0.718687,0.1337099579176039,38.8362,90.89961,54.5646
1687242666144,-1.3350647672757212,1.17658,-0.0145146959498335,354.534,63.73709999999994,1.31701,-1.031612892942114,0.742592,-0.0239431379049339,18.3496,68.40509999999995,335.817,-1.085411954570242,0.718413,0.1320637453171306,38.9793,91.3977,54.0562
1687242666201,-1.3350420232372464,1.17699,-0.0150151078988454,354.238,64.40909999999997,1.4415,-1.0311729423291,0.742176,-0.0254245886932183,18.5956,67.99810000000002,333.418,-1.0851260885441083,0.718018,0.1318601462378038,38.7589,91.1133,53.8489
1687242666256,-1.3352051658987854,1.17671,-0.0153369444442935,354.335,64.71709999999996,1.71237,-1.030407321244953,0.740262,-0.0259600164245786,20.0882,68.31510000000003,333.497,-1.084997426231419,0.718016,0.1310507060551508,38.8492,91.2585,53.8631
1687242666312,-1.3351865834527017,1.17578,-0.0158172583548744,355.168,64.97810000000004,1.67357,-1.0297058363394826,0.739474,-0.0283695677806192,21.0506,68.89509999999996,331.531,-1.0861341609672968,0.718245,0.130634912909165,38.652,90.65774,53.6058
1687242666367,-1.3349155202674312,1.17548,-0.0168171492437173,355.137,65.12509999999997,1.5941,-1.029312975888077,0.741491,-0.0289000436761333,20.899,67.70609999999999,330.901,-1.0864531565777118,0.718716,0.130313554199098,38.4953,90.51577,53.0478
1687242666423,-1.3351468557480215,1.17556,-0.0177244006672048,355.057,65.53110000000004,1.11344,-1.0291402232467328,0.742663,-0.0287008985659533,20.2857,68.39409999999998,331.094,-1.0863300263748752,0.718707,0.1303294073738402,38.4738,90.85873,53.5582
1687242666480,-1.335295352615784,1.17682,-0.0187016718323707,354.503,66.26509999999996,1.06635,-1.0293217099777563,0.742943,-0.0294269482174664,20.1754,68.73410000000001,331.266,-1.086177046503366,0.720122,0.1292323644854748,37.5032,92.4733,55.1228
1687242666534,-1.335466287894631,1.17707,-0.019451778018484,353.981,66.75009999999997,1.16041,-1.0295995902964463,0.742619,-0.0294506532482577,19.9124,68.1961,330.757,-1.085631100855876,0.72428,0.1268471268956345,36.5098,93.3846,54.2534
1687242666590,-1.3351644178042923,1.17742,-0.0195953760984116,353.275,67.45209999999997,0.780979,-1.0277755034491929,0.742064,-0.0317992776783605,20.5046,68.39710000000002,328.473,-1.083778252412549,0.731867,0.1244958228029958,32.8761,93.2209,50.6679
1687242666646,-1.3330051501983866,1.17807,-0.0186796553079488,353.211,68.23410000000001,1.05368,-1.0256409562530713,0.74398,-0.0301160305552289,22.984,67.34410000000003,328.39,-1.0818435414589551,0.736434,0.1241290172740786,31.0847,92.4812,49.3444
1687242666702,-1.3305981971717769,1.17894,-0.0174906956249932,352.447,68.88810000000001,0.557563,-1.0253645233509183,0.748277,-0.0303530934384634,22.2426,68.70309999999995,334.003,-1.080908584568706,0.736814,0.1244210810742591,30.7288,90.64146,47.1212
1687242666758,-1.3285412193616652,1.17804,-0.0168911220275851,354.468,69.9801,1.01528,-1.0269823823898196,0.754574,-0.0269434507328054,20.8218,65.2301,336.369,-1.0808163618507485,0.730896,0.125561102446994,32.0969,89.57724999999999,47.4282
1687242666813,-1.3271176235407722,1.17374,-0.0151950845932295,356.335,71.32910000000004,0.264046,-1.033982215335433,0.764068,-0.0228046115738739,17.6945,61.54010000000005,341.45,-1.0805153500460452,0.724035,0.1279124507439142,36.1801,89.06615,47.2577
1687242666868,-1.325199162478796,1.1712,-0.012891207868298,356.848,72.22810000000004,0.453533,-1.0442671399743064,0.77889,-0.0217127793556752,11.4858,59.615099999999984,347.853,-1.0785891007860335,0.721866,0.1289935917885078,36.8868,90.64504,50.1275
1687242666924,-1.3237966562661465,1.17229,-0.0091938067792248,356.674,72.60410000000002,0.862777,-1.0572151860271282,0.795019,-0.0181759535946285,5.58036,54.49609999999996,358.154,-1.0750812912874266,0.72199,0.1299139389846691,37.1377,92.296,52.3802
1687242666980,-1.322853024539716,1.17288,-0.0055910865007583,356.932,72.4511,1.40504,-1.0711666034141856,0.809415,-0.0190995368838411,357.445,53.58609999999999,7.77825,-1.0708867586579744,0.722485,0.1279136883102631,36.7696,91.7981,49.5152
1687242667036,-1.3219365917319652,1.17143,-0.0016080923357013,357.493,72.53809999999999,1.20513,-1.0835365516072597,0.816349,-0.0198581000803925,352.902,51.89210000000003,14.0909,-1.0681091182716085,0.722925,0.1262907342585325,36.7224,92.9484,50.2734
1687242667092,-1.3214520322463574,1.16959,0.0016234530855804,357.678,73.03809999999999,0.893329,-1.0944662520410129,0.823225,-0.0192435410087643,351.284,52.708099999999945,19.1222,-1.0662140465634722,0.723015,0.124777773971208,36.9288,93.3697,49.2927
1687242667147,-1.3210726319197506,1.16927,0.0052806199163075,357.962,73.68510000000003,0.784481,-1.1113965816803963,0.843457,-0.0164817650679234,340.42,51.78309999999999,31.1877,-1.063588117885217,0.7219,0.1223543829840338,37.0136,95.0217,49.7765
1687242667202,-1.3195073528249082,1.16992,0.008236409297192,358.477,74.11710000000005,0.769788,-1.1451748587463122,0.879079,-0.0077676943000091,330.062,42.1721,50.5489,-1.060009310408723,0.721753,0.1202469180101397,37.2364,95.6212,49.6664
1687242667259,-1.317825679158105,1.16767,0.0097324207830451,359.215,74.97910000000002,359.964,-1.1806754754592066,0.920251,0.0041139256120299,319.917,27.62109999999996,70.1273,-1.0576033819897643,0.721888,0.117846444612485,37.1017,96.769,49.3423
1687242667314,-1.3157508922821937,1.16593,0.0102893985007498,0.419431,76.49509999999998,359.174,-1.217851877846865,0.955678,0.0140957090278789,317.829,4.012100000000032,95.8986,-1.054703206541496,0.720126,0.1152774550019065,37.219,98.6516,50.3882
1687242667370,-1.313214198131788,1.16502,0.0107408386950572,1.41952,78.15409999999997,358.758,-1.2475924943186796,0.982826,0.0207557915652382,318.063,350.3501,105.387,-1.0519680937130522,0.719126,0.1119790174209171,38.2583,99.278,49.3146
1687242667425,-1.3109600943052984,1.16397,0.0113807873535741,2.18045,79.32709999999997,358.434,-1.2644202865587792,0.998287,0.0313035134529095,318.845,342.2881,121.88,-1.0520133735704762,0.723197,0.1085473349436895,36.537,100.1144,48.7224
1687242667481,-1.309530141886549,1.16018,0.012706828160832,3.74864,80.35609999999997,357.961,-1.2753732482977809,1.0077,0.0387636015746388,322.919,338.05510000000004,129.405,-1.0515539565254368,0.723928,0.1068357229553208,35.7737,101.3901,49.1825
1687242667537,-1.3073132495722162,1.15819,0.014217269953008,5.20156,81.0181,358.151,-1.2814989673384525,1.01797,0.0442597277080851,323.447,336.0981,132.382,-1.049199268417999,0.719536,0.1052822281704276,37.2946,102.3404,49.8185
1687242667593,-1.305773969656293,1.1562,0.0157305736363565,6.9612,81.09596782999999,358.138,-1.2854416000647575,1.02773,0.0460496396823085,322.977,331.0761,139.324,-1.0482141807322092,0.717537,0.1038817473882296,38.5271,102.2927,49.7203
1687242667648,-1.3040665598177317,1.15504,0.0174305362426459,7.40445,80.74310000000003,357.835,-1.2861799670206442,1.03535,0.0447478369021399,320.856,331.4601,139.793,-1.048685304305109,0.720084,0.1023802090973232,37.6226,102.8171,49.2191
1687242667704,-1.3036345227891604,1.15428,0.0189948300476721,7.1416,80.29110000000003,358.148,-1.284153010928441,1.03061,0.0440404054282289,318.844,331.73310000000004,137.446,-1.0493132080693508,0.721116,0.1037478908522834,36.646,102.9465,49.7085
1687242667760,-1.3044996406463665,1.15511,0.0200263250952818,6.23244,79.36009999999999,358.014,-1.2769290409977654,1.01365,0.0449261420316804,320.177,337.0671,131.087,-1.0491951557467318,0.720967,0.1060950644737107,37.486,101.6291,48.9106
1687242667816,-1.3059366683873423,1.15762,0.0207543225731382,5.17155,78.92909999999995,358.536,-1.2644930877605964,0.988662,0.0460499267454703,320.013,345.4271,121.369,-1.048682891896609,0.722758,0.10813890987096,36.5902,101.4106,49.6665
1687242667871,-1.307761174926502,1.1605,0.0206284290667009,4.02716,78.57809999999995,359.123,-1.244664350039311,0.958681,0.0466850123070117,321.454,357.2501,107.714,-1.0482042834482923,0.723366,0.1098982145612283,36.7084,100.9469,49.668
1687242667926,-1.309689130076426,1.1624,0.0202131617504069,2.80365,78.38710000000003,359.47,-1.220839413463739,0.921383,0.0440644070467771,322.348,8.920100000000048,95.0228,-1.0483496185340866,0.724043,0.1119483312805488,36.7293,100.3346,49.7074
1687242667983,-1.3099074078598003,1.16426,0.0194099055909626,0.979145,78.2011,359.951,-1.1933274984955438,0.882611,0.036279297094587,327.518,22.72109999999998,78.8444,-1.0477558087828525,0.723947,0.1147539853913292,36.4999,100.4749,50.8454
1687242668039,-1.3094416396789472,1.16547,0.0177682198714339,359.734,78.0521,0.378327,-1.1675913083732972,0.851747,0.0203676695437524,331.697,36.01310000000001,60.4423,-1.0471359269322469,0.723067,0.1170108596504074,37.076,99.67,50.5729
1687242668094,-1.3081973458594285,1.16563,0.0156993086962727,359.413,78.08109999999999,0.41386,-1.1453811621389969,0.827213,0.0041055116444763,339.266,44.85810000000004,43.8413,-1.0473093624852696,0.723858,0.1171984715875215,36.683,99.7318,50.9237
1687242668150,-1.307335313011642,1.16518,0.0130080457729898,359.934,77.92510000000004,0.582865,-1.1236783004376376,0.809861,-0.0137639579117717,346.011,54.90210000000002,29.1436,-1.048856760266992,0.724392,0.1174810221053415,36.3148,98.0795,48.9697
1687242668205,-1.3079313702299495,1.1637,0.0099389779932554,1.72855,77.56309999999996,359.974,-1.102584047517407,0.794126,-0.0350267577130054,356.031,63.80110000000002,9.53634,-1.051627967346778,0.726373,0.1167446276383988,35.7688,98.1429,48.2803
1687242668261,-1.3077428045228938,1.16226,0.0065071255950567,1.98564,77.33109999999999,359.494,-1.0796220017726377,0.780185,-0.0527215848161651,6.8877,66.2971,351.2,-1.0514332310552987,0.727393,0.1192277114099983,34.6772,98.1706,49.7719
1687242668317,-1.305961946063813,1.16333,0.0032748960811885,1.78247,77.71010000000001,358.849,-1.057363811170677,0.772594,-0.0651888534113459,17.2114,71.79809999999998,339.277,-1.0479516480684985,0.723915,0.1207249535100013,35.9047,96.7428,48.21
1687242668372,-1.3039287871195298,1.1644,0.0004543996231547,2.71901,78.09609999999998,358.876,-1.0428912968631543,0.763174,-0.0752425407537377,26.9001,70.0281,325.636,-1.0471068082670845,0.7226,0.1242294959622976,37.0097,95.7285,49.3418
1687242668428,-1.302082448416756,1.16259,-0.0015227008307017,2.69673,78.47709999999995,358.433,-1.0404299652147844,0.761823,-0.0810221764798653,23.5776,73.00609999999995,329.108,-1.0507204209525622,0.725381,0.127926536705832,35.5392,94.8927,49.0018
1687242668483,-1.3029002304995816,1.15912,-0.0031316004158247,3.72237,78.5471,357.967,-1.0390524962787613,0.759836,-0.084752905526619,20.9147,76.9271,335.624,-1.0539919260224702,0.726902,0.1289972769906662,35.2673,94.4083,48.2458
1687242668540,-1.3041102470046484,1.15756,-0.0037037231888955,4.30261,78.38509999999997,358.009,-1.0371716000436582,0.757872,-0.0869653939091364,22.3806,77.03309999999999,335.525,-1.0557988638687548,0.731043,0.1287508704167604,34.183,94.2879,48.6756
1687242668595,-1.3059544696509948,1.15817,-0.0046727134214072,4.82941,78.17110000000002,358.655,-1.034251222493263,0.756212,-0.0865705234833654,23.9115,75.1771,329.68,-1.057576288473037,0.732021,0.1263750606145894,33.5343,94.1972,47.3781
1687242668651,-1.3069514698799225,1.15973,-0.0055061086118891,3.98633,78.32709999999997,359.034,-1.0323741790559908,0.754297,-0.0822660392431117,23.9833,76.7301,334.761,-1.0589789543558514,0.730197,0.1261519207454745,33.9267,94.6232,48.1392
1687242668706,-1.3076898916221706,1.16028,-0.0061228608559667,3.70741,78.36209999999994,359.568,-1.033227459233255,0.752363,-0.0819250260775478,22.574,77.27509999999995,335.257,-1.0606244617460512,0.727804,0.1266096952192036,34.9395,93.7763,47.8229
1687242668762,-1.307690373826165,1.16057,-0.0066752957005225,3.44989,78.25009999999997,0.219375,-1.0319121853594424,0.751703,-0.0805822167363285,23.0488,76.53210000000001,334.743,-1.061272010103702,0.728862,0.1272242560742083,34.5422,93.6709,47.8701
1687242668819,-1.3074571263897656,1.16041,-0.0073046739996504,3.41465,77.99810000000002,0.614899,-1.0302467061227738,0.752358,-0.0813941693225217,21.6929,78.5711,337.141,-1.063250952999688,0.731314,0.1288803578085307,33.8496,93.0511,47.8709
1687242668874,-1.3070175981476615,1.16035,-0.0084300978906324,3.31342,78.04010000000005,0.692021,-1.027984300445913,0.753264,-0.0839871830601074,21.1479,79.74009999999998,337.317,-1.064460066589619,0.733167,0.1300432927966726,33.3155,92.7092,47.747
1687242668929,-1.3067058962136535,1.1607,-0.0102512991849257,3.21891,78.13109999999995,0.705742,-1.0269130962719943,0.753867,-0.0838081897144791,20.7711,80.03610000000003,336.877,-1.0653719507674937,0.733045,0.1317427103722382,33.4877,92.1652,48.0975
1687242668984,-1.3069054929319823,1.16131,-0.0122072806265637,3.00376,78.2491,0.670662,-1.0273582772430607,0.755312,-0.0831886397867086,19.0489,81.533991,339.363,-1.065711825392846,0.732431,0.1321036451157051,33.7219,91.66,47.5738
1687242669041,-1.3068432544897082,1.16241,-0.0137517755224682,2.50197,53.17409999999995,0.541887,-1.0247091158191108,0.756945,0.0432510231960179,18.7131,55.67610000000002,340.824,-1.149540694292052,0.732173,0.2204309374572963,33.8376,66.8212,47.9924
1687242669097,-1.306996677742099,1.16399,-0.0157123450483014,1.91071,53.09109999999998,0.214723,-1.0252627938879906,0.757952,0.0432584229285517,18.6418,54.92110000000002,337.555,-1.149739986146884,0.732233,0.2204053082435425,33.8005,66.56049999999999,47.6688
1687242669152,-1.3077753349466714,1.16531,-0.0177393936312829,1.51772,53.38009999999997,359.99,-1.0250132783230947,0.758681,0.0436092702213653,19.2679,55.06209999999999,338.566,-1.149716556383947,0.732113,0.2200904354974867,33.8514,66.7779,47.8991
1687242669209,-1.308343271411406,1.16591,-0.0199401306128472,0.664286,53.93010000000004,359.862,-1.0255159452017064,0.760346,0.0430702011913267,18.0986,55.08510000000001,338.119,-1.1497459953292282,0.73229,0.2198579867751827,33.9314,67.1659,48.3749
1687242669263,-1.309918400063132,1.16642,-0.0217537894259959,0.378405,53.96810000000005,359.503,-1.0252358545523386,0.760218,0.0432488170868588,18.5557,54.75710000000004,337.452,-1.1495864029637564,0.73234,0.2197906644394898,33.996,67.5911,48.7245
1687242669320,-1.3115826584056665,1.1672,-0.0231139528056325,0.374533,54.11609999999996,359.443,-1.0247948521942003,0.759367,0.0432970180216674,18.4727,55.21609999999998,337.784,-1.1496412521217994,0.731547,0.2201632189990673,34.2895,68.0442,49.7144
1687242669375,-1.3134031364859693,1.16789,-0.0236160504048468,0.280179,54.08910000000003,359.44,-1.0232592007121926,0.75727,0.0419989152962225,18.8316,56.528635,337.375,-1.1503292159578564,0.730771,0.2198076969318513,34.6486,66.48949999999999,47.9488
1687242669431,-1.3150227955671596,1.16752,-0.0240046201678476,359.488,53.482099999999946,359.251,-1.0241706520269704,0.757592,0.0411272589472008,18.2347,55.95010000000002,337.148,-1.1506480834854809,0.731178,0.2191439571411,34.5392,67.06649999999999,48.3977
1687242669486,-1.3149966963666782,1.16998,-0.0243213133817538,358.747,53.46209999999997,359.136,-1.0238671214343429,0.757871,0.0412975316383144,18.1887,55.86310000000003,336.675,-1.1493968501748193,0.731336,0.2185657042359705,34.586,67.14439999999999,47.788
1687242669542,-1.3137128007915635,1.16997,-0.0260970772039445,358.685,55.024099999999976,359.321,-1.024461200369884,0.758983,0.0419356441897864,17.5507,55.96209999999997,337.346,-1.1496612855736006,0.731372,0.2182512170663254,34.3711,67.42179999999999,48.4681
1687242669598,-1.31108463105757,1.1692,-0.0283598829091077,358.79,57.70213,359.529,-1.0245987428946453,0.75891,0.0414359478180942,16.95,55.44410000000005,336.515,-1.1499127444208312,0.73107,0.2176357963174475,34.5559,67.1446,47.9985
1687242669653,-1.307885417945879,1.16843,-0.030380572483482,359.036,60.09683,359.823,-1.0229754234235362,0.757327,0.0416848013989769,17.917,55.92309999999998,336.846,-1.1486170764927397,0.729794,0.2161659129648938,34.6405,67.86269999999999,48.0905
1687242669710,-1.3041595002370794,1.16836,-0.0330379088259973,359.394,62.48206,359.659,-1.0223206238457003,0.757332,0.0405585560647507,17.9622,56.03809999999999,335.704,-1.1484577114461103,0.728711,0.2144287084542178,35.2899,68.12729999999999,48.4126
1687242669764,-1.300760601242364,1.1679,-0.0353216357325524,359.382,64.2568,359.34,-1.021398696914127,0.757876,0.0392383384982716,17.558,55.98709999999994,335.374,-1.1484457737143,0.729275,0.2138145295384618,34.6636,68.37989999999999,48.1143
1687242669821,-1.2977772151819926,1.16618,-0.0382133304354528,0.137143,66.16799999999999,359.39,-1.0211900086309895,0.758166,0.0397219945749221,17.0454,55.28710000000001,335.83,-1.1483106148240598,0.728698,0.2143285282975935,34.9601,68.2862,48.2894
1687242669876,-1.2953996549427929,1.16522,-0.0408310923648452,0.586941,67.2983,359.19,-1.0214066417739454,0.758785,0.0389618995010182,16.7162,55.955100000000016,335.592,-1.1484504176935304,0.728767,0.2145908482123689,35.0587,68.08449999999999,48.2141
1687242669932,-1.2934749643604049,1.1658,-0.0429310243666172,0.412923,68.2422,358.701,-1.021918650999916,0.75828,0.0406010074634541,16.8664,54.88310000000001,335.767,-1.148508630387672,0.728828,0.2155544273540282,34.9885,68.1743,48.6103
1687242669987,-1.2921402067473262,1.16573,-0.0455891586003099,0.74,69.3394,358.753,-1.0223419906151014,0.757281,0.0413418287510901,17.7767,56.430479,336.69,-1.1484987597252632,0.728362,0.2169541494728873,35.5697,67.6653,48.5267
1687242670043,-1.2913709234399888,1.16439,-0.0476264625032787,0.806029,70.2329,358.727,-1.0229014741841786,0.757519,0.0407404742999278,18.8762,54.71810000000005,334.296,-1.149887549445281,0.730504,0.2176106799242546,34.8627,67.3017,48.3472
1687242670099,-1.2904470109642936,1.1641,-0.04928970162537,0.793816,71.15899999999999,358.489,-1.0225618917722794,0.757323,0.040595200676965,18.2813,55.2251,334.689,-1.1495345999285165,0.730114,0.218415526157156,34.999,67.38719999999999,48.6726
1687242670155,-1.29002208376271,1.16375,-0.0500617467751858,1.26249,71.7444,358.693,-1.0220633580793057,0.757423,0.0411712529028699,18.9916,55.50210000000004,335.02,-1.1497051088102077,0.729743,0.2192161539678548,35.2747,67.0817,48.5451
1687242670210,-1.289792006785479,1.16278,-0.0503377329062653,2.02138,72.145,358.878,-1.02389907604176,0.758389,0.0406579483418902,18.0445,54.96810000000005,334.238,-1.151229937092748,0.730924,0.2192461606132044,34.8245,66.43889999999999,48.0181
1687242670266,-1.2894111191505675,1.16085,-0.0482835599900842,2.19883,71.9179,359.047,-1.0245455933644427,0.758003,0.0406089732311574,17.8584,55.1531,335.692,-1.1507698987666075,0.732967,0.2180769686279078,34.424,66.7134,47.616
1687242670322,-1.288857353512714,1.16027,-0.0465618911431997,2.62838,71.6773,359.348,-1.0239645744070385,0.756833,0.039999434215887,17.128,54.13310000000001,333.749,-1.1503471840175596,0.735121,0.21728114607172,33.4634,66.6421,47.3462
1687242670378,-1.288212182255148,1.1611,-0.0443075561506996,2.38694,71.3291,359.625,-1.0230875064243947,0.756411,0.039182829958109,17.5842,54.63310000000001,334.618,-1.1502281836703698,0.733816,0.217122200114336,34.0711,66.66839999999999,47.4912
1687242670433,-1.2879274494288313,1.16267,-0.0421654876856144,1.8263,46.0845,359.845,-1.083589992601396,0.758049,0.1439940796736701,16.4726,29.93810000000002,336.092,-1.2727577654392794,0.732027,0.2504754774777699,34.4552,41.567,47.2822
1687242670489,-1.287748591953175,1.16432,-0.0405894068998036,0.289035,46.2289,0.190379,-1.0830837819617094,0.758967,0.1450406156492907,16.4891,29.76410000000004,334.426,-1.2717390644828166,0.729134,0.2510620533733722,35.4037,42.6736,48.9647
1687242670544,-1.2874857484739994,1.16503,-0.039185427802575,359.565,46.5301,0.363154,-1.0819023508286805,0.758921,0.1470421513816497,18.9083,31.352908,335.909,-1.2706530570084755,0.726702,0.2522185560736178,36.241,43.1451,49.3756
1687242670600,-1.2870794863906352,1.16542,-0.0383268846355644,359.197,46.7896,0.834745,-1.082116611138506,0.758761,0.1461195452849684,17.008,29.90610000000004,333.656,-1.271644084567365,0.726726,0.2525488196312825,36.5581,42.5948,49.6616
1687242670656,-1.2871378087313388,1.16441,-0.0384832276705063,359.605,47.2439,1.2617,-1.082289820774445,0.756649,0.1455786883889063,18.394,30.373100000000026,333.627,-1.2729560753882936,0.728198,0.2524330583864738,35.8344,42.345,49.3911
1687242670712,-1.2858042914199834,1.16258,-0.0411477547543086,359.972,48.8326,1.76441,-1.082483622104518,0.755282,0.1464423696347731,18.931,30.91910000000001,334.175,-1.273379230715478,0.728527,0.2530744498574768,35.7627,42.0677,49.299
1687242670767,-1.2844480001040148,1.1619,-0.0430739617281897,0.824837,50.244600000000005,1.77328,-1.0827913419294015,0.755038,0.1465633762435745,18.2329,31.402733,334.797,-1.27375629355053,0.72906,0.2536753141503272,35.785,41.8925,49.4567
1687242670822,-1.2824035006897945,1.16312,-0.0451209432999806,0.397113,51.3264,1.40982,-1.083273828616219,0.753762,0.1467179654962546,18.1626,31.806721,335.123,-1.2744364484049175,0.730154,0.2538683058186792,35.3874,41.8703,49.571
1687242670879,-1.279995638055198,1.16375,-0.0473753906763715,0.120471,52.6462,1.35837,-1.084020388436043,0.75262,0.1471821109965273,18.2012,31.75715,335.386,-1.2742862685097016,0.729581,0.2543047550471961,35.4761,41.8621,49.6659
1687242670934,-1.2778821071426176,1.16312,-0.0495340722581633,0.270109,53.936800000000005,1.6938,-1.0841481566060265,0.752294,0.1474001196769489,18.396,31.723293,335.246,-1.2741351273031134,0.72914,0.2542742102330524,35.6175,41.7074,49.5861
1687242670990,-1.275909150417481,1.16208,-0.0518193433253976,0.371603,55.1991,2.20813,-1.0844313875785714,0.752942,0.1462314836274487,17.6644,31.458308,335.155,-1.2735729797960396,0.729279,0.2530790751987192,35.6696,41.4827,48.938
1687242671045,-1.2743275669774454,1.16296,-0.0533185500430336,0.0235645,56.2068,2.35032,-1.082372304456265,0.755258,0.1441194192971233,16.3493,31.846543,333.808,-1.2728735289966966,0.729167,0.2527740164678186,35.4953,41.5578,48.8867
1687242671102,-1.2736036099555348,1.16351,-0.0544231415469057,359.965,56.8204,2.60555,-1.081782435437037,0.756722,0.1442919774037263,16.1491,30.756100000000004,333.262,-1.2727022376765071,0.728352,0.2526450196708515,35.6999,41.4157,48.9365
1687242671157,-1.2728987759901758,1.16329,-0.0552265887021539,359.951,57.0336,2.64475,-1.0818249810638192,0.7566,0.1455071448117988,18.1133,29.883100000000013,330.7,-1.272558865347958,0.727703,0.2523430953170701,35.8442,41.3447,48.6121
1687242671213,-1.2734042049919867,1.16239,-0.0545533854351381,0.409434,81.55789999999999,2.77889,-1.0156696399444989,0.757396,0.0461534435833156,17.924,52.87609999999995,328.458,-1.1426883571288244,0.727795,0.2233837788438128,35.7666,66.336,48.6824
1687242671268,-1.27440703692043,1.16167,-0.0523640016466499,0.929535,80.5962,2.68431,-1.0171392045239298,0.757953,0.0480200896415927,18.211,53.85109999999997,331.183,-1.143094691306593,0.731086,0.224270856464981,35.0587,65.69344,47.6293
1687242671324,-1.2749833526030896,1.16111,-0.0486884842362816,1.04849,79.2451,2.67836,-1.019459907405488,0.758968,0.0473687782755569,16.251,53.99310000000003,333.9,-1.14391938952112,0.733341,0.2248577054020645,33.7715,65.64274999999999,47.7578
1687242671380,-1.2769293412321217,1.16071,-0.0428048291694308,1.63276,76.11619999999999,2.3095,-1.0214492387824652,0.75794,0.0480450682374625,16.4595,53.81510000000003,333.522,-1.1440175580223175,0.733363,0.226061431859933,33.9913,65.2952,47.4558
1687242671436,-1.279336878420998,1.16144,-0.0349240364190676,1.52131,71.3574,1.79437,-1.0223636649825896,0.757028,0.0495534697007759,17.0816,54.580100000000016,336.213,-1.143852066545604,0.732627,0.2269755975019997,34.062,65.07526,47.5845
1687242671492,-1.2825128519290052,1.16251,-0.0277929920154451,0.852796,67.3791,1.49933,-1.0227813408785498,0.756015,0.0506535387194897,17.4847,53.58410000000004,335.515,-1.144162225751021,0.732114,0.2284766233902825,34.0174,64.79624,47.9534
1687242671546,-1.2854929444164784,1.1636,-0.0222709888529953,0.180439,64.6391,1.53789,-1.0222307969379385,0.755782,0.0503295575326034,17.4061,54.070100000000025,335.616,-1.1439485067557462,0.731961,0.2288543776636651,34.2412,64.46844,47.2116
1687242671603,-1.28856280733525,1.16345,-0.0181427683707595,0.215499,62.8529,1.88854,-1.0216295321806932,0.755484,0.0499926763937803,17.3631,54.24609999999996,335.576,-1.144416788862584,0.733103,0.228361312192946,33.5432,64.7867,47.7336
1687242671659,-1.290824524114738,1.16309,-0.0155306440687052,0.575774,62.15632,2.25193,-1.0202329611048142,0.755159,0.048956535746948,17.2486,54.83410000000004,335.461,-1.1444781586570594,0.733373,0.2279983599807664,33.6466,64.58304,47.0714
1687242671714,-1.2924205195690646,1.16252,-0.0143966005246697,0.800475,62.23663,2.68233,-1.0190308087232218,0.754759,0.0478306881811418,17.2312,55.16309999999999,334.867,-1.1448872599456237,0.733192,0.2278971385616143,33.6529,64.63727,47.2398
1687242671770,-1.2934959548085587,1.16191,-0.0139026105898995,1.03422,62.49132,2.91593,-1.0188887465977603,0.754922,0.0478815904650726,17.2098,55.13109999999995,334.92,-1.1455265204732403,0.73327,0.2277697833582216,33.5873,64.70633,47.3696
1687242671825,-1.29441653142764,1.16183,-0.013728656290151,1.0865,62.54138,2.90994,-1.0186983312294084,0.754758,0.0476866636134195,17.1747,54.97810000000004,334.487,-1.1458139677435548,0.733988,0.227592970273896,33.4594,64.50159,46.9913
1687242671881,-1.2948722459955817,1.16227,-0.0144435283364401,0.893539,62.72358,3.13609,-1.0188711001809343,0.754686,0.0476368105353945,16.9999,55.024099999999976,334.678,-1.1460944751679203,0.734449,0.2275544433368816,33.1659,64.62893,47.3489
1687242671940,-1.2948286328452614,1.16295,-0.0152864311203477,0.780592,62.80291,3.19067,-1.0193238432305398,0.754846,0.0479590522630371,16.8403,54.60810000000004,334.89,-1.1460288221484918,0.734589,0.2275239877784415,33.1391,64.46153,47.0051
1687242671993,-1.2942290687797675,1.16398,-0.0162394285449867,0.223325,63.14722,3.37889,-1.0189711573614573,0.75475,0.0469490442592324,16.4018,55.03809999999999,335.245,-1.146136066872247,0.733788,0.2277208365763214,33.3526,64.17161,47.0768
1687242672048,-1.2937683623266891,1.16441,-0.0169822446824608,359.991,63.40381,3.27557,-1.0185808720148275,0.754448,0.0459341855556653,16.0797,54.58810000000005,334.605,-1.1460975513894438,0.733346,0.2277673271945626,33.5241,64.05587,46.8798
1687242672103,-1.293059206872838,1.16435,-0.017768445771415,359.986,63.72399,3.30144,-1.0187866296902262,0.755258,0.0450259699760728,16.0844,53.39710000000002,332.066,-1.1459894632255272,0.733464,0.2275527310417053,33.6526,63.94184,46.6052
1687242672160,-1.2929187834453686,1.16371,-0.0184237434907898,0.269132,63.95905,3.24834,-1.0194574560488467,0.756871,0.0446196738321335,15.4843,52.64009999999996,331.403,-1.146174500370982,0.734036,0.2273138995220059,33.3894,64.0337,46.8619
1687242672216,-1.2928884282406303,1.16371,-0.0187216716726479,0.312393,63.85343,3.10458,-1.020171796187816,0.757324,0.0460974882372119,15.9618,49.91309999999999,329.151,-1.146328697247924,0.734571,0.2270901334541106,33.2803,63.8919,46.5321
1687242672271,-1.2932342200311804,1.16399,-0.0184759692716636,0.290577,88.60779,2.97692,-1.0184015161774682,0.75686,-0.0765289262739365,16.1681,75.6481,327.109,-1.0562425240048054,0.734601,0.1420579256148753,33.2573,89.05018,46.8943
1687242672326,-1.2932404676601472,1.16457,-0.0179258036446636,359.99778887,88.2824,3.07568,-1.018544416232676,0.756519,-0.0744904732001029,15.7099,76.28210000000001,331.167,-1.0561689668271248,0.734307,0.1421918274879453,33.4296,88.82914,46.6557
1687242672382,-1.2933322661072928,1.16478,-0.016790933077109,359.98,87.80031,2.99133,-1.018815291054226,0.756283,-0.0747171406239867,16.2091,77.7491,331.566,-1.05615148427227,0.734492,0.1421196639911082,33.4106,88.84805,46.6791
1687242672439,-1.2936096728718565,1.16481,-0.0144974283513728,359.978,86.77468,3.10216,-1.018869952086151,0.756235,-0.0739058214934413,16.2332,77.07309999999995,331.465,-1.0561196095676464,0.734834,0.1422411633870127,33.3573,88.63756,46.4865
1687242672494,-1.294072554050988,1.16459,-0.0120150603641466,0.159367,85.14204,2.99441,-1.0190429726859702,0.756006,-0.0737770547584583,16.4522,77.59209999999996,332.181,-1.0561214371639944,0.735015,0.1422476587616431,33.2535,88.63156,46.5114
1687242672549,-1.2946621647894183,1.16461,-0.0088983641426441,0.248948,83.56151,2.79149,-1.0190006397742442,0.756049,-0.07385342179706,16.3582,77.4751,332.01,-1.0560734243439287,0.734746,0.1423701687167868,33.4164,88.50183,46.3751
1687242672605,-1.295334847353681,1.16519,-0.0050771345424058,359.954,81.01409999999998,2.26189,-1.0179003176248451,0.755679,-0.0740585516523763,16.9275,78.49509999999998,333.152,-1.0561030964639104,0.734852,0.1423231077425535,33.3542,88.55999,46.4825
1687242672661,-1.2964982129453626,1.16564,-0.0013349212480984,359.676,78.65610000000004,1.9718,-1.0176984827343547,0.755436,-0.0739661916665564,17.4128,78.57910000000004,333.067,-1.0559621236135708,0.735021,0.1424376125261527,33.3243,88.54871,46.501
1687242672717,-1.2975273563591307,1.1657,0.0013052853960674,359.553,77.25909999999999,1.88058,-1.017745161572235,0.755497,-0.0739208717361269,17.2641,78.45410000000004,333.089,-1.055900548893984,0.734944,0.1426479812593519,33.3717,88.50456,46.5561
1687242672772,-1.2982595350189263,1.16577,0.0032324695336474,359.568,76.33410000000003,1.88183,-1.0176400515839417,0.755278,-0.0734954707719049,17.4158,78.61209999999994,333.333,-1.055790547985907,0.73513,0.1427644144600391,33.2766,88.49188,46.4631
1687242672828,-1.2986250457276056,1.16565,0.004512111499918,359.521,75.8741,1.9945,-1.0175515745566186,0.755143,-0.0735808022176683,17.633,78.7971,333.211,-1.055648446703558,0.735254,0.1431068417889057,33.278,88.49741999999999,46.5853
1687242672883,-1.299007704199908,1.16567,0.0054684004173352,359.495,75.44709999999998,1.89657,-1.017396976654933,0.755282,-0.0733956362143243,17.7715,78.88810000000001,333.588,-1.0556635381293535,0.735459,0.1435403316375382,33.1636,88.51407999999999,46.6996
1687242672939,-1.299256829582744,1.16569,0.0059407271936531,359.431,75.15710000000001,1.95732,-1.0173311021412972,0.755348,-0.0735330952571453,17.7565,78.95309999999995,333.462,-1.055512683283651,0.735291,0.1439799863037571,33.2297,88.42922,46.7253
1687242672995,-1.2994755209011974,1.1659,0.0060831886524168,359.44,75.06410000000005,1.89044,-1.0170006163805958,0.755504,-0.0741260811355385,17.7784,79.16210000000001,333.37,-1.0554562191626096,0.734993,0.1441008851996785,33.2781,88.43351,46.7615
1687242673051,-1.2996342429262018,1.16598,0.0059592220086026,359.226,74.9991,1.94063,-1.0169334167336894,0.755613,-0.0744961392626694,17.6022,79.20809999999994,333.448,-1.0554097011740076,0.73465,0.1437969221480811,33.3566,88.52150999999999,46.7567
1687242673106,-1.2997529138427255,1.1661,0.0056119637422195,359.075,74.91809999999998,1.81062,-1.0167834609458826,0.755221,-0.0750293527487172,17.7137,78.96410000000003,332.621,-1.0554038905419487,0.734455,0.1434607690184585,33.4047,88.56358,46.6664
1687242673162,-1.2998619020116449,1.16648,0.0049768338822415,358.939,74.96709999999996,1.73347,-1.0170247891656925,0.755489,-0.0750712180126419,17.4823,79.10410000000002,333.109,-1.0554807471882903,0.734087,0.1431140911046637,33.5203,88.64887,46.6421
1687242673218,-1.299843030702204,1.16681,0.0044365415875713,358.704,75.06709999999998,1.56829,-1.0170393190476292,0.755579,-0.0751554833230068,17.4825,79.15909999999997,332.94,-1.0555067062294612,0.73363,0.1429296486795509,33.7421,88.70851,46.613
1687242673274,-1.2998029457078553,1.167,0.0039611154595261,358.581,75.15909999999997,1.50371,-1.0170179498393854,0.755878,-0.0754436492594723,17.4178,79.3211,332.999,-1.0554732240069364,0.73368,0.1426190879918024,33.6572,88.91718,46.5861
1687242673329,-1.2997853960785186,1.1669,0.0036876352582132,358.669,75.25710000000004,1.36632,-1.016783731622775,0.755898,-0.0758867312688202,17.4813,79.50009999999997,332.973,-1.05554164874221,0.733703,0.1424059251066589,33.7393,89.02068,46.5946
1687242673384,-1.2996248895776732,1.16689,0.0035805931020955,358.603,75.34910000000002,1.35792,-1.0166577503671308,0.755823,-0.0761190284345935,17.5253,79.68409999999994,333.015,-1.0556636982438827,0.733884,0.1421306111601515,33.6554,89.26756999999999,46.6545
1687242673441,-1.2994133049907457,1.16687,0.0036255914640056,358.644,75.38109999999995,1.35201,-1.0166739883459834,0.755724,-0.0759424129821473,17.6795,79.63109999999995,333.061,-1.0556457824288954,0.733969,0.1420912097188919,33.7062,89.30619,46.6442
1687242673496,-1.2992695940341104,1.16668,0.0038324333624281,358.712,75.34709999999995,1.36177,-1.0165968166840422,0.755452,-0.0759323444870637,17.8438,79.75210000000004,332.947,-1.0557587724378668,0.734081,0.1420106462167794,33.6605,89.45406,46.7298
1687242673552,-1.298969230185404,1.16655,0.0039891223805187,358.789,75.26710000000003,1.42582,-1.0165092329147938,0.755273,-0.0758963515243595,18.0239,79.77009999999996,332.972,-1.0558186161432697,0.734109,0.1418938738702087,33.7048,89.44837,46.6941
1687242673607,-1.2987163540644149,1.16648,0.0041840203728982,358.871,75.2441,1.40309,-1.0164128543623832,0.755288,-0.0760178963088434,18.1499,79.69309999999996,332.766,-1.0558307365936068,0.734292,0.1415616926776591,33.6268,89.74047,46.774
1687242673663,-1.298558160041242,1.16648,0.0043501131512854,358.881,75.18409999999994,1.37394,-1.0162037208169763,0.755372,-0.0762472854327913,18.1336,79.87210000000005,332.892,-1.0558666931885663,0.734469,0.1412653534745845,33.651,89.89383,46.7698
1687242673719,-1.2985107232514228,1.16622,0.0043574453386562,358.94,75.16210000000001,1.35367,-1.015975004635319,0.755205,-0.0763258242655313,18.3231,79.8501,332.807,-1.0558889652194037,0.734441,0.1409256095171071,33.6612,90.06663999999999,46.7172
1687242673775,-1.298532416068494,1.1663,0.0043989878673168,358.901,75.07010000000002,1.35013,-1.0160535614730306,0.755156,-0.0762753776278951,18.3585,79.9171,332.874,-1.055946145031479,0.734355,0.1404178356313165,33.7303,90.15914,46.4355
1687242673830,-1.2986821402978803,1.16639,0.0043855466942052,358.94,74.9941,1.35272,-1.0160902998019838,0.755107,-0.0760867915595186,18.414,79.86310000000003,332.969,-1.056036512039916,0.73426,0.1399784484401214,33.754,90.42438,46.573
1687242673886,-1.299045510969031,1.16621,0.0043467244667111,358.887,74.92409999999995,1.36859,-1.016048753220629,0.754934,-0.0759901950710849,18.4991,79.88710000000003,332.941,-1.056078556748045,0.734206,0.1394496643513684,33.7983,90.40402,46.108
1687242673942,-1.2993877901643465,1.16618,0.0043347916357722,358.947,74.86609999999996,1.32819,-1.0160729426074109,0.75471,-0.0758603747584711,18.5296,79.83709999999996,333.029,-1.0561915334461502,0.733919,0.1391216192543387,33.8984,90.51391,46.1628
1687242673998,-1.2999883742460046,1.16624,0.0047116574618417,359.0,74.74210000000005,1.35501,-1.016022763244956,0.754377,-0.0757077665293889,18.6899,79.72810000000004,332.851,-1.0562503430938677,0.733585,0.1387321189650765,34.0165,90.70192,46.1591
1687242674053,-1.300525466805387,1.1663,0.005342211022339,358.935,74.45510000000002,1.32675,-1.0159088746842777,0.754128,-0.075739517997805,18.8788,79.68010000000004,332.542,-1.0562798047138822,0.733555,0.1384104802501398,34.0287,90.88743,46.1647
1687242674109,-1.3012322208993852,1.16586,0.0059056902682896,359.196,74.32410000000004,1.46361,-1.0157184765705702,0.75431,-0.0754637169856664,18.738,79.64909999999998,332.816,-1.056336907859036,0.733635,0.1383524402569147,34.0731,90.91768,46.1176
1687242674164,-1.3019053922476878,1.16588,0.0065261555580717,359.179,74.23109999999997,1.67302,-1.015438334340343,0.754062,-0.075542294914141,19.1519,79.68510000000003,332.251,-1.0563103546246877,0.733517,0.1385337367426657,34.0423,90.99352,46.3553
1687242674220,-1.3021382900390932,1.1667,0.0068174115601703,358.882,74.30909999999994,1.81644,-1.015187815216431,0.753972,-0.0753937202912933,19.4712,79.68309999999997,332.486,-1.0563275748401912,0.733334,0.1386972420764564,34.1755,90.96034,46.545
1687242674276,-1.3029290704533685,1.16756,0.0065024924810424,358.602,74.54610000000002,1.88375,-1.0146341420145248,0.754106,-0.0749111875198768,20.1944,79.40009999999995,331.859,-1.0563219551462717,0.733328,0.1386122878591376,34.106,91.2668,47.0112
1687242674332,-1.304248116291319,1.16741,0.005353637521796,358.599,74.84709999999995,2.07115,-1.0135437146276716,0.754693,-0.0749569275898423,20.9443,79.71310000000005,330.719,-1.056254853908034,0.733163,0.1383184332116893,34.1303,91.2731,46.8327
1687242674387,-1.3051168829969613,1.16802,0.0044318285116602,358.269,75.05909999999994,2.03254,-1.0125440296563792,0.753934,-0.0740502330667685,24.1173,77.02509999999995,327.24,-1.0564245822335223,0.732477,0.1381716880396161,34.4333,91.5297,47.2946
1687242674443,-1.3060284306444585,1.16838,0.0032016791197804,358.285,75.38710000000003,1.99223,-1.0124407822141352,0.753636,-0.0746393515656039,25.3438,75.67809999999997,323.782,-1.056412735681092,0.732432,0.1382285070434397,34.3687,91.4813,47.306
1687242674499,-1.3065131755973458,1.16836,0.0023290138112856,358.281,75.54110000000003,1.86002,-1.011806556575648,0.752469,-0.0754711945072013,26.4519,73.60810000000004,319.831,-1.0563796672545984,0.732566,0.138205448440506,34.3419,91.5266,47.3272
1687242674555,-1.3064649148824337,1.16822,0.001762657118559,358.411,75.63710000000003,1.80964,-1.010617794872387,0.750875,-0.0765036066210682,28.48,71.87109999999996,315.53,-1.056415157470617,0.732577,0.1382381483574319,34.3188,91.5136,47.4149
1687242674611,-1.3063851753656464,1.1682,0.0017188739087346,358.448,75.28509999999994,1.46761,-1.0096057609310618,0.750424,-0.078019203645876,28.7997,70.48509999999999,312.472,-1.0563104052650163,0.732472,0.1382491984896388,34.3431,91.5918,47.5137
1687242674666,-1.3061520426420317,1.16907,0.0019105768643196,357.996,75.08709999999996,1.28278,-1.0088471929029794,0.751579,-0.0787273050417025,28.9304,67.23209999999995,308.001,-1.056197825728947,0.732581,0.1383924542680857,34.3302,91.6058,47.6083
1687242674722,-1.3063902010522703,1.16837,0.001738026779902,358.642,75.1291,1.19476,-1.0076965330229275,0.752913,-0.0805410354076717,27.9073,65.44209999999998,303.116,-1.056003438742213,0.732503,0.1385846650362243,34.2405,91.7717,47.8023
1687242674778,-1.3057862356435126,1.16884,0.0016754738021653,358.338,75.30510000000004,1.24963,-1.0065726780969997,0.753332,-0.082006719434148,26.4319,64.1721,299.059,-1.0559315370410436,0.732297,0.1387478638271786,34.3262,91.8521,48.0232
1687242674833,-1.305416399533021,1.16814,0.0016859552799492,358.569,75.37609999999995,1.29342,-1.0076780990761771,0.75471,-0.0845950571823551,22.2561,67.39110000000005,301.627,-1.0559395613886924,0.732314,0.1387545015861988,34.2038,91.9951,48.1356
1687242674888,-1.3047810884486053,1.16752,0.0018173937675339,358.97,75.33810000000005,1.24148,-1.0093076187613357,0.75617,-0.0852876768512082,20.3348,70.53610000000003,306.906,-1.0561665217888596,0.732688,0.1385059690395254,34.0985,92.0386,48.1048
1687242674944,-1.3043744422222243,1.16749,0.0020580488870934,358.836,75.25009999999997,1.25774,-1.0109812548488093,0.758438,-0.085556011058318,18.9229,72.06110000000001,310.726,-1.0562417817000187,0.732696,0.138396498103783,34.0907,92.0527,48.0238
1687242675000,-1.3042118132245155,1.16734,0.0021441640373533,358.995,75.03210000000001,1.18632,-1.0115354249146102,0.760117,-0.0830323782050348,17.7955,71.98109999999997,313.999,-1.0562310053915247,0.732562,0.1384717739377222,34.114,92.0076,47.9854
1687242675056,-1.3041085268540695,1.16749,0.0021955738193023,358.943,74.85310000000004,1.10576,-1.012396025924921,0.760283,-0.0831743209436729,18.0112,73.1531,313.876,-1.0561135761694418,0.732592,0.1386099188898594,34.1169,91.925,47.9391
1687242675112,-1.3038759351104665,1.16779,0.0019847480130649,358.94,49.94209999999998,1.0358,-1.0060971500427476,0.762614,0.0501026803887733,15.8018,47.0711,317.06,-1.1369917189414953,0.733016,0.2308290268059768,33.9559,66.9464,47.9797
1687242675167,-1.3034913269448247,1.16798,0.0018732313375336,358.86,50.0761,1.07839,-1.006411418348211,0.764733,0.0503384661436045,16.031,51.73509999999999,322.14,-1.13693010316713,0.733013,0.2311487684928889,33.9853,66.8277,47.9624
1687242675223,-1.3031410253472069,1.16706,0.0011942895132907,359.29,50.74310000000003,1.12407,-1.0076805314973751,0.765105,0.0514590691306692,15.857,47.8791,317.978,-1.1369594631555804,0.73267,0.2315432744130957,34.0963,66.7521,48.0176
1687242675279,-1.3024186042019683,1.16676,0.0006267750298522,359.209,51.31209999999999,1.17855,-1.007433642269585,0.763931,0.050504465826044,16.8045,48.55809999999997,316.885,-1.137308315159185,0.73288,0.2316901494946482,34.0956,66.6447,48.0163
1687242675334,-1.3010505048412626,1.16614,-0.0006629726583551,359.501,52.58910000000003,1.27249,-1.0063971069935724,0.759948,0.0506697893621214,18.4263,48.91409999999996,317.161,-1.1374715387111358,0.733646,0.231786358236915,33.8614,66.6471,47.9723
1687242675390,-1.29957787822333,1.16643,-0.0017963160547523,359.457,53.69309999999996,1.30313,-1.0051979312217338,0.757067,0.0508347825687554,20.6205,48.80709999999999,316.473,-1.1376888454469196,0.734166,0.2322505758503065,33.799,66.5339,48.0155
1687242675445,-1.2980186753286664,1.16667,-0.0031176276354449,359.222,54.76909999999998,1.25951,-1.0047029061619703,0.756561,0.0502144357059391,20.5528,48.448099999999954,314.774,-1.1378905997728317,0.734382,0.2328712786149015,33.7707,66.4106,48.053
1687242675501,-1.296322530355405,1.16668,-0.0050388628422012,359.319,56.323801,1.372,-1.0045712443428612,0.757244,0.0510824889389778,20.8259,49.0471,317.578,-1.13805024090095,0.734474,0.2335920977046967,33.8957,66.1408,47.9612
1687242675558,-1.294529265136198,1.16656,-0.0072229115718734,359.361,57.78267,1.50637,-1.004428847123908,0.757278,0.050779380308229,20.5075,48.90809999999999,316.571,-1.1381956176630537,0.734383,0.2339130843197449,33.9112,65.93460999999999,47.9468
1687242675613,-1.292966890353056,1.1664,-0.0093126151027604,359.325,59.41039,1.634,-1.0042069166616734,0.757547,0.0508032365428909,20.5661,48.59209999999996,316.184,-1.1384807738141596,0.733851,0.2343429043047229,34.2891,65.52359,47.8912
1687242675668,-1.2912281275991102,1.16643,-0.0117830687403523,359.301,60.9742,1.7471,-1.004037500118148,0.75732,0.0504471999790665,20.5488,48.48709999999994,316.18,-1.1384560637614396,0.733916,0.2342329995582623,34.1988,65.63454,47.8578
1687242675724,-1.2898659974843567,1.16646,-0.0143743689546234,359.213,62.37633,1.70359,-1.004746301951391,0.756391,0.0510069999086764,20.3927,48.4461,318.72,-1.1386514804367809,0.734181,0.2340400861761485,34.2866,65.61872,47.9571
1687242675781,-1.2878641840893923,1.16661,-0.0162002887848496,359.156,38.63331,1.75003,-1.0587426254584045,0.756189,0.1648881277571998,20.7731,24.54910000000001,318.272,-1.2579470790562113,0.734508,0.2743132782841662,34.1671,40.73461,47.9168
1687242675836,-1.285897519758657,1.16712,-0.0177460588745506,358.925,39.80845,1.76414,-1.0603403521783692,0.757065,0.1659779515678733,21.5782,22.058100000000024,316.097,-1.2580088816230235,0.734711,0.2742177738720409,34.2256,40.66534,47.9667
1687242675891,-1.284287696168956,1.16753,-0.0190065517384897,358.708,40.75628,1.59903,-1.0598025081861182,0.757063,0.1650457455337802,20.7005,23.373100000000026,316.575,-1.2579934038052751,0.734716,0.2741084766298171,34.2537,40.66017,47.8607
1687242675946,-1.2828158817798347,1.16745,-0.0200576904752776,358.749,41.5277,1.51363,-1.0595889757466486,0.7566,0.1651810012445438,20.9594,23.621100000000013,317.12,-1.2580220121249317,0.734702,0.2740848576957506,34.3651,40.65131,47.9816
1687242676003,-1.2814981151299072,1.16752,-0.0208255739666607,358.621,42.1745,1.27993,-1.0592495769652,0.756322,0.1650311964810975,21.1026,23.54810000000004,316.53,-1.258113732162402,0.734995,0.2740913603664647,34.3141,40.62177,47.9459
1687242676058,-1.28037653882813,1.16766,-0.0217799279310218,358.573,42.790400000000005,1.26994,-1.0588681511574924,0.756661,0.1652550782427812,21.0776,24.04410000000001,317.677,-1.2584995643452812,0.73559,0.2741318372321376,34.2662,40.50616,48.0104
1687242676114,-1.2791548411445213,1.16743,-0.0225984766344385,358.616,43.4414,1.35146,-1.058529975748861,0.756694,0.1651555254778916,21.2355,23.58510000000001,316.553,-1.258728286930619,0.736141,0.2741871000492616,34.1914,40.44293,48.0776
1687242676170,-1.2783196201059268,1.16716,-0.0231547473119768,358.751,43.9961,1.23797,-1.058263812895433,0.756976,0.1651011550313706,21.2197,24.098100000000045,317.516,-1.2592271717195442,0.736553,0.274574159240315,34.1581,40.19646,47.9955
1687242676225,-1.2773521447548533,1.16746,-0.024113089633418,358.684,44.4926,1.26749,-1.058086232642341,0.756469,0.1652639323753464,21.3253,23.896100000000047,317.074,-1.2595859696461764,0.736632,0.2748585148237742,34.1848,40.05538,48.0892
1687242676281,-1.2762908618030526,1.16736,-0.025147859528717,358.748,45.4015,1.35688,-1.0577932991241183,0.756311,0.1652094152780136,21.542,23.795100000000048,316.65,-1.2597435085786508,0.736789,0.2751073238564776,34.2224,39.87762,47.9965
1687242676337,-1.2747404252802474,1.16714,-0.0265804023164732,358.76,46.7999,1.55602,-1.0576836250998676,0.756503,0.1652925143057136,21.3369,23.897100000000023,317.177,-1.2597250309869674,0.737078,0.2749973852435812,34.1763,39.87575,47.9553
1687242676392,-1.2726517276444107,1.16723,-0.028045622530656,358.59,48.5382,1.72371,-1.0574878954581588,0.756268,0.1652840085807864,21.5203,23.85510000000005,316.964,-1.2596105788765404,0.737345,0.2748287471268378,34.1949,39.92589,47.9622
1687242676448,-1.270586638069811,1.1672,-0.0297488468402756,358.547,50.2058,1.95199,-1.057440416758046,0.756141,0.1652949622575939,21.5921,23.74710000000005,316.82,-1.2595976542478144,0.737546,0.2748033187180732,34.1483,39.912220000000005,47.9403
1687242676504,-1.268899784422048,1.16695,-0.0312613269661051,358.582,51.4543,1.98284,-1.0573310959941158,0.756119,0.1652303156755211,21.6134,23.99010000000004,317.121,-1.2598842616080037,0.737436,0.2748493493718322,34.2841,39.76487,47.9375
1687242676559,-1.2677179542728396,1.16686,-0.0323034025576155,358.609,52.1759,1.98149,-1.0574821076740817,0.756326,0.1654233383749995,21.5168,23.85810000000004,317.247,-1.2599440891805167,0.737427,0.2750189093658378,34.3086,39.70079,47.9278
1687242676615,-1.2669958127623946,1.16679,-0.0330752475154227,358.827,52.4806,1.91231,-1.0577762526691914,0.757106,0.1647342384389585,20.6035,24.67310000000004,318.712,-1.2599197106400892,0.737543,0.2750905062007303,34.3057,39.59078,47.8704
1687242676671,-1.2664305699052876,1.1667,-0.0336485341125879,358.805,52.6977,1.91236,-1.0574590016607734,0.756844,0.164603863450338,20.8506,24.65310000000005,318.905,-1.2599853927913651,0.737672,0.2751969164211218,34.2721,39.47061,47.8799
1687242676726,-1.2661652297139192,1.16689,-0.0340117552887942,358.599,52.8387,1.93643,-1.0562471958378905,0.75716,0.1625430325844914,19.2679,24.68610000000001,317.207,-1.25996798888204,0.737929,0.2753764191618814,34.1555,39.413250000000005,47.7808
1687242676782,-1.266501214854892,1.16675,-0.0336806666676586,358.725,52.5158,1.87717,-1.056894911172893,0.757371,0.1636144885307637,20.3713,22.336100000000044,315.099,-1.2600985028492748,0.737964,0.2755257830275137,34.1688,39.3781,47.8864
1687242676838,-1.2673025594714833,1.16663,-0.0325125813948784,358.861,76.6921,1.83634,-0.9940886951583006,0.757522,0.0565530437604404,20.2139,47.30909999999994,314.881,-1.1304990371179486,0.738141,0.243608449106161,34.0952,64.3382,47.8309
1687242676894,-1.2681607861981938,1.16671,-0.0302479342312876,358.764,75.5784,1.6125,-0.9951903504783765,0.757677,0.0573958160877913,19.9605,48.07910000000004,316.933,-1.1304475939305572,0.738199,0.2433743358675968,34.0593,64.38651999999999,47.8635
1687242676949,-1.2691121264956986,1.16669,-0.0275471688808094,358.779,74.21379999999999,1.60474,-0.9961634169152926,0.75741,0.0575442504145058,19.7618,48.39710000000002,318.024,-1.130431909089654,0.738088,0.2431864334573786,34.0177,64.43408,47.8009
1687242677004,-1.2704376289902513,1.16703,-0.0239885485657245,358.784,72.1118,1.55971,-0.99635833024981,0.757021,0.0581675028529506,20.0278,48.03909999999996,317.664,-1.130375041948091,0.738121,0.2430586219625496,33.9729,64.54225,47.8639
1687242677061,-1.2719401786678406,1.16708,-0.0199478084470859,358.792,69.50739999999999,1.25827,-0.9968152104588096,0.757318,0.0583363533034221,19.8203,48.04110000000003,318.017,-1.130337272602537,0.738081,0.2432295576420798,33.9495,64.55452,47.9019
1687242677116,-1.2733740501718471,1.16687,-0.016674325989519,358.911,67.5249,1.15241,-0.996805860205284,0.757216,0.0586004831630726,19.7525,48.00310000000002,318.288,-1.1304577574577472,0.737944,0.2433702759765816,33.9532,64.48778,47.8701
1687242677172,-1.27463376792893,1.16661,-0.0142192636150589,359.047,66.2815,1.16897,-0.9967493326587896,0.757056,0.0583493041900528,19.8072,48.04809999999998,318.038,-1.1305708656533429,0.737872,0.2432461786112223,33.9246,64.54296,47.9477
1687242677227,-1.2757517646948586,1.16646,-0.012484172573824,359.208,65.51706999999999,1.33806,-0.9966474342823104,0.756624,0.0582611572623077,20.0013,48.1241,318.117,-1.13054746348971,0.737747,0.2428723684471853,33.9062,64.63524,47.9118
1687242677283,-1.2768518012423526,1.16677,-0.0114821108570734,359.128,65.02661,1.42725,-0.996509280997132,0.7564,0.058326300717807,20.0969,48.18010000000004,318.072,-1.13057672498981,0.737787,0.2423130332483896,33.8343,64.76456999999999,47.9131
1687242677339,-1.2776010845958083,1.16663,-0.0109696410079756,359.088,64.82645,1.42622,-0.9964364230402982,0.75627,0.0584005727052991,20.0703,48.21209999999997,318.125,-1.1306534353227,0.737727,0.242149661265394,33.8632,64.80646999999999,47.9321
1687242677395,-1.2781898471087734,1.16697,-0.0106458037906471,358.932,64.69731,1.49753,-0.9965312713104226,0.756256,0.0584283943812802,20.0121,48.26210000000003,318.354,-1.130741775800628,0.737607,0.2424083753159585,33.8926,64.76626,47.9665
1687242677451,-1.2782008533465967,1.16693,-0.0107280246683424,358.958,64.71232,1.63677,-0.9965636641905632,0.756187,0.0583837296153432,20.059,48.10209999999995,318.181,-1.130971683925404,0.737824,0.2427058013978039,33.8478,64.66847,47.9574
1687242677506,-1.2779255857894185,1.16673,-0.0109403824135863,359.081,64.80965,1.58134,-0.9965298859954737,0.75616,0.0582594367211919,20.0906,48.070100000000025,318.091,-1.1309774967167527,0.737993,0.2428499748400766,33.7776,64.66636,48.0159
1687242677562,-1.2776827223648843,1.16666,-0.0112533191436511,359.142,64.89441,1.51017,-0.9964428473009198,0.756065,0.0580444284523966,20.0771,48.107099999999946,318.132,-1.1309652392834626,0.737876,0.2426442257809556,33.8008,64.65661,47.9286
1687242677618,-1.2773491746109455,1.16665,-0.0114753033454365,359.163,64.95107,1.48351,-0.9963484125049368,0.755943,0.0580380167983476,20.1315,47.85509999999999,317.86,-1.1308424901221903,0.737402,0.2425503330048387,33.9165,64.65019,47.8832
1687242677677,-1.2772209507017518,1.16669,-0.0118076982748669,359.249,65.06287,1.43611,-0.996398980860141,0.75608,0.0578558278814182,19.8031,47.65210000000002,317.363,-1.1307653264395303,0.737123,0.2425491814500837,34.0065,64.63023,47.8621
1687242677729,-1.2770259108207915,1.1664,-0.0120154213714043,359.464,65.15561,1.45629,-0.9962554766211212,0.756254,0.0578920359383028,19.7698,46.41610000000003,315.467,-1.1307920230477897,0.737247,0.2426416055330245,33.986,64.60542,47.8669
1687242677785,-1.2768936787084266,1.1665,-0.0121008328975115,359.374,90.16213,1.52469,-0.9930926096130204,0.756002,-0.0676658838924003,19.8807,71.37710000000004,314.478,-1.0366830490230845,0.7374,0.1572442198754329,33.9534,89.5735,47.8755
1687242677840,-1.2768139233526252,1.1669,-0.0119703122354652,359.135,90.04957999999999,1.53459,-0.9934851209028832,0.756756,-0.0672061062860185,19.589,72.2731,317.4,-1.036739216872635,0.737379,0.1575161022446238,33.9263,89.53724,47.9158
1687242677896,-1.2769138826849211,1.16688,-0.0113388744935722,359.246,89.62565,1.49889,-0.9932360643468404,0.756122,-0.0670456144111709,20.255,72.12609999999995,316.424,-1.0367441358593203,0.737263,0.1576715143856231,33.9929,89.43815,47.8923
1687242677952,-1.2770594079278337,1.16693,-0.0096350622845318,359.14,88.72283999999999,1.49058,-0.9934728817804062,0.756173,-0.0665756102163392,20.1762,72.23109999999997,317.219,-1.0367558088371729,0.737325,0.1575360743930506,33.9429,89.42338,47.7802
1687242678007,-1.277264910169899,1.16697,-0.0077875022074284,359.222,87.6261,1.4008,-0.99357622990378,0.756105,-0.0665148775612424,20.2575,72.19309999999996,317.14,-1.036843900418975,0.737354,0.1574613356934658,33.9833,89.40884,47.7532
1687242678063,-1.2775510924254438,1.16716,-0.0051279428535859,359.185,85.85414,1.22902,-0.9935518083686232,0.75594,-0.0664007205263274,20.3912,72.24210000000005,317.265,-1.0367499786991297,0.737155,0.1573729098457665,34.0989,89.29545,47.3714
1687242678119,-1.2778274633712343,1.16744,-0.0021369690338538,359.303,83.99676,1.00839,-0.9935421611893932,0.75585,-0.066250414931179,20.5031,72.24109999999996,317.486,-1.0367215953865574,0.736648,0.1574159224900403,34.2845,89.34348,47.4779
1687242678175,-1.2782832278267149,1.16709,0.0008361168379501,359.412,82.15899999999999,0.862222,-0.993374838214888,0.755374,-0.0658790339109279,20.9793,72.20609999999999,317.579,-1.036680648649814,0.736206,0.1573322528136331,34.4852,89.23331999999999,47.2789
1687242678230,-1.279186482012508,1.16749,0.0038033553800709,359.352,80.33109999999999,0.678721,-0.9933866895451896,0.755037,-0.0656096205742683,21.2059,72.20809999999994,317.659,-1.03651701220658,0.736119,0.1568906618666632,34.4161,89.40414,47.2853
1687242678285,-1.280206373368774,1.16777,0.006397438283799,359.145,78.9031,0.588302,-0.9934866053756428,0.754899,-0.0653782999378676,21.3804,72.19209999999998,317.739,-1.0364038601815857,0.735883,0.1567085840282544,34.4815,89.43182,47.2918
1687242678342,-1.2811945191820937,1.16819,0.0084530438616321,358.927,77.61609999999996,0.596908,-0.993587691527247,0.754764,-0.0649153681610863,21.5851,72.16610000000003,318.041,-1.0363213792772568,0.735856,0.1566796036828268,34.4357,89.43486,47.2466
1687242678397,-1.2820936819122364,1.16818,0.0101927161855834,358.885,76.85609999999997,0.714441,-0.9938374592433634,0.754543,-0.0642044645262764,21.8047,71.8261,318.028,-1.0362281575071592,0.736022,0.1567222496859207,34.3903,89.45263,47.278
1687242678453,-1.2827796384552357,1.16805,0.0114502831146637,358.889,76.32209999999998,0.679838,-0.9940767230801892,0.754407,-0.0638441616309406,21.9957,71.98109999999997,318.384,-1.036230510851227,0.736222,0.1567237028795413,34.3052,89.47666,47.2798
1687242678509,-1.2832321940325366,1.16807,0.0122906535921639,358.85,76.1481,0.739193,-0.9940723150851885,0.754303,-0.0636035787354969,22.114,71.99210000000005,318.599,-1.0362327220247085,0.73646,0.1567668811230423,34.231,89.51845,47.2662
1687242678564,-1.2833182861957235,1.16807,0.0125623004758894,358.847,76.12509999999997,0.821268,-0.9939273724681212,0.754144,-0.0637185256700263,22.1943,72.17809999999997,318.591,-1.0361563523602322,0.736534,0.1568873565327647,34.2192,89.57200999999999,47.326
1687242678620,-1.2833350482118675,1.16852,0.0124496473586898,358.705,76.22709999999995,0.871971,-0.9936720732372912,0.754198,-0.064594563832858,22.2505,72.65210000000002,318.811,-1.0359215552134646,0.736364,0.1571065485715568,34.2215,89.52602999999999,47.3784
1687242678676,-1.2831250773100369,1.1688,0.0124080519216279,358.433,76.23310000000004,0.772912,-0.9935028708916748,0.754313,-0.0650690901822191,22.1055,72.69910000000004,318.525,-1.0357832982258732,0.736173,0.1569871124991912,34.2365,89.57974,47.4208
1687242678732,-1.2830150288613844,1.16861,0.0122483635408697,358.496,76.32709999999997,0.628209,-0.99360799495271,0.754564,-0.0661493888176859,21.9231,73.07209999999998,318.573,-1.0354731322462063,0.735928,0.1568022006416554,34.2836,89.63069999999999,47.4368
1687242678787,-1.2829371221926944,1.16871,0.012054790709683,358.528,76.53610000000003,0.567204,-0.9938377599524764,0.754523,-0.0669000087513957,21.8726,73.24509999999998,318.685,-1.0353039217672797,0.735976,0.1563792979296502,34.2496,89.74793,47.4183
1687242678843,-1.2830046518852718,1.16858,0.0118914672557016,358.513,76.80809999999997,0.433748,-0.9940577687072738,0.754212,-0.0678039669571842,21.9352,73.46109999999999,318.227,-1.034809400630648,0.735876,0.1557497661151843,34.2325,89.8855,47.3057
1687242678899,-1.2831607495219413,1.16836,0.0120478872602605,358.638,77.09209999999996,0.334787,-0.9945199765663714,0.754583,-0.0685110469420434,21.9167,73.67409999999995,318.452,-1.034195614886116,0.735306,0.155080012996633,34.3713,90.13645,47.284
1687242678955,-1.2833906814831335,1.16857,0.0124752432397697,358.624,77.33709999999996,0.322091,-0.9948562827558028,0.754653,-0.0689473715768626,21.819,73.70910000000003,318.375,-1.0337334602417665,0.735107,0.1545271953280424,34.4592,90.35934,47.4113
1687242679010,-1.283566771281199,1.16881,0.013508539902407,358.423,77.53809999999999,0.230011,-0.9955610519446996,0.754241,-0.070723896296753,21.994,74.5231,318.24,-1.0324212433742146,0.735595,0.1532986307418229,34.2385,90.98377,47.3199
1687242679065,-1.2837109467352226,1.16892,0.014951820082572,358.377,77.78909999999996,0.129694,-0.9961213911723702,0.754075,-0.0713815725924589,22.0906,74.41610000000003,318.114,-1.0313937378324676,0.735763,0.1525330714157878,34.1953,91.5064,47.6208
1687242679121,-1.2838768749327405,1.16868,0.0165726735100195,358.35,78.08309999999994,359.987,-0.997124314537505,0.753303,-0.0738101159755729,22.3475,75.26409999999998,317.425,-1.0302719705837389,0.735416,0.1516362221030939,34.4001,91.8742,47.5152
1687242679177,-1.284088802235591,1.16896,0.0182868305939259,358.331,78.54309999999998,359.918,-0.9981224796447682,0.753369,-0.0756437504589535,22.298,75.57809999999995,317.28,-1.0285013477513327,0.735678,0.1498277327015871,34.2443,92.7333,47.515
1687242679233,-1.284162111045343,1.16887,0.0200982197372114,358.423,79.18809999999996,0.00929897,-0.99930812075556,0.753483,-0.0778822900646786,22.0075,76.43110000000001,317.138,-1.0271230825678026,0.735703,0.1482984679325335,34.3851,93.4613,47.7299
1687242679288,-1.284173713293867,1.16869,0.0223813896260785,358.368,79.8691,0.105252,-1.0008382201897463,0.753683,-0.0803165151922096,21.6678,77.29309999999998,317.057,-1.0252122595467597,0.735467,0.1467043679130076,34.4278,94.0678,47.4663
1687242679344,-1.2839680843221366,1.16885,0.0247316584906949,358.427,80.46910000000003,0.182981,-1.0019580408062043,0.753537,-0.0825558748745642,21.8139,78.13310000000001,317.183,-1.0234888914664042,0.735595,0.1451341353443695,34.5136,94.8951,47.7043
1687242679400,-1.2835728530216148,1.16877,0.0272542880869669,358.536,81.01109999999994,0.19586,-1.0029736457195786,0.75277,-0.0842181432493853,22.0298,78.6961,317.309,-1.0218290455129462,0.735925,0.1434848152963531,34.4809,95.6326,47.6843
1687242679455,-1.283106149007284,1.16884,0.029695457435082,358.452,81.43177,0.246864,-1.0043302887377432,0.752263,-0.0864247712949029,22.2184,79.88710000000003,317.064,-1.0199736333049616,0.736072,0.1418528808771861,34.4107,96.3467,47.6399
1687242679511,-1.282766671791008,1.1688,0.031966697857723,358.579,81.815491,0.243743,-1.005374604179255,0.752419,-0.0878708783513203,22.2043,80.3451,317.615,-1.0184751009436035,0.735829,0.1404255640160921,34.5335,97.0474,47.7597
1687242679566,-1.2824598419984865,1.16883,0.0340457945652672,358.474,82.15033,0.231382,-1.0066825090563842,0.752934,-0.0897651959045256,21.8813,81.08609999999999,317.401,-1.017088006361478,0.735713,0.1387863404742169,34.5745,97.6605,47.6224
1687242679623,-1.2823097048168728,1.16915,0.0357360555262721,358.342,82.50929,0.250513,-1.0078833565658314,0.753301,-0.0912672100419606,21.6761,81.72673499999999,317.872,-1.015957859245296,0.73596,0.1369426735667238,34.4387,98.4052,47.8011
1687242679678,-1.282447408003763,1.16938,0.0372090863679113,358.274,82.82184,0.309825,-1.008470410974068,0.75301,-0.0920890007463189,21.8577,81.827164,317.552,-1.0151798597165405,0.735503,0.1356351537721294,34.5816,98.7678,47.6057
1687242679734,-1.282788215770048,1.16945,0.0384021387185395,358.206,82.98738999999999,0.35701,-1.009392187752124,0.75249,-0.093536149896005,22.1004,82.68290999999999,317.776,-1.0146231589123484,0.735395,0.1346417613951646,34.6549,99.0717,47.7504
1687242679789,-1.2831049956323823,1.1694,0.0394289365031201,358.218,83.24005,0.340686,-1.010092380144924,0.752556,-0.094123630877029,22.0774,82.78562,317.648,-1.0139976542062452,0.735447,0.1335755426968466,34.6571,99.3679,47.5961
1687242679845,-1.28333597057696,1.16959,0.0399985966452024,358.138,83.45545,0.395003,-1.0105737226380649,0.752825,-0.0944986700273814,21.8892,83.05897999999999,318.105,-1.0136486625878007,0.735671,0.1332087487352612,34.5532,99.555,47.664
1687242679901,-1.2834030464396282,1.16963,0.0401682680592572,358.073,83.66188,0.387025,-1.0107743260260824,0.752595,-0.0950736579583119,22.0536,83.21840999999999,317.801,-1.0132645093817616,0.735711,0.1330225757933769,34.5892,99.6333,47.6649
1687242679957,-1.28336357150974,1.16978,0.0400649233254275,357.963,83.83234,0.333679,-1.0109127725293816,0.752357,-0.0954071112919648,22.1484,83.43751999999999,317.871,-1.0128956108907896,0.735771,0.1329957624877503,34.5646,99.6649,47.6243
1687242680012,-1.2834728066624477,1.16988,0.0397801795082638,357.915,83.84938,0.356325,-1.0108901760668136,0.752238,-0.0955655229073199,22.231,83.47494999999999,317.906,-1.0127925891417282,0.735698,0.1331011824536976,34.5883,99.7165,47.6875
1687242680068,-1.2836516790434924,1.17004,0.0392486699792811,357.939,83.92034,0.284847,-1.01081776591168,0.752365,-0.0954701632752237,22.147,83.47059,317.958,-1.0127245909042524,0.735587,0.1331400783365153,34.6288,99.6976,47.6773
1687242680123,-1.2839731788813356,1.17002,0.0385809174359188,358.011,83.87281999999999,0.318642,-1.0108137602004268,0.752367,-0.0953116318768278,22.1571,83.53278999999999,318.104,-1.0128110649481057,0.735551,0.13321327355316,34.6196,99.5932,47.6103
1687242680180,-1.2843374309867464,1.17,0.0379146947676586,357.922,83.85131,0.1757,-1.0108613353219416,0.752123,-0.0952502571441371,22.2768,83.50874,318.102,-1.0128585754770143,0.735489,0.1332051200482217,34.6546,99.5339,47.5877
1687242680235,-1.2846903535136027,1.17024,0.0371051177654918,357.829,84.00647,0.0394797,-1.0108450881826436,0.752196,-0.0954056148940713,22.3031,83.60401999999999,318.192,-1.013007746877031,0.735429,0.1332333670554456,34.6472,99.4715,47.5242
1687242680291,-1.2850836867633622,1.17066,0.0363854789953205,357.628,84.15529,359.993,-1.0108113208474985,0.75251,-0.0954802875602698,22.2909,83.63929999999999,318.317,-1.0131257000761733,0.735251,0.133310435614613,34.7275,99.3877,47.5091
1687242680346,-1.2854573860244491,1.17127,0.0358893545085603,357.355,84.27587,359.852,-1.010741373362246,0.752652,-0.0955978765023812,22.2364,83.61989,318.208,-1.013167889934177,0.735151,0.1331882308034081,34.7425,99.3716,47.4874
1687242680402,-1.2857591488546125,1.17163,0.0356317826606577,357.279,84.32096,359.818,-1.0106050554208903,0.752532,-0.0956190278348342,22.3092,83.89233999999999,318.59,-1.0131888752118736,0.735072,0.1329132670455781,34.7338,99.371,47.4155
1687242680458,-1.2856830918102582,1.17175,0.0358311204433386,357.208,84.26474,359.845,-1.0104609388573784,0.7524,-0.0955549442478441,22.3796,83.8837,318.66,-1.0132538494912962,0.734799,0.1327523684346035,34.8258,99.4324,47.4399
1687242680514,-1.2855356262792126,1.17143,0.0363951093853875,357.282,84.12254,359.915,-1.010476544374611,0.752494,-0.0952861191972407,22.3394,83.89086999999999,318.77,-1.0133848972580766,0.734776,0.1325848611726063,34.7916,99.4625,47.3792
1687242680569,-1.2854064093306714,1.17117,0.0370109584550545,357.469,83.97991,0.0439148,-1.0107306823330475,0.752637,-0.0950556846987778,22.2447,83.93575,318.973,-1.0134059616243394,0.735031,0.1324964340700079,34.7127,99.4795,47.3561
1687242680625,-1.2854685582984753,1.17131,0.037581971211743,357.458,83.84007,0.159636,-1.0106643363047978,0.752549,-0.0950159342958179,22.2803,83.87347,318.864,-1.0133594953267344,0.73523,0.1327373318972851,34.6401,99.4438,47.3608
1687242680681,-1.2855233946346336,1.17138,0.0379642101823317,357.341,83.76955,0.214995,-1.010546765869458,0.752334,-0.095051157622379,22.4355,84.074,318.975,-1.013212996167159,0.735273,0.1330839910905047,34.6839,99.3459,47.366
1687242680736,-1.2855082596938714,1.17143,0.0380872465902284,357.341,83.77969999999999,0.304976,-1.010545289033393,0.752275,-0.0950954631407174,22.4833,83.98416,318.859,-1.0132197447625784,0.735352,0.1331593549177687,34.6646,99.3209,47.3442
1687242680792,-1.2852844760968851,1.1714,0.0381319094620564,357.403,83.82124999999999,0.329013,-1.0104965100582728,0.752369,-0.0951141366938401,22.4673,84.12957,319.008,-1.0132773553206005,0.735489,0.1330896962958732,34.6467,99.2707,47.2494
1687242680847,-1.2850553278323311,1.17094,0.0380712834795744,357.607,83.88262999999999,0.329338,-1.0103994389738211,0.75234,-0.0950695716339458,22.5487,84.0689,318.957,-1.013345239482314,0.735389,0.1330371535457694,34.6964,99.2159,47.2529
1687242680903,-1.28478833736295,1.17078,0.0380146237464326,357.754,83.83722999999999,0.369196,-1.0103360027580572,0.752215,-0.0951669246335378,22.7362,84.11085,318.835,-1.013277900002699,0.735095,0.133050539900209,34.7945,99.1111,47.1639
1687242680960,-1.284597141739937,1.17075,0.0380605467977334,357.735,83.66843,0.380477,-1.0099757851045224,0.751919,-0.0953088698767898,23.0735,84.09149,318.568,-1.0132906359603526,0.735067,0.1331763854221104,34.7911,99.0844,47.2243
1687242681015,-1.284612116773912,1.17094,0.0380721382280791,357.741,83.45036,0.390251,-1.0096079328572407,0.751769,-0.0951894825484432,23.2231,84.00084,318.414,-1.0132613320060977,0.735211,0.1335054897342441,34.7625,98.9443,47.1899
1687242681071,-1.2847137932833133,1.17104,0.0380879683208134,357.642,83.19618,0.453096,-1.0093582479201944,0.751757,-0.0949135010414318,23.2992,84.02785,318.61,-1.0134192537117548,0.735142,0.1341580083507466,34.7319,98.7588,47.2066
1687242681126,-1.285066773935377,1.17097,0.037957003719227,357.723,82.98373,0.482979,-1.0090212298786192,0.751624,-0.0942007333866854,23.3129,83.83176999999999,318.791,-1.0136870953083028,0.735137,0.1348886519158031,34.8486,98.4981,47.231
1687242681182,-1.285549937033011,1.17097,0.037642674642168,357.677,82.85003999999999,0.497006,-1.0088861077692464,0.751435,-0.0938202274398743,23.3762,83.83514,318.961,-1.01396930661123,0.735391,0.1352975924010819,34.6696,98.3469,47.2048
1687242681238,-1.2861444467356664,1.17088,0.036979562811593,357.745,82.88121,0.523703,-1.0088155789278048,0.751386,-0.0932109633899542,23.4286,83.58377999999999,318.89,-1.014297371539736,0.735583,0.1356658436369041,34.676,98.1246,47.1522
