1687242625564,0.2543200587685275,1.04111,0.2434706127151941,358.622,334.8752,0.565914,0.3232637388148205,0.596126,0.630078238913481,24.4723,336.978,325.084,0.2197363117876305,0.644339,0.4816577198531778,17.4078,45.27499999999998,37.147
1687242625621,0.2433163506586584,1.04373,0.2382145753453876,357.188,328.61560000000003,359.896,0.3248705616098608,0.597125,0.629568159012545,23.8326,336.2332,323.703,0.2199872967689832,0.64423,0.4815041407558519,17.3403,45.370000000000005,37.2354
1687242625676,0.2293073996870606,1.04741,0.2297007194812464,354.871,319.2008,358.995,0.3254532840131827,0.598653,0.6284163132760565,22.8322,335.4049,322.986,0.2203214782399239,0.643407,0.4819242404398317,17.6411,45.55400000000003,37.6482
1687242625732,0.2165466082646832,1.04976,0.2179047978438933,353.437,309.47642,358.648,0.3252661582861567,0.599489,0.6283165487418523,22.3065,334.9502,323.086,0.2201820734684164,0.643222,0.4821222588977617,17.6965,45.557000000000016,37.9734
1687242625787,0.2054563523010099,1.05069,0.2071482319113937,353.151,302.034,359.264,0.3249766863306646,0.598949,0.6289375374591278,22.6241,335.0902,322.972,0.2194457015967399,0.643066,0.4824082334885973,17.6854,45.54899999999998,38.1777
1687242625843,0.1999279824893642,1.05013,0.1993736075329634,353.452,297.88699999999994,359.992,0.324636527185526,0.598848,0.6293048476223123,22.8705,335.1259,323.051,0.2187350853531672,0.643279,0.4828189664363511,17.6501,45.358,38.3533
1687242625899,0.1955003474384991,1.04954,0.1950318584779913,353.977,296.74299999999994,1.08924,0.3248571905968799,0.5987,0.6291041770990916,23.4562,335.341,323.257,0.2187133059737523,0.643588,0.4831765131586579,17.5278,45.149,38.4885
1687242625955,0.1924321120884021,1.04872,0.1926236857606774,354.16,296.918,2.00108,0.3254821926589292,0.598195,0.6285943169001801,24.4675,336.25710000000004,324.084,0.2191925528585818,0.644028,0.4830241602020697,17.3555,45.08500000000004,38.4821
1687242626015,0.1905511813100678,1.04777,0.1913545327332159,354.409,297.69900000000007,2.65381,0.3261092310924615,0.597973,0.6278448218682596,24.9028,336.7627,324.496,0.2198024706503767,0.64481,0.4823138044551005,17.1172,44.98900000000003,38.296
1687242626065,0.1900044110635954,1.04669,0.1910069520985816,354.997,298.761,3.34685,0.3268384590264755,0.597878,0.6274493074939904,25.2466,337.7273,325.238,0.2199409533126621,0.645249,0.4814906394945693,16.8703,44.94100000000003,38.112
1687242626122,0.1895123278721617,1.0462,0.1911185591445438,355.029,299.98400000000004,3.67646,0.3270960365403188,0.598092,0.6272624336746301,25.0246,337.5888,324.878,0.2196894979135688,0.645559,0.4813990415564551,16.7732,44.87099999999998,38.0888
1687242626177,0.1915803074450194,1.04609,0.1928810373674568,355.102,301.42499999999995,3.98567,0.3272554541181683,0.598284,0.6270871195683163,24.9616,337.7515,324.976,0.2193219350072037,0.645589,0.4816499170432299,16.9102,44.78800000000001,38.3681
1687242626233,0.1942568487770671,1.04637,0.1956837994868385,355.131,303.36400000000003,4.19624,0.3272438667334899,0.598394,0.6269745374537674,24.9498,337.79560000000004,325.043,0.2192153634853623,0.645674,0.4817585656084869,16.9414,44.709,38.3634
1687242626289,0.1985460353987521,1.04664,0.1998546888553495,354.986,305.98351,4.48467,0.3273539066337603,0.598648,0.627372601795738,24.8593,337.93960000000004,324.922,0.219169453829778,0.645952,0.4818266045938124,16.9629,44.697,38.3773
1687242626344,0.204478294676157,1.04713,0.2056404891341047,354.99,309.5375,4.64097,0.3276104211736775,0.598892,0.6277881355378229,24.6951,337.95500000000004,324.648,0.2191662495238003,0.646031,0.4820357331007722,16.9397,44.71199999999999,38.4122
1687242626401,0.2117732230844584,1.04771,0.2128955745586712,354.883,314.1268,4.83888,0.327933561774668,0.599441,0.6283804911337207,24.3548,337.94960000000003,324.279,0.2190568086185425,0.646193,0.4822389637290158,16.8941,44.735000000000014,38.379
1687242626456,0.2194894488103302,1.04852,0.2200070160825392,354.502,319.0693,4.40898,0.3282206282030107,0.599439,0.6291077083404194,24.3552,337.898,323.867,0.2195840352844641,0.646209,0.4822301863295616,16.8762,44.78700000000004,38.2933
1687242626512,0.2267991258534563,1.04835,0.2255530387587635,354.976,323.0899,4.03467,0.3284488013656336,0.599285,0.6296408931187643,24.3571,337.8627,323.65,0.2198248815868795,0.646074,0.4824299713605645,16.7879,44.87299999999999,38.4719
1687242626567,0.2324154751809229,1.04862,0.2301784555218096,354.78,326.4202,3.60722,0.328476349567412,0.598952,0.6302662658848637,24.4475,337.8202,323.524,0.2202064467068792,0.646375,0.4821047390448274,16.6298,45.01400000000001,38.2297
1687242626622,0.2369119440636594,1.0486,0.2329566471254579,354.942,328.4515,3.4351,0.3280877808953734,0.598717,0.6306996783755814,24.4357,337.7284,323.479,0.2197285110051469,0.646506,0.4822177056992424,16.523,44.974000000000046,38.2569
1687242626679,0.239640060227682,1.04823,0.2341628801856906,355.125,329.3198,3.12967,0.3282125303069195,0.598391,0.630524708137201,24.483,337.6453,323.384,0.2191552888057663,0.646555,0.4825388681349928,16.4061,44.89999999999998,38.5759
1687242626735,0.2401994779697794,1.04793,0.234308247960065,355.153,329.0655,2.84734,0.3280327263556983,0.598369,0.6304826184814019,24.4073,337.5093,323.456,0.2192151217150183,0.646423,0.4826444239163144,16.2598,44.87400000000002,38.4524
1687242626790,0.2392971953450191,1.04771,0.2335536440473694,355.197,327.5887,2.59692,0.3280010748763428,0.59817,0.6306097057894016,24.3814,337.4538,323.438,0.2188131840574631,0.646644,0.4827594635592165,16.0136,44.745000000000005,38.6333
1687242626845,0.2349171481383913,1.04763,0.2303076159409426,355.265,325.1379,2.27652,0.3280601252264812,0.597961,0.6307410566788105,24.3701,337.3951,323.408,0.2185573336367093,0.646855,0.4826900621024587,15.7489,44.642,38.6914
1687242626901,0.2299126873709711,1.04796,0.2264326453052666,355.12,321.7787,2.05727,0.3280247831601271,0.597893,0.6306792753034145,24.3794,337.3565,323.428,0.2183034386000074,0.647138,0.4824833683426638,15.4437,44.61200000000002,38.7056
1687242626957,0.2250716725539393,1.04806,0.2221690702160629,354.971,318.5228,2.17332,0.3279958163081377,0.597747,0.6307600399088171,24.3857,337.3462,323.427,0.2172502875058892,0.648023,0.4823123222291223,14.5955,44.33699999999999,38.9199
1687242627013,0.2208239858948473,1.04826,0.2183783489065794,354.857,316.1689,2.60995,0.3278273547518374,0.59756,0.6309919508918448,24.4073,337.35200000000003,323.537,0.2159056366737338,0.648915,0.4821390619059554,13.66,43.96500000000003,39.2637
1687242627069,0.2173381108956686,1.04841,0.2154182177456171,354.69,314.8947,3.22049,0.3276186344014469,0.597425,0.6312014737195578,24.4249,337.3419,323.668,0.2152586827636515,0.649933,0.4814710561887425,12.6075,43.691100000000006,39.5661
1687242627124,0.2143859574086756,1.04852,0.2127987584904968,354.568,314.1284,3.9402,0.32739583371297,0.597339,0.6313000833195683,24.43,337.3787,323.798,0.2145000656288286,0.650983,0.4807153445752595,11.4111,43.40050000000002,39.7981
1687242627180,0.2120652792407574,1.04853,0.2104412933601189,354.51,313.51223,4.40616,0.3272951669877526,0.597266,0.6313061008301839,24.4495,337.4309,323.916,0.2137938696946494,0.652144,0.4799606417843882,10.2163,43.16820000000001,39.9344
1687242627235,0.2100951511610148,1.04806,0.2082173933287753,354.552,312.80092,4.86488,0.3273570037064122,0.597091,0.6312996031209404,24.4971,337.50780000000003,324.0,0.2125944018808181,0.653437,0.4792762230795134,8.96612,42.4923,40.2906
1687242627291,0.2079140112323194,1.04772,0.205876024154243,354.633,311.63212,5.15875,0.3274094228795917,0.596998,0.6311550028779143,24.4903,337.5475,324.065,0.210787403432516,0.654678,0.479100798999541,7.63902,41.58850000000001,41.0158
1687242627346,0.2052120719759171,1.04774,0.202990382933524,354.666,309.93693,5.06245,0.3274765478655526,0.596931,0.6311582022934483,24.4617,337.5511,324.064,0.2078987211952774,0.656022,0.4799286860282243,6.27286,39.25110000000001,42.0659
1687242627402,0.2020520039579161,1.04746,0.1992658030751228,354.667,307.50503000000003,4.93814,0.3275923293956355,0.596818,0.6310794899228089,24.4295,337.5197,324.014,0.2037625697738765,0.657365,0.4803509838132564,3.83783,37.11009999999999,44.375
1687242627458,0.1986187048599011,1.0473,0.1950863377620032,354.701,304.54302,4.74039,0.3275999258602942,0.596693,0.6311357775211295,24.4115,337.4737,324.047,0.2005599324916707,0.657957,0.4813264690456541,2.81068,36.03539999999998,46.3566
1687242627514,0.1947650114708438,1.04723,0.1907984029137184,354.735,301.672,4.663,0.3277796329608039,0.596564,0.6311273895519849,24.4251,337.4355,323.971,0.1984786875792694,0.659042,0.4817570275371547,1.34303,35.88100000000003,48.1673
1687242627570,0.19223384077615,1.04675,0.1871486104656027,354.94,299.42499999999995,4.76416,0.3279228646500047,0.596546,0.6310447416045895,24.389,337.37600000000003,323.894,0.1975624364948992,0.659517,0.4815280298288898,0.463594,36.79849999999999,50.2197
1687242627625,0.1900224997448704,1.0463,0.1845338315373987,355.137,298.136,5.08778,0.3281132618346234,0.596543,0.6308258240125845,24.4339,337.36830000000003,323.898,0.1973780674372982,0.660131,0.4811303854518401,0.149279,36.86880000000002,49.8526
1687242627681,0.1884350171707172,1.04574,0.1831259948718867,355.319,297.85300000000007,5.54321,0.3283546257881861,0.596358,0.630717194173587,24.4785,337.3823,323.943,0.1976716055742827,0.66016,0.4810385738940943,0.265868,37.03750000000002,49.8616
1687242627737,0.1877815370442444,1.04515,0.1828149519097333,355.552,298.374,6.021,0.3286104217011912,0.5965,0.6303245296209599,24.5262,337.4533,324.105,0.1981470935285491,0.66083,0.4802280751554479,359.787,37.37479999999999,49.711
1687242627792,0.1870607996560449,1.04467,0.1828654258361824,355.585,299.274,6.40078,0.3288104240503199,0.596611,0.6299078426157112,24.5397,337.5491,324.259,0.1981614473635399,0.661195,0.4797587703851536,359.427,37.45980000000003,49.8619
1687242627848,0.1874570363557203,1.04435,0.1836820178259975,355.695,300.182,6.69291,0.3289745369828511,0.596642,0.629577757860874,24.5352,337.60970000000003,324.367,0.1977973248075378,0.661405,0.4794898842304143,359.221,37.4142,50.0418
1687242627903,0.188804347719458,1.04424,0.1855310254217481,355.723,301.444,6.88807,0.3290398299151539,0.596563,0.6292043186650318,24.585,337.6671,324.466,0.1975784605313322,0.661621,0.4791827223372683,359.094,37.351,50.1366
1687242627960,0.1906460675272164,1.04425,0.1880466673179072,355.681,303.021,6.94675,0.3288319116856514,0.596724,0.6288200323006619,24.6035,337.6846,324.529,0.197576591025155,0.661709,0.4790756685893346,359.109,37.358,50.1267
1687242628015,0.1936997931498534,1.04444,0.1915656570623722,355.811,304.97217,7.0525,0.3288485037034052,0.596774,0.6287944842097966,24.6105,337.6695,324.548,0.1974871234462558,0.66161,0.4794255793669993,359.19,37.28960000000001,50.2483
1687242628071,0.1974594973885436,1.04504,0.1960151903005416,355.453,307.3768,6.98776,0.3288984339781055,0.596826,0.6289427709848925,24.6184,337.658,324.426,0.1974924959204018,0.661296,0.4800573737453547,359.743,37.15500000000003,50.4101
1687242628126,0.2018598771736629,1.04564,0.2010406609000691,355.397,310.16476,6.74844,0.3288184213972054,0.59686,0.6291611994328972,24.5777,337.6086,324.451,0.1978611388559225,0.661323,0.4799357415699622,359.668,37.20069999999998,50.3879
1687242628182,0.2061020435759969,1.04568,0.2054235363506046,355.466,312.35284,6.10663,0.3285984111321784,0.596957,0.6294131785655306,24.5592,337.5727,324.41,0.1979987453277966,0.661632,0.4798123338761245,359.418,37.27120000000002,50.4777
1687242628241,0.2092798536555017,1.04556,0.2088546452236367,355.557,313.50089,4.86025,0.3286576641291117,0.597056,0.6297946993151031,24.4827,337.5356,324.226,0.1980027264669292,0.661616,0.4801526354343507,359.397,37.34030000000001,50.5448
1687242628294,0.2115969144704295,1.04533,0.2113505152482825,355.926,313.8111,3.83426,0.3286468397417723,0.597043,0.6302243361764626,24.4142,337.4692,324.108,0.1980791721476588,0.661447,0.4802434597587236,359.285,37.482399999999984,50.5991
1687242628349,0.2130496314489782,1.04469,0.2132059770183646,356.25,313.69746000000004,3.03987,0.3285037227940274,0.596852,0.6306558909693547,24.381,337.41450000000003,323.97,0.198286878784994,0.661261,0.4802283616526533,359.447,37.58929999999998,50.5446
1687242628405,0.2139357668295582,1.04391,0.2143624929444478,356.62,313.23789,2.38751,0.3283438734429055,0.596889,0.630895273894698,24.2998,337.334,323.904,0.1981966156466803,0.661073,0.4801636347968532,359.408,37.70550000000003,50.6946
1687242628461,0.213946192362135,1.04357,0.2148813959298608,356.91,312.71818,1.8955,0.3283435910006287,0.596825,0.6313262772824182,24.26,337.2715,323.76,0.1982314270615864,0.660907,0.4800933983006976,359.403,37.83339999999998,50.78
1687242628516,0.2140516870742345,1.04302,0.2153679438367713,357.16,312.27243,1.58774,0.3283980131477008,0.596845,0.6315028452011013,24.2358,337.2515,323.662,0.1982757667084999,0.660725,0.4802189530525454,359.366,38.00240000000002,50.8694
1687242628572,0.2135559983381618,1.04292,0.2154795578006415,357.264,312.08658,1.36252,0.3282890988389622,0.596761,0.6315468755696212,24.2329,337.235,323.727,0.1982671772845097,0.660572,0.4803679068097841,359.398,38.0666,50.9249
1687242628627,0.2134062660767382,1.04251,0.2157879816160139,357.413,312.25875,1.28042,0.3282260803499921,0.596787,0.631515655863538,24.2228,337.23810000000003,323.735,0.1982754851017382,0.660568,0.4802167347879914,359.006,38.85040000000004,51.8306
1687242628684,0.2132930971319626,1.04216,0.2160719284243045,357.488,312.48924,1.32404,0.3283033688235426,0.596746,0.6314675259159352,24.2396,337.289,323.759,0.1983478479021802,0.660723,0.4800587834501934,358.872,38.907100000000014,51.7282
1687242628739,0.213206339824597,1.04182,0.2162443296122895,357.634,312.69799,1.45083,0.3282837324472092,0.596768,0.6313519083881789,24.2089,337.3184,323.816,0.1983867312245373,0.660954,0.4799424989402943,358.743,38.97860000000003,51.6204
1687242628795,0.213155174463787,1.04168,0.216175090130394,357.677,312.84869000000003,1.39754,0.3282901263878335,0.596704,0.6313596619372562,24.1981,337.3616,323.866,0.1983632837937909,0.661037,0.4798643310569189,358.583,39.17959999999999,51.7673
1687242628851,0.2131326666765727,1.04171,0.2160084455999865,357.75,312.85286,1.48,0.3282806880886295,0.596753,0.6312107427695572,24.1949,337.3764,323.873,0.1983924630734625,0.661057,0.4797497292696822,358.367,39.41180000000003,52.0701
1687242628906,0.2131915953673474,1.04155,0.2157872840992601,357.772,312.85245000000003,1.57769,0.3282836425144058,0.596684,0.6313050363078743,24.1762,337.3698,323.923,0.1986689546382327,0.661056,0.4795911089222771,358.404,39.511300000000006,51.875
1687242628961,0.2132419602782993,1.04149,0.2155838894686897,357.827,312.75065,1.70339,0.3284478860516731,0.596689,0.6314766785534489,24.1673,337.3652,323.853,0.1989102880571842,0.660983,0.4797556694913609,358.515,39.43700000000001,51.7393
1687242629018,0.2133163427514292,1.04153,0.215466704795242,357.899,312.69261,1.74209,0.3285159388728146,0.596744,0.6315297992983109,24.178,337.35220000000004,323.82,0.1988841926160757,0.660884,0.4798874610994145,358.547,39.36680000000001,51.6871
1687242629073,0.2133162202565504,1.04179,0.2155474140573808,357.75,312.70722,1.7427,0.3285245787496247,0.59682,0.6315516934191817,24.1676,337.32710000000003,323.816,0.1988471629366155,0.660892,0.479957979202332,358.529,39.365200000000016,51.6992
1687242629129,0.2133274430195717,1.04176,0.2156145113717099,357.827,312.75307000000004,1.74073,0.3285101980785171,0.596793,0.6315733543586465,24.1811,337.3318,323.767,0.1989020009936796,0.660891,0.4799176581470701,358.529,39.4117,51.6652
1687242629184,0.2132850213041909,1.04153,0.2156212491802674,357.814,312.78472,1.72604,0.3284779211244665,0.596743,0.6316635552357887,24.1592,337.3304,323.777,0.1988449703162289,0.660831,0.4798270739220113,358.534,39.41489999999999,51.6715
1687242629241,0.2130840712016729,1.04156,0.2155439765699972,357.833,312.81495,1.70449,0.3284605811371389,0.596668,0.6317329261579354,24.1613,337.3444,323.748,0.198768326043633,0.660816,0.4797772978687502,358.523,39.43190000000004,51.6527
1687242629296,0.2129346974795135,1.04152,0.2154610579886765,357.846,312.80366000000004,1.79069,0.3282669646187774,0.596835,0.6315749304497102,24.1556,337.3534,323.822,0.1987558454133137,0.660837,0.4796328221480673,358.525,39.4536,51.6244
1687242629352,0.2127413279783738,1.04143,0.2152872528218113,357.907,312.7658,1.90258,0.3282815804987553,0.596682,0.6316758580279656,24.162,337.3506,323.824,0.1988079019923004,0.660783,0.4795883461704592,358.544,39.45839999999998,51.6485
1687242629407,0.2125353830236678,1.04136,0.2150641033749577,357.929,312.7203,1.93157,0.3283749343935401,0.596582,0.6317613802492212,24.1825,337.3482,323.794,0.1989454205588355,0.660771,0.4795636754619545,358.595,39.4794,51.608
1687242629463,0.2125149502524049,1.04123,0.2149670698660108,357.958,312.72553,1.99272,0.3284307002857848,0.596609,0.6317709805232875,24.1674,337.3482,323.802,0.1989769702970361,0.660952,0.4795281140500101,358.531,39.4964,51.6231
1687242629519,0.2124324475810764,1.04125,0.2148995546142253,358.017,312.68104,2.09264,0.3283839022750033,0.596684,0.6316651223814802,24.1721,337.3374,323.794,0.1989744704257203,0.661023,0.4795261773922178,358.52,39.513000000000034,51.6218
1687242629575,0.2124921213784456,1.04137,0.2149221828688542,357.975,312.70258,1.94496,0.3282939207434514,0.596822,0.6316026137902342,24.1584,337.33840000000004,323.79,0.198896427064688,0.661016,0.4796145246264631,358.548,39.51570000000004,51.6572
1687242629631,0.2125807502194526,1.04145,0.2150024444944405,357.957,312.73909000000003,1.95059,0.3281970907168144,0.596981,0.6314399947693864,24.1679,337.3437,323.811,0.1988443151424378,0.66105,0.4796301562469607,358.532,39.52800000000002,51.6694
1687242629686,0.2126717426010805,1.04132,0.2151581409506803,357.966,312.82352000000003,1.96709,0.3280709153807152,0.597231,0.6313054444644435,24.1552,337.3398,323.84,0.1989848019705651,0.660949,0.4797069901660507,358.656,39.56209999999999,51.5673
1687242629742,0.2127248100301432,1.04114,0.215206852838066,358.052,312.81838,1.93291,0.3280567402193819,0.597261,0.6312896626774351,24.1548,337.3481,323.796,0.1990125703534488,0.660954,0.4798689096426803,358.736,39.55759999999998,51.546
1687242629798,0.2126653901679041,1.04114,0.215172020669436,358.135,312.77556,1.9606,0.3280502632638622,0.597281,0.631238642592692,24.1503,337.3379,323.815,0.199090911184523,0.660898,0.4799356008279045,358.845,39.553,51.4893
1687242629853,0.2126981306217875,1.04112,0.215323391283095,358.084,312.82965,1.97669,0.3280904093439609,0.597404,0.6310577329681479,24.1609,337.322,323.781,0.1991395351665696,0.660762,0.4799812703841749,358.916,39.5455,51.4887
1687242629909,0.2127549004462003,1.04105,0.2154225738775163,358.154,312.8869,1.96947,0.328100510570379,0.597447,0.6309739537032618,24.166,337.3283,323.784,0.1992666916536489,0.660696,0.4800489773099186,359.016,39.567999999999984,51.4706
1687242629964,0.2128765908278358,1.04102,0.2155324485835109,358.129,312.96338000000003,1.92165,0.3281087601813645,0.597419,0.6310815499109952,24.167,337.3303,323.786,0.1993483682309517,0.6607,0.4799750453363207,359.066,39.57740000000001,51.4064
1687242630020,0.212928374745433,1.04106,0.2156349689516252,358.123,313.01524,1.89299,0.3281256496691601,0.597301,0.6312110402395992,24.1678,337.3383,323.758,0.1994272633301771,0.660719,0.4798969584403764,359.138,39.58429999999999,51.3618
1687242630076,0.212898713239669,1.04113,0.2156427916797819,358.141,313.03049,1.91161,0.3280822191311677,0.597166,0.6312701992488006,24.1701,337.3432,323.819,0.1996365350857395,0.66073,0.4798302701181316,359.332,39.63150000000002,51.2191
1687242630132,0.2130091877761911,1.04095,0.2156891746160864,358.217,313.02178000000004,1.92851,0.328237409744612,0.59703,0.6313492237608128,24.1768,337.3433,323.794,0.1998964159064966,0.660658,0.4798319902933131,359.486,39.66840000000002,51.1035
1687242630187,0.212964224682047,1.04093,0.2156723424990186,358.212,313.02052000000003,1.90178,0.3283599498369763,0.5971,0.6313237497394706,24.1867,337.3456,323.78,0.2003484982938986,0.660585,0.4799770093093106,359.944,39.69900000000001,50.7763
1687242630243,0.2131022808179381,1.04077,0.2157832952067045,358.207,313.1228,1.96474,0.3284207293076686,0.597118,0.6313444344183992,24.1745,337.3365,323.768,0.2023342999806672,0.660788,0.4808293805082765,2.44256,39.96690000000001,48.1985
1687242630299,0.2132201186377129,1.04086,0.2159089862892472,358.2,313.20904,2.09491,0.3284070363724276,0.59706,0.6314354316904708,24.1674,337.3215,323.766,0.2019616620701982,0.660947,0.4806035000361652,1.29849,40.10050000000001,49.2913
1687242630355,0.2134671256993466,1.04135,0.2161395454172449,358.001,313.48107,2.03969,0.3283423233524435,0.597044,0.6315329059180621,24.1793,337.3073,323.803,0.2019507111330513,0.661478,0.480822628028388,1.47468,40.09190000000001,49.002
1687242630410,0.2139513625459204,1.04171,0.2162750728182391,357.784,313.9644,2.39229,0.3284326764235606,0.597134,0.6316445048541669,24.1786,337.3086,323.792,0.201519132723456,0.662454,0.4809563070333633,1.22296,40.013000000000034,49.027
1687242630465,0.2144642529111614,1.04169,0.216021977039446,357.675,314.3426,2.66528,0.3284323622547234,0.597156,0.6317698679320565,24.131,337.3123,323.761,0.2014630664981899,0.66268,0.4810792809264643,1.2471,40.07659999999999,49.1502
1687242630522,0.2148206097533004,1.04179,0.2154236027409833,357.618,314.5079,2.79551,0.3282884220759322,0.597256,0.6317723629129286,24.0941,337.3163,323.829,0.2015560932238366,0.662648,0.4808497334840577,1.29328,40.06540000000001,49.0158
1687242630578,0.2147999474991258,1.04235,0.2146287555410434,357.446,314.5084,2.89142,0.3283550461095411,0.5972,0.6318035757011038,24.1101,337.31260000000003,323.769,0.2024842682864763,0.662083,0.4802103235583497,1.50024,40.21370000000002,48.6745
1687242630633,0.2149474574410667,1.04252,0.214029395201157,357.291,314.6378,3.04963,0.3283496036208007,0.59731,0.6315689475286345,24.1045,337.3227,323.812,0.2025252009806173,0.662087,0.4802948369569937,1.62144,40.2045,48.5385
1687242630688,0.2151051121443379,1.04214,0.2135134979298555,357.293,314.7625,3.31336,0.3283681599679784,0.59728,0.6315553217450087,24.1044,337.34610000000004,323.849,0.2024152611504718,0.662064,0.4806716900235164,1.80784,40.15449999999999,48.6572
1687242630744,0.2151680346181116,1.04169,0.2130610183587208,357.322,314.81960000000004,3.40098,0.3284131784053863,0.597405,0.631600998219187,24.0746,337.37600000000003,323.801,0.2028044573246698,0.661747,0.480420773029294,1.95047,40.27269999999999,48.4965
1687242630800,0.2152467726329184,1.04193,0.2130456130017212,357.25,314.8507,3.4282,0.3283739353518156,0.597525,0.6315297944078673,24.0578,337.3866,323.8,0.203908119441322,0.661045,0.4800309192974061,2.53093,39.639700000000005,47.3344
1687242630856,0.2152862984852,1.04241,0.2136978657955072,356.92,315.1299,3.34829,0.3282554285224339,0.59751,0.6311999745609965,24.0835,337.415,323.888,0.2028665540608523,0.662133,0.4808388986029622,2.51406,39.8415,47.5765
1687242630912,0.2156125774325022,1.04174,0.2147694772216067,357.055,315.4645,3.3769,0.3280253386202276,0.597382,0.6311133279401582,24.0934,337.4065,323.973,0.2018387971925944,0.66286,0.481471565829669,2.49514,39.32940000000002,47.8227
1687242630967,0.2158893659882337,1.04098,0.2162111693161318,357.392,315.81530000000004,3.19389,0.3281042723639214,0.597353,0.6313444868986835,24.0963,337.4055,323.934,0.2034585836795613,0.661595,0.4807795190562214,2.80875,39.52969999999999,47.2343
1687242631022,0.2164648449739905,1.04097,0.2186562975207363,357.612,316.3958,3.16795,0.3283669692522957,0.597419,0.6313683897194053,24.0742,337.38120000000004,323.772,0.2055899525680857,0.660053,0.4805982025897038,4.12732,39.87729999999999,46.3455
1687242631079,0.2178092518856911,1.04043,0.2220271334787401,357.852,317.8235,3.44498,0.3282404638840789,0.597251,0.6312063823374368,24.1044,337.3624,323.811,0.2049626402812147,0.660468,0.4809158632494347,3.89673,39.6995,46.505
1687242631134,0.2194456338436133,1.03973,0.2255033571608105,358.151,319.4075,3.55074,0.3280152858191652,0.597166,0.6312223460175159,24.0896,337.32980000000003,323.878,0.2046457023033244,0.660508,0.4813879673885511,4.00104,39.613800000000026,46.632
1687242631190,0.2213753248120425,1.03923,0.2292020079643283,358.503,320.9978,3.37266,0.3283605883119723,0.597118,0.6318010689118801,24.0962,337.36850000000004,323.635,0.2050621028113677,0.660183,0.4817277549941245,4.33879,39.55029999999999,46.4349
1687242631245,0.223792776827819,1.03942,0.2321264694107178,358.756,322.5702,3.12151,0.3283748949135567,0.597231,0.6318853560470261,24.0721,337.34180000000003,323.604,0.2065990162793903,0.659373,0.4814979333419448,5.04141,39.803,45.6492
1687242631301,0.2265887752491828,1.03999,0.234453346035666,358.504,324.0688,3.09967,0.3279899484849521,0.596992,0.6320383601224768,24.1154,337.3261,323.684,0.2067671192964264,0.659208,0.4816573647556103,4.96683,39.94470000000001,45.7203
1687242631357,0.2301262051621277,1.04143,0.2353729098512887,358.064,325.7464,3.05353,0.3277984781890857,0.596977,0.6321316399477384,24.1481,337.3275,323.729,0.2068238655041361,0.659008,0.4820333433027517,5.05201,39.91520000000003,45.778
1687242631413,0.2340549315529552,1.04345,0.2349679284368809,357.212,327.2729,3.22635,0.3279798692042071,0.596857,0.6327117867391914,24.2067,337.33140000000003,323.604,0.2067096177221542,0.658945,0.4827668775175722,5.22916,39.76409999999999,45.7407
1687242631468,0.2381427312972646,1.04537,0.2333409123796695,356.202,328.4803,3.28892,0.328259129246754,0.597287,0.6321168885725807,24.2222,337.3171,323.556,0.2067223030267328,0.658833,0.4833071321640563,5.2993,39.45530000000002,45.5076
1687242631524,0.24217273533932,1.04675,0.2309354840558534,355.27,329.4459,3.4142,0.3283926390025248,0.59753,0.6317374941272945,24.2156,337.29540000000003,323.6,0.2067673234916049,0.658621,0.4834984177038723,5.39235,39.392,45.4097
1687242631580,0.2471373315222617,1.04774,0.2290668774251468,354.415,331.01820000000004,3.53709,0.3286143389081222,0.597678,0.6314988245819854,24.1433,337.2715,323.557,0.2062910428409033,0.658298,0.4836066662224174,5.39072,39.17790000000002,45.5262
1687242631635,0.2540082267087963,1.04857,0.2283902716790463,353.844,334.228,3.89591,0.3289146364429031,0.597838,0.6310270297212625,24.0771,337.274,323.493,0.2057235740796866,0.658109,0.4833126539691979,5.11194,39.1028,45.778
1687242631691,0.2647218901140552,1.04981,0.2296322154937239,352.925,340.2346,4.5544,0.3290659130688302,0.597975,0.6306561990557988,24.0166,337.28610000000003,323.523,0.2056281203602979,0.657894,0.4828554859612896,5.30094,38.99560000000002,45.5544
1687242631746,0.2786700049686063,1.05114,0.2315910064484333,351.81,348.67830000000004,5.01028,0.3291469186090617,0.598061,0.630232529252235,23.9942,337.3197,323.584,0.2056941869063422,0.657762,0.4823070370470835,5.30117,38.97829999999999,45.3782
1687242631802,0.2931240953772134,1.05236,0.2328729231617229,350.872,357.0321,4.65942,0.3293761279094936,0.598254,0.6297156626383051,23.9924,337.42240000000004,323.8,0.2059792748130104,0.657981,0.4820030684870786,5.28205,39.04560000000004,45.2603
1687242631858,0.3061331489996945,1.05167,0.2344230369792895,350.795,3.9207999999999856,3.7479,0.3297586733449582,0.59839,0.6297568085956433,23.9753,337.5546,323.875,0.2067569045205018,0.658189,0.4819710678929118,5.31827,39.28910000000002,45.0164
1687242631914,0.3169986143128042,1.0499,0.2370134455435149,351.671,8.95010000000002,2.81573,0.329974702827287,0.598316,0.6301765802749699,23.9848,337.6444,323.861,0.2080824297095629,0.657612,0.4817166902736832,6.09622,39.53820000000002,44.2267
1687242631970,0.3253839625246951,1.04671,0.2413134868648673,353.393,12.333300000000008,2.12719,0.3299549402575805,0.598056,0.6308625062482635,23.9725,337.6587,323.864,0.2082206054773535,0.657054,0.4820345463058668,6.48404,39.57310000000001,44.3922
1687242632025,0.3321548881348269,1.04292,0.2478002070979328,355.237,14.536100000000031,2.14567,0.3298544871519946,0.597839,0.6314135172949569,23.971,337.6076,323.839,0.2091235221657469,0.656257,0.4819631988895101,6.99565,39.7131,44.3074
1687242632082,0.3370199801460168,1.03854,0.2559394333954783,357.404,15.907199999999987,2.36311,0.3299067662959851,0.597754,0.6320632494637031,23.9387,337.502,323.75,0.2110177235305027,0.655234,0.4819093640517453,7.67242,39.88760000000002,43.5891
1687242632138,0.3401564751301203,1.03305,0.2648688200045738,359.96,16.81940000000003,3.06999,0.3300440125575651,0.597477,0.6331976274711072,23.8802,337.3216,323.414,0.2121181084636034,0.654476,0.48241341761934,8.39828,40.10110000000003,43.1482
1687242632192,0.3419464611051624,1.02833,0.2748247685886692,2.74606,16.912000000000035,3.66852,0.3297904092649464,0.596916,0.6337211973040551,24.0384,337.1752,323.159,0.2119853686230797,0.653527,0.4833386365851734,8.73567,40.0478,43.3484
1687242632248,0.3422793882731482,1.02563,0.285288013568159,5.46394,16.771500000000003,4.05304,0.3289030423741046,0.595431,0.6343802208249082,24.437,336.8527,322.956,0.2124782587031989,0.651526,0.4849485432187767,10.2069,40.2636,43.1899
1687242632303,0.341820035264125,1.02415,0.2956643038403662,7.4339,16.59590000000003,4.39244,0.32718335096731,0.593774,0.6350416733669676,24.9855,336.6467,322.805,0.2121289838939851,0.650076,0.48663605976911,10.5402,40.5924,44.1944
1687242632359,0.3399640843385378,1.02328,0.3053906677633238,9.27907,16.02320000000003,4.50556,0.3253921525531951,0.592046,0.6361625557164013,25.4741,336.4211,322.772,0.2125904914576438,0.648043,0.4889468916039015,12.1739,40.853200000000015,43.9542
1687242632415,0.3365715821826865,1.02336,0.3142346767028571,10.7828,14.720300000000009,4.43508,0.3240654805397975,0.590587,0.6374092960136837,26.1985,336.4332,323.026,0.2121458711090236,0.647954,0.4915345938173706,12.302,40.97489999999999,44.309
1687242632471,0.3311448126343878,1.02592,0.3226967940661213,11.753,12.114800000000002,3.3169,0.3235304713385711,0.589092,0.6392885408499419,26.8686,336.27750000000003,322.884,0.2122869026582028,0.647646,0.4952200354601233,13.5337,41.013000000000034,44.2147
1687242632526,0.322868309774439,1.03026,0.3301700772408217,11.8299,8.239700000000028,1.69866,0.3232731020748351,0.587952,0.6416076857488398,27.6185,336.36220000000003,322.874,0.2113661582642189,0.647432,0.4992985786756535,14.0145,41.1001,45.2519
1687242632582,0.3118442252943688,1.03705,0.3362660393778658,11.0625,3.0336000000000354,359.159,0.3229676317270775,0.586768,0.6444427950706545,28.195,336.228,322.563,0.2106538289971605,0.646465,0.5034421767516368,14.9917,41.20620000000002,45.8604
1687242632638,0.2976103813063157,1.04778,0.340348215552869,8.52728,355.5851,356.109,0.3222223007966636,0.585733,0.6474315685321548,28.6945,336.09430000000003,322.315,0.2097317762830586,0.646221,0.5072724936827037,15.1018,41.33440000000002,46.8091
1687242632694,0.2778775599268392,1.05976,0.3385314331207437,4.57184,345.2361,353.172,0.3211783884517216,0.584952,0.6503410379023455,29.1172,335.89660000000003,322.115,0.2098177178675081,0.645385,0.5111560693603572,15.7142,41.782100000000014,47.4167
1687242632749,0.2581392910570372,1.07152,0.3306953208816673,0.28955,334.3834,351.483,0.3196222970941085,0.584319,0.6532961434312161,29.3357,335.6273,321.772,0.2079996413305246,0.645061,0.514891864818579,16.049,41.71640000000002,47.9582
1687242632804,0.2426407103189971,1.08058,0.3184337108688487,356.556,324.7059,351.688,0.3190559839799541,0.584339,0.6546163095028664,29.4541,335.34860000000003,321.583,0.2068082362215177,0.646005,0.5166750190088363,15.9828,41.239400000000046,48.0237
1687242632861,0.2304229848429237,1.08553,0.3043319637008091,353.953,316.94,352.968,0.3188618665092406,0.585017,0.6544863271672827,29.3999,335.1968,321.688,0.2065715163343017,0.647039,0.516891251973475,15.6824,41.00170000000003,47.7071
1687242632916,0.2210429552733707,1.0863,0.2898600558350747,352.894,311.53107,354.658,0.3190502598844519,0.585772,0.654379463065843,29.1314,334.9665,321.795,0.2075345699634628,0.648805,0.5160720519323618,14.9203,40.78359999999998,47.5068
1687242632972,0.2141042135113472,1.08506,0.2757021397539577,352.743,308.03765,356.285,0.3202845957710487,0.5869,0.6531439939569377,28.7395,334.9817,321.936,0.2091506907947301,0.650103,0.5130358448480634,14.1804,40.79860000000002,46.6544
1687242633027,0.2088173023653696,1.08298,0.2617970489403549,352.844,305.68826,358.302,0.3223967581516941,0.588269,0.6501800556853493,28.0184,335.2044,321.819,0.2101116199132811,0.650757,0.5090856378624586,13.5573,40.816700000000026,46.1384
1687242633083,0.2043611632609842,1.08016,0.2473694996930862,352.585,303.606,0.750879,0.3232419740837268,0.5889,0.6467778381690465,27.8388,335.5027,322.351,0.2096932328963526,0.651238,0.5046749018349836,12.2059,40.49720000000002,45.9627
1687242633139,0.2008328703790702,1.0764,0.2328539141609956,352.448,302.0440000000001,2.89803,0.3237759611056062,0.58954,0.6434985294216937,27.387,335.6682,322.821,0.2094294842521816,0.651507,0.500633577466327,11.0417,40.232399999999984,45.8713
1687242633195,0.1984497228776064,1.07119,0.2186090444534038,352.436,300.822,4.63168,0.3245498161419006,0.591092,0.6401982364979062,26.732,335.8666,323.434,0.2094341257008418,0.652546,0.4961141403933107,9.6601,39.97289999999998,45.4425
1687242633251,0.196944789985905,1.0649,0.2048617208232758,352.506,299.944,5.99848,0.3260709508085406,0.592935,0.6372376510277761,26.0041,336.1116,323.584,0.2097466118880708,0.653859,0.4915871788976945,8.30314,39.731600000000014,44.7625
1687242633305,0.1961310725267477,1.05764,0.1917226876055439,352.634,299.188,7.21577,0.3276513453900221,0.595194,0.6346621918518573,25.1425,336.4001,323.717,0.2104428578431502,0.654555,0.4870114994322998,7.35846,39.63100000000003,44.0888
1687242633362,0.1960042161504065,1.05006,0.1796689962016718,352.971,298.845,8.24781,0.328787420914066,0.597086,0.631651312677319,24.1931,336.5335,323.933,0.2108760601789427,0.655077,0.4826648615665161,6.86841,39.43950000000001,43.201
1687242633417,0.1983017001213445,1.04333,0.1715279532461725,353.516,300.0450000000001,8.89265,0.3301402678076196,0.598394,0.6285795551539128,23.4424,336.8374,324.44,0.2100336704633538,0.656113,0.4784332755084205,5.55137,39.02850000000001,42.8984
1687242633473,0.2056267412593153,1.03823,0.1722164278840766,354.16,305.55025,9.96571,0.3321354461341477,0.599375,0.6256457952037205,23.0033,337.2394,324.781,0.2081149353225151,0.656131,0.474373493191681,4.69616,38.46350000000001,43.0972
1687242633529,0.2205032179485159,1.03628,0.182017190166454,354.29,317.7364,11.3994,0.3339070749671102,0.59931,0.6232876893370946,23.1342,337.5065,324.76,0.2064984347306839,0.656476,0.4708514685130892,4.24683,38.08519999999999,43.6117
1687242633584,0.2436122764895719,1.03606,0.1945559709024762,354.11,334.321,12.3343,0.3345934792342137,0.601207,0.6206656864419584,23.1091,337.5005,325.137,0.2057621879830776,0.658042,0.4672997424923157,3.10232,38.2527,43.684
1687242633641,0.266511436251987,1.03878,0.2055336704417873,353.169,348.7011,11.0042,0.335040690456256,0.60165,0.6211629500771455,23.2255,337.464,325.196,0.2065598536345334,0.657931,0.4684589243195057,3.2571,38.58820000000003,43.2554
1687242633696,0.2850458649448392,1.04054,0.2153213125495465,353.139,358.7755,8.82098,0.3360393883896104,0.601484,0.622875892702546,23.3683,337.37510000000003,324.854,0.2080117680131133,0.657689,0.4723534693041314,3.65592,39.32730000000004,43.2149
1687242633752,0.2986073241569358,1.04142,0.2263718436245058,353.948,4.927400000000034,6.81487,0.3349611224036364,0.599401,0.6266723952329667,23.5068,337.1947,323.884,0.2096898082099965,0.657418,0.4767260102241966,4.62439,39.64620000000002,43.2446
1687242633807,0.3065091179997367,1.04149,0.2381196765764111,355.756,7.357000000000028,5.60674,0.3317916637874137,0.599032,0.6291840618270934,23.7789,336.8299,323.955,0.2098178345598013,0.657504,0.4805717854716279,5.94467,39.91610000000003,42.9962
1687242633863,0.3134350203583886,1.0404,0.249055080570705,357.8,7.704900000000009,4.82337,0.331153165231879,0.599359,0.6320555883539741,23.5902,336.3533,323.629,0.2092819377162463,0.656427,0.484301237921126,6.81022,39.95339999999999,44.258
1687242633920,0.318363349725058,1.04068,0.2586405689595991,359.09,7.620499999999993,4.3133,0.3317619014871514,0.597278,0.6347768939545118,23.9235,335.6424,322.228,0.2092874252882824,0.654487,0.4862939915151645,7.67282,39.9674,45.0342
1687242633975,0.3216822149704452,1.04044,0.2654803235226636,359.849,7.607399999999984,3.69431,0.3313366632233003,0.596686,0.6364803652395521,24.1377,335.41970000000003,321.604,0.2095179827452502,0.653543,0.4869134277580795,7.85268,40.00020000000001,45.6282
1687242634031,0.3247877582647041,1.0393,0.2695530830107114,0.41419,8.11930000000001,3.21748,0.3303901401862364,0.596708,0.6368083456357762,23.959,335.2083,321.857,0.2096198629673386,0.653367,0.4872507679726214,7.89472,39.94720000000001,45.5283
1687242634085,0.3271137638234727,1.03715,0.2707842170978757,1.11048,8.580500000000029,2.54443,0.3301283544342475,0.596602,0.6371147656417412,24.0374,335.2083,322.0,0.2090001381997539,0.653685,0.4874755016203963,7.50779,39.99869999999999,45.941
1687242634141,0.3285690992359338,1.03463,0.2698123617396887,1.69119,9.151200000000015,1.83418,0.3301835917025086,0.596626,0.6371379571098934,23.9449,335.2128,321.865,0.2083683495473571,0.65395,0.486905648921269,7.0522,39.92430000000002,46.0868
1687242634197,0.3286736918796665,1.0327,0.2676604750375416,2.10688,9.243299999999977,0.962393,0.3302667797258051,0.596799,0.6361171472584617,23.8671,335.4315,321.985,0.2074194590373899,0.654552,0.4844096499629171,6.20798,39.98509999999999,46.1049
1687242634253,0.3282840527255716,1.0315,0.2642112584120459,2.088,9.184600000000046,0.297377,0.3300102803362995,0.596846,0.6338303289309194,23.7159,335.71680000000003,322.541,0.2072332612681909,0.654712,0.4819024803653937,5.64914,40.08730000000003,45.8387
1687242634309,0.3273723465955845,1.03102,0.2604243983760076,1.78939,8.849500000000035,359.708,0.3303846942442944,0.596605,0.6323798989169236,23.7736,335.9698,322.753,0.206775307960836,0.655029,0.4798540153868591,4.99848,40.10270000000003,46.0396
1687242634364,0.3264262449606835,1.03104,0.2564908858621801,1.26659,8.376899999999978,359.35,0.3309787757413324,0.596664,0.6312216523219029,23.7952,336.1496,322.988,0.2070339069411575,0.654885,0.4790431007382205,5.01755,40.024,45.8748
1687242634420,0.3257583000789048,1.03167,0.2531220801932663,0.500223,7.944600000000037,359.156,0.3316203629032274,0.596811,0.6306826384874871,23.7575,336.194,322.966,0.2070385953779313,0.654881,0.4788847245450581,4.89042,39.94530000000003,45.9128
1687242634475,0.325113069686064,1.03236,0.250461307046199,359.86,7.458500000000015,359.023,0.3320827666981527,0.596884,0.6302804249491288,23.7304,336.209,322.969,0.2069683914438509,0.654916,0.4787223317877084,4.76081,39.852300000000014,46.0394
1687242634531,0.3250996983166488,1.03342,0.2489852727625593,359.345,7.192999999999984,358.914,0.3322974195167989,0.596966,0.6299826932453296,23.724,336.1794,323.015,0.2067896398501536,0.654842,0.4787950632647363,4.69292,39.733,46.261
1687242634586,0.3251691441438337,1.03445,0.2484634430230018,359.132,6.950500000000034,358.745,0.3323131923584349,0.597001,0.6298193034737197,23.7277,336.1058,323.006,0.2063671648172012,0.654641,0.4791922078813835,4.79631,39.64269999999999,46.5517
1687242634643,0.3253186077987965,1.03551,0.2485932336846271,358.804,6.87639999999999,358.539,0.3323072134922877,0.596737,0.6300278826029719,23.7652,336.05510000000004,322.911,0.2061103393278605,0.654453,0.4796264770007379,4.86072,39.62350000000004,46.759
1687242634699,0.3254326772635552,1.03594,0.2493568383972958,358.757,6.806500000000028,358.206,0.3322817960061586,0.596439,0.6305130175856302,23.7844,336.0305,322.835,0.2059192307906719,0.654451,0.4800528542128561,4.83356,39.62620000000004,46.8633
1687242634754,0.3254003827751943,1.03624,0.2501606624240712,358.863,6.757400000000018,357.845,0.332267421417444,0.596216,0.6309715057220081,23.8151,336.0222,322.775,0.2058554101808136,0.654446,0.4806154436988556,4.92629,39.62800000000004,46.9177
1687242634810,0.3250513200372285,1.03648,0.2508022894223839,358.942,6.563600000000008,357.542,0.3321840889535954,0.596075,0.6314833774837502,23.8449,336.0061,322.751,0.2060179168441043,0.654217,0.4813273682625464,5.21995,39.65949999999998,46.8917
1687242634865,0.3243201831170538,1.03702,0.2512147258465241,358.779,6.1351999999999975,357.387,0.3320717668565694,0.595956,0.6319195881513406,23.837,335.9633,322.681,0.2071710680377314,0.65294,0.4824459295369682,6.7006,39.71780000000001,46.4383
1687242634921,0.3232178468548299,1.03707,0.251139182713242,358.816,5.537500000000023,357.268,0.3319649295912465,0.595832,0.632178838606959,23.831,335.9337,322.664,0.2083128402194337,0.651881,0.4831268533837315,8.10878,39.87729999999999,45.9787
1687242634976,0.3222614090184282,1.03685,0.2506362397094139,358.781,5.055900000000008,357.351,0.3319560723963106,0.595765,0.6323327851889212,23.7884,335.9057,322.648,0.2085923989239718,0.651993,0.4832658243545024,8.19853,39.87270000000001,45.7475
1687242635033,0.3215142547459407,1.03656,0.2499282104069811,358.813,4.697900000000004,357.524,0.3320627289605117,0.595817,0.6324130122249678,23.7271,335.8946,322.618,0.2089373791380844,0.651619,0.4833874740642051,8.6188,39.84519999999998,45.5104
1687242635088,0.3210895244749959,1.03632,0.2491499474713719,358.834,4.6562999999999874,357.664,0.3322263173239878,0.59591,0.632387736795492,23.7078,335.93330000000003,322.578,0.2102480438138443,0.649892,0.4842056397611854,10.4882,39.898300000000006,45.0938
1687242635144,0.3208612593521054,1.03614,0.2484242815470846,358.837,4.776999999999987,357.759,0.3320822327046446,0.596483,0.6318812936866745,23.6589,335.9552,322.694,0.2114774840828631,0.648948,0.4840324328764642,11.4256,40.107500000000016,44.5246
1687242635200,0.3206902047722724,1.03616,0.2478829440084654,358.774,4.946900000000028,357.851,0.3320519021892736,0.596721,0.6316849876505031,23.65,335.9988,322.736,0.211635544079724,0.649013,0.4840168753254897,11.1424,40.25819999999999,44.4633
1687242635256,0.3205702919365462,1.03659,0.2476876419044621,358.634,5.0548,357.868,0.3321268340401109,0.596959,0.6315650284168857,23.6445,336.0378,322.733,0.211796738367968,0.648796,0.4841893554734418,11.5175,40.243600000000015,44.3491
1687242635313,0.3204502655513135,1.03698,0.2477222636728743,358.593,5.120900000000006,357.945,0.3321243756762429,0.59714,0.6315847250269262,23.6554,336.04720000000003,322.733,0.2118003785021466,0.648826,0.4842073762787279,11.403,40.2482,44.3519
1687242635366,0.3203915582335933,1.03742,0.248058802602043,358.469,5.144999999999982,357.974,0.3319788288717767,0.597231,0.63161717695614,23.6737,336.0405,322.735,0.2119080389985159,0.64875,0.4843771856351295,11.5275,40.291,44.2765
1687242635422,0.3205221257283738,1.03749,0.2484587690122662,358.5,5.173000000000002,358.058,0.3318590100237826,0.597222,0.6317599650637167,23.6882,336.02430000000004,322.717,0.211871833385617,0.648821,0.4844435418977926,11.4395,40.30369999999999,44.2727
1687242635479,0.3208069075760622,1.03732,0.2488625997927017,358.613,5.209600000000023,358.035,0.3318496449585869,0.59727,0.6319383194736815,23.677,336.0,322.667,0.2119474342460614,0.648772,0.4845277114285033,11.43,40.34640000000002,44.2759
1687242635534,0.3212669856393198,1.03694,0.2491274189304337,358.776,5.335199999999986,358.051,0.3319194911889179,0.597237,0.6320588329754502,23.6877,335.9932,322.615,0.2118676625999904,0.649116,0.4842935032209547,11.0495,40.3723,44.3008
1687242635590,0.3217970096465992,1.0367,0.2492756166082413,358.852,5.5219000000000165,358.07,0.3319126288580171,0.597227,0.6319515114565706,23.6762,335.97040000000004,322.621,0.2115111601253501,0.649567,0.4838041087118158,10.5172,40.33180000000005,44.3491
1687242635645,0.3224909431040998,1.03667,0.2492767813233223,358.822,5.821799999999996,358.061,0.3319238426756662,0.597256,0.631869394160623,23.6741,335.9655,322.592,0.2109237160103104,0.650151,0.4832178072435375,9.74075,40.27370000000002,44.5676
1687242635701,0.3232192244766737,1.0365,0.2489661380514464,358.864,6.135700000000043,358.016,0.3319577954344713,0.597265,0.6317852917815276,23.6586,335.96000000000004,322.584,0.2107478643346408,0.650518,0.4829227662494975,9.38717,40.21249999999998,44.6086
1687242635757,0.323833005803166,1.0365,0.2485347896038435,358.827,6.403200000000027,357.925,0.332014775659102,0.597276,0.6317050281284771,23.6594,335.9828,322.595,0.2107294443181577,0.650494,0.482862893860262,9.38908,40.2432,44.6463
1687242635813,0.3243391237703097,1.03676,0.2482212443864756,358.684,6.565500000000043,357.886,0.3319900032094424,0.597305,0.6316590354579972,23.6464,335.978,322.617,0.2105216595563707,0.650708,0.4826927219096675,9.07777,40.243,44.7385
1687242635868,0.3247889867012084,1.03686,0.2477877142913227,358.628,6.694500000000005,357.739,0.3320967684327064,0.59726,0.6316513421426272,23.654,335.9943,322.567,0.2102549628026043,0.650908,0.4824633099624405,8.83896,40.22969999999998,44.9729
1687242635923,0.3249980509195323,1.0371,0.247612859629913,358.506,6.742000000000019,357.735,0.3320433225461707,0.597259,0.631549934365744,23.6604,335.9902,322.647,0.2103952400660287,0.650868,0.482286368476728,8.79942,40.27949999999999,44.9124
1687242635980,0.3251843692787922,1.03699,0.2474363845070127,358.489,6.767100000000028,357.741,0.3321121371727019,0.597244,0.6315664433686021,23.632,335.9832,322.603,0.2105480256314043,0.650715,0.4822683248902537,8.87881,40.3202,44.9174
1687242636035,0.325294980146009,1.03693,0.247409269270456,358.53,6.784199999999999,357.722,0.3322131200942207,0.597152,0.6315806718457349,23.6431,335.98760000000004,322.562,0.2106650373571534,0.650616,0.482252568747413,8.9611,40.35160000000002,44.9427
1687242636091,0.3254704098292935,1.03695,0.2474843720415278,358.526,6.8125,357.725,0.3322076727150366,0.597142,0.6314880471942643,23.6256,335.966,322.588,0.2106744854372447,0.650622,0.4821174808731141,8.94303,40.34620000000001,44.9139
1687242636146,0.3256156701365544,1.0369,0.2475917053687589,358.561,6.851400000000012,357.704,0.3322264414898966,0.597075,0.6314405842288044,23.6449,335.972,322.561,0.2107357194623975,0.650365,0.4822305224325671,9.15366,40.358,44.9393
1687242636202,0.3256666369054982,1.03689,0.2477019931217664,358.575,6.844400000000007,357.679,0.3321772335406027,0.597087,0.6313796615095095,23.6378,335.966,322.573,0.2107424918604948,0.650361,0.482290971871142,9.23958,40.339800000000025,44.8801
1687242636258,0.3256621450331264,1.03677,0.2476737119781792,358.605,6.834000000000003,357.59,0.3321964568699232,0.596998,0.6314245554245741,23.6406,335.9768,322.554,0.2107475074664065,0.650239,0.4824476653416421,9.39678,40.32600000000002,44.8461
1687242636314,0.3255852280991411,1.03697,0.2477709322706406,358.613,6.830800000000011,357.597,0.3322194843357489,0.596973,0.631428394150619,23.6007,335.9708,322.546,0.2108132610355629,0.650214,0.4826034102232376,9.46515,40.32350000000002,44.8098
1687242636369,0.3254567327573328,1.03708,0.2477281894685149,358.523,6.785500000000013,357.675,0.3322434327188472,0.596995,0.6314785486613531,23.5356,335.9508,322.551,0.2109562131454662,0.650177,0.4826641530769257,9.55188,40.33950000000005,44.7324
1687242636424,0.3253513063887979,1.0371,0.2477109186602669,358.535,6.774100000000033,357.677,0.3324236151275414,0.596969,0.6315733342066496,23.3897,335.9439,322.443,0.2110092252312652,0.65009,0.4826840206072008,9.62307,40.32900000000001,44.7097
1687242636481,0.3253289577134665,1.03694,0.2476272016565524,358.604,6.754599999999982,357.691,0.3325054805158233,0.596871,0.6317423610039377,23.3876,335.9388,322.391,0.2111444771078907,0.65024,0.4826343926929861,9.66672,40.310299999999984,44.5934
1687242636536,0.3254884928957513,1.03683,0.2475131818090986,358.599,6.821799999999996,357.643,0.3326346290039584,0.596992,0.6318364124154764,23.2027,335.9425,322.323,0.2112180582956473,0.650268,0.4826777955593467,9.74388,40.31370000000004,44.5259
1687242636592,0.3256953685486172,1.03693,0.2474986399986438,358.599,6.809100000000001,357.634,0.3327088287485022,0.5971,0.6319130961680557,23.1052,335.9373,322.259,0.2112408249084351,0.650298,0.482690232654754,9.81579,40.28750000000002,44.4222
1687242636647,0.325893117208137,1.03676,0.2474974285292371,358.682,6.849500000000035,357.481,0.3328990570403508,0.597385,0.6318952580913555,22.9637,335.9633,322.13,0.2111561890149123,0.650294,0.4828118746110338,9.93571,40.25030000000004,44.4011
1687242636703,0.3262484525837976,1.0368,0.2475230950600527,358.651,6.964499999999987,357.484,0.3329543199527794,0.597697,0.6317872626724254,22.8546,335.94960000000003,322.062,0.2110756783446397,0.650334,0.4827707038450431,9.88899,40.249300000000005,44.3737
1687242636759,0.3266009995634729,1.03673,0.247541001123883,358.626,7.049800000000005,357.494,0.3330183887718089,0.597906,0.6317876944456977,22.7476,335.93780000000004,321.986,0.2111551040953131,0.650248,0.4828246348206506,9.96448,40.2534,44.29
1687242636815,0.3268545071973295,1.03655,0.2475457843839038,358.707,7.080700000000036,357.417,0.3330575073030364,0.597906,0.6317939984535186,22.7466,335.9196,321.93,0.2113523379666652,0.650113,0.4828442256346076,10.0587,40.31550000000004,44.2183
1687242636871,0.3270213661828834,1.03669,0.247635048480493,358.711,7.033999999999992,357.376,0.3329641208461762,0.597741,0.6318360575747064,22.8084,335.8618,321.971,0.2113896858698911,0.649974,0.4829395625850761,10.169,40.2869,44.2799
1687242636926,0.3272731170245546,1.03666,0.2477360757724388,358.719,7.067600000000027,357.261,0.3328090014392756,0.597405,0.6319386975747203,22.9819,335.82800000000003,321.973,0.2114563860004875,0.649869,0.4830104363642784,10.2618,40.29820000000001,44.3005
1687242636982,0.3276133721848893,1.03651,0.2478524648864722,358.758,7.180100000000039,357.271,0.3326160746842449,0.597143,0.6319956472647399,23.0874,335.80150000000003,322.051,0.2114357102669313,0.649782,0.4832204304452472,10.3463,40.30380000000002,44.3311
1687242637038,0.3278930533843063,1.03639,0.2479107265951042,358.781,7.275500000000022,357.177,0.3324714072896037,0.597155,0.6320527817108099,23.1576,335.7686,322.066,0.2113795284646944,0.649724,0.4834277191451259,10.429,40.30770000000001,44.3633
1687242637093,0.3281709411745336,1.03643,0.2479015955468294,358.777,7.473600000000033,357.134,0.3323668049876301,0.597321,0.6320313490623075,23.192,335.7685,322.041,0.2115075712795065,0.649643,0.4835237141323648,10.5521,40.36940000000004,44.319
1687242637153,0.3283145028958518,1.03655,0.2478464046764598,358.745,7.521600000000035,357.136,0.3322894196633684,0.597297,0.6320290013849668,23.1802,335.76300000000003,322.065,0.2116387996740367,0.649617,0.4835453730443652,10.6398,40.429100000000005,44.2309
1687242637204,0.3283787149634841,1.0365,0.2477769438215096,358.702,7.52230000000003,357.125,0.3323778824745845,0.597403,0.6320227299392213,23.1844,335.7791,321.986,0.2117833909716904,0.64957,0.4834485776072681,10.6327,40.54650000000004,44.1709
1687242637261,0.3283914129119292,1.03644,0.2477455788393594,358.757,7.498800000000017,357.08,0.332467409451676,0.597563,0.6319928816499425,23.1911,335.7977,321.923,0.2121054117071075,0.649883,0.4830236133194023,10.5019,40.769600000000025,43.8331
1687242637316,0.3285640383359481,1.03628,0.2476601009885307,358.759,7.517600000000016,357.086,0.3324524358679488,0.597784,0.6318500748161062,23.1728,335.7779,321.936,0.2130175242114922,0.65029,0.4819629386381993,10.1829,41.46789999999999,43.3785
1687242637372,0.3287579067619753,1.0365,0.2476602837171168,358.735,7.528900000000021,357.102,0.332430883587547,0.597937,0.6317477737935822,23.1265,335.7484,321.91,0.2145630178016984,0.651012,0.4804228962483179,10.064,41.84270000000004,41.507
1687242637427,0.32894987311975,1.03635,0.2476809940402128,358.813,7.579800000000034,356.935,0.3324826239702321,0.598026,0.6316830518282257,23.1191,335.7579,321.888,0.2155228175075769,0.651371,0.4792087551837807,9.96103,42.89179999999999,41.2104
1687242637483,0.3292402325949242,1.0363,0.2476671241023443,358.755,7.694200000000023,356.932,0.3324742290831797,0.598031,0.6314997391830771,23.1532,335.7764,321.915,0.216329164665937,0.651894,0.4779541380070273,9.44509,43.47220000000004,40.531
1687242637539,0.3294716939139351,1.03634,0.247601225257121,358.735,7.812000000000012,356.898,0.3323923034611905,0.598123,0.6314438715496774,23.1282,335.7729,321.948,0.2163710874564301,0.651669,0.4781210226367488,9.62156,43.3383,40.3932
1687242637595,0.3299105249202558,1.03638,0.247489165684163,358.704,7.957899999999995,356.824,0.3324542093589296,0.598139,0.631473429286822,23.1255,335.7751,321.904,0.216311064900684,0.651715,0.4782057297368154,9.55942,43.33839999999998,40.5544
1687242637650,0.3305542098792903,1.03674,0.247176188570762,358.574,8.223400000000026,356.792,0.3324659725542862,0.598151,0.631388537430705,23.1314,335.7687,321.918,0.2159141566848565,0.651832,0.4784846739394951,9.60086,42.99689999999998,40.4273
1687242637705,0.3315213020183118,1.03741,0.2468717435106234,358.219,8.353000000000009,356.796,0.3324852837889458,0.598122,0.6313346943604367,23.1934,335.771,321.984,0.2141103404742125,0.653266,0.4799678003933816,9.32944,42.73400000000004,41.4068
1687242637761,0.3333552997697656,1.03753,0.2462300408944039,358.052,8.50909999999999,356.52,0.3325418737477519,0.598182,0.6313401327942485,23.1623,335.7502,321.918,0.2129581515826594,0.654208,0.481374514564129,9.12266,41.5659,41.6592
1687242637818,0.3358440758304882,1.03777,0.2454195621966127,357.822,8.885100000000023,355.943,0.3324145483679026,0.598137,0.6314735053838095,23.1571,335.7198,322.026,0.2130598320209321,0.653486,0.4811740723318708,9.03054,41.62450000000001,42.1961
1687242637873,0.3388962129634876,1.03802,0.2443522853246783,357.636,9.437900000000012,355.099,0.3325492134143013,0.598121,0.6316962368932069,23.126,335.7117,321.94,0.2134134411390184,0.653301,0.4810227924865301,9.17559,41.57940000000002,41.906
1687242637929,0.3426686487935064,1.03845,0.2432949978006853,357.358,10.083000000000029,354.189,0.3326490768266812,0.598073,0.6317051978567622,23.1246,335.69530000000003,321.918,0.2138504372287016,0.652838,0.4808217068888323,9.31523,41.65750000000003,41.8471
1687242637984,0.3469287203130141,1.0384,0.2418318427683395,357.074,10.928499999999984,353.14,0.3326823231233601,0.597862,0.6316865515767809,23.2134,335.73490000000004,321.973,0.2141377454273883,0.65225,0.4806630657877034,9.52374,41.670000000000016,41.8485
1687242638040,0.3512346599806585,1.03809,0.2402790154828352,356.921,11.862700000000018,351.994,0.3327142720727577,0.597744,0.6317145026882507,23.3067,335.7601,322.014,0.2143031182546819,0.65159,0.4805559685048577,9.67087,41.70670000000001,41.9719
1687242638096,0.3555544586133348,1.03779,0.2387217239965912,356.798,12.742999999999997,350.723,0.3328163468317837,0.597913,0.6317195765004053,23.2397,335.75120000000004,321.945,0.2145583411732763,0.650942,0.4804428744651203,9.98626,41.83699999999999,41.9542
1687242638151,0.3597809143240628,1.03748,0.2373737339650056,356.721,13.54219999999998,349.614,0.3328066427890982,0.598021,0.6317212592230679,23.1668,335.729,321.886,0.21449086337401,0.650668,0.4802557922730063,9.98039,41.946500000000015,42.064
1687242638207,0.3635146011349548,1.03716,0.2362136237124128,356.714,14.34050000000002,348.427,0.3327058328152782,0.598021,0.6317971693619058,23.1571,335.7332,321.917,0.2143999491168338,0.650054,0.4802853658734312,10.3766,42.1173,42.2056
1687242638262,0.3665176133335557,1.03646,0.2351286906568493,356.671,14.960900000000038,347.615,0.3325857026614263,0.598092,0.6317777079607355,23.1472,335.7187,321.881,0.2142691801672077,0.649503,0.4802140603209565,10.5972,42.28550000000001,42.389
1687242638319,0.3688629827299146,1.03607,0.2341651122248452,356.762,15.52430000000004,346.998,0.3324429650066694,0.598034,0.6318287369908508,23.1945,335.6961,321.899,0.2142275845458527,0.648989,0.4803622453548975,10.9485,42.43690000000004,42.5062
1687242638374,0.3706367157988438,1.03559,0.2334819226463337,356.806,15.978700000000003,346.484,0.3324872008849636,0.597995,0.6319002085731165,23.3241,335.72860000000003,321.902,0.2141612392560262,0.648759,0.4806208634179129,11.1549,42.454200000000014,42.6525
1687242638430,0.3718018776841302,1.03525,0.2330545085835377,356.85,16.28430000000003,345.888,0.3326359768040599,0.597981,0.6319606629021349,23.4225,335.7265,321.854,0.2141603708190378,0.648555,0.4808910045769708,11.363,42.38580000000002,42.6885
1687242638485,0.372815511871339,1.03505,0.2327225165135699,356.88,16.45870000000002,345.273,0.3326932683345484,0.597941,0.6320426487578313,23.5155,335.7615,321.875,0.2140722262315875,0.648418,0.4810631310761022,11.4776,42.356700000000046,42.7577
1687242638541,0.373777806914524,1.03461,0.2326643679980102,356.91,16.658900000000017,344.761,0.3325559849768836,0.597741,0.632189907984056,23.6328,335.8433,321.951,0.2139658760828005,0.648362,0.4812871570698016,11.5847,42.37560000000002,42.7622
1687242638597,0.3745514546473676,1.03383,0.2327252874978914,357.06,16.764700000000005,344.459,0.3323653061855032,0.597669,0.6324066073115069,23.6834,335.9073,322.024,0.2136577696556788,0.648179,0.4817365015140382,11.7717,42.344100000000026,42.824
1687242638653,0.3753924279855027,1.03322,0.2328939672078326,357.219,16.855200000000025,344.228,0.3321868935692955,0.597543,0.6326560104758372,23.8083,335.9848,322.043,0.2131622717580496,0.647975,0.4822366833144318,11.8967,42.234500000000025,43.0186
1687242638708,0.3763685624319449,1.0326,0.2333993685755285,357.374,16.927700000000016,344.051,0.3320809979749691,0.597226,0.6329723933500612,24.0031,336.0323,322.063,0.2129342263371835,0.647902,0.4824928381231355,11.9266,42.202800000000025,43.0775
1687242638764,0.3772924624612581,1.03207,0.2340011108258611,357.521,16.952600000000018,343.75,0.3322151502606644,0.597017,0.6333615362084599,24.0648,335.9998,321.892,0.2129221213013579,0.647823,0.4826886708785868,11.9782,42.16250000000002,43.0598
1687242638820,0.3782631979538718,1.03149,0.2344391263545585,357.717,16.888599999999997,343.585,0.332412918838393,0.596882,0.633804363025244,24.0764,335.9721,321.698,0.2128460719688459,0.647773,0.4829489716642646,11.995,42.15250000000003,43.1159
1687242638875,0.3791210371630994,1.03098,0.2350140923458238,357.929,16.923400000000015,343.421,0.3324865989043253,0.596855,0.6340438525821859,24.0603,335.9421,321.551,0.2126653719090046,0.647681,0.4831626009889683,12.0246,42.08860000000004,43.1472
1687242638931,0.37982053274124,1.03061,0.2354567885578719,358.074,16.983400000000017,343.139,0.3324071702906726,0.596955,0.6342775341932151,23.9434,335.9422,321.583,0.2123112272490268,0.647487,0.4833238664837561,12.0388,42.02750000000003,43.2409
1687242638987,0.3803975899681713,1.03026,0.2358334328952067,358.233,16.982200000000034,343.001,0.3324042911263688,0.596883,0.6346561232981995,23.9272,335.934,321.482,0.2120834060641945,0.647422,0.4834077861342655,12.053,42.00790000000001,43.2986
1687242639042,0.3800936629156141,1.03032,0.2355699782563712,358.273,16.752400000000023,342.93,0.3323601610441582,0.596964,0.634784343951154,23.8551,335.9056,321.451,0.2121015424464516,0.647292,0.4833198311933092,12.0576,42.04250000000002,43.2354
1687242639098,0.3776159033952698,1.03195,0.2344608922545917,357.828,16.105000000000018,343.528,0.332402822023338,0.596903,0.635191412791592,23.8306,335.86,321.212,0.2120714284136914,0.64714,0.4833809061065791,12.0994,42.06580000000002,43.2347
1687242639154,0.371842788432598,1.03608,0.2325493746303532,356.568,14.279600000000016,345.645,0.3332819754411176,0.597252,0.636033703874298,23.6966,335.5085,320.682,0.2119730234879401,0.647134,0.4835538843439035,12.1118,42.0523,43.2565
1687242639210,0.3598136176933663,1.04266,0.2304227102641659,353.904,10.262,349.227,0.3369255711032334,0.597166,0.6377895534267972,23.422,335.2455,317.331,0.2119339594644612,0.646711,0.4840096463454676,12.3264,41.94530000000003,43.3475
1687242639265,0.3412344408290924,1.04955,0.2276687654488095,350.747,4.054000000000031,353.406,0.3387007540698533,0.597523,0.6381511408090752,23.1535,334.91470000000004,316.217,0.2116075408444043,0.646474,0.4847444197013265,12.5117,41.63839999999999,43.6472
1687242639321,0.3186689885325245,1.05426,0.2235135279524297,348.466,356.57370000000003,356.93,0.3379674310907657,0.597401,0.6374242251273471,23.173,334.595,316.655,0.2116314753916868,0.646607,0.4847873631227829,12.4811,41.42430000000002,43.4872
1687242639377,0.2972303638201592,1.05632,0.2180323339727968,347.528,348.85490000000004,0.889235,0.3373614314640632,0.597256,0.6364183277904203,23.2279,334.2078,316.99,0.2126030988830634,0.647013,0.4843872234084266,12.3234,41.34590000000003,43.1413
1687242639432,0.27708168821358,1.05591,0.2126912231987316,347.66,342.5337,5.69709,0.3379188983561181,0.597271,0.6355469319766465,23.4407,334.3424,316.619,0.2148786171586475,0.647838,0.483445134995653,12.1839,41.33839999999998,42.0889
1687242639488,0.2583765684817442,1.05415,0.2077556027901418,348.534,338.6041,9.89933,0.3393340282902882,0.598294,0.6344359237546175,23.0316,334.4962,315.965,0.2155354151406044,0.648413,0.4833171255784313,12.1682,41.1882,41.9093
1687242639543,0.2409969307604918,1.05141,0.2034104147990393,349.605,336.197,13.8989,0.3399809175553004,0.59871,0.633913818134257,22.5004,334.7555,315.485,0.2150550458836565,0.648263,0.4837518236080788,12.1571,40.974699999999984,42.0328
1687242639600,0.2265692630847776,1.04762,0.1998544497487114,350.481,334.3285,18.1882,0.3415763296118553,0.599081,0.6326604604958317,21.9876,334.7736,314.69,0.2156804532392957,0.648731,0.4837423031294944,12.0921,40.62810000000002,41.7897
1687242639655,0.2141952789967391,1.04336,0.1972594470918787,351.471,332.5344,22.0199,0.343867728196189,0.600261,0.6308882312421195,21.5935,334.8265,314.808,0.2183889778764926,0.649601,0.4831216653207065,11.9898,40.34710000000001,41.1022
1687242639711,0.2037510193973666,1.03848,0.1953449658511986,352.807,331.18940000000003,24.7495,0.3475295421861543,0.602443,0.629563235278769,20.2976,334.18670000000003,313.914,0.2206147668531414,0.649779,0.4831479032975491,12.1165,40.40949999999998,40.9006
1687242639766,0.1952373144356144,1.03379,0.1945436713833302,354.123,330.2685,26.9488,0.3527395013525358,0.60455,0.6282247295878445,18.9493,333.7882,312.078,0.2221128970689319,0.649241,0.4838092835637617,12.3651,40.23180000000002,41.8176
1687242639822,0.1888464149389982,1.0293,0.1945908796892869,355.499,329.72720000000004,28.5471,0.3557017379414142,0.60653,0.6269926015946923,17.3829,332.5158,310.885,0.2218108073169107,0.64862,0.48479251638549,12.5514,40.043000000000006,42.982
1687242639878,0.1846322115676271,1.02575,0.1959643624684742,356.469,329.8081,29.6301,0.3575425720231668,0.608195,0.6255773550142483,16.412,332.28180000000003,311.654,0.2214993749244475,0.648647,0.4850984769465508,12.4689,39.8757,43.1119
1687242639934,0.1824039295149242,1.02312,0.1983971197711252,357.485,330.4022,30.252,0.3580338478468345,0.608775,0.6251895083111816,15.9554,332.0387,312.002,0.221276031776171,0.648526,0.4852034666513697,12.485,39.87170000000003,43.07
1687242639990,0.181686156567176,1.02137,0.201727258956727,358.125,331.3565,30.7718,0.357148033073919,0.608477,0.6253565088743083,16.1747,332.158,312.483,0.2214224974704456,0.648591,0.4850717214412076,12.4999,39.8066,42.8084
1687242640045,0.1825787866713739,1.02028,0.2056905505807537,358.667,332.59090000000003,30.9195,0.3560118567668814,0.608342,0.6255683658999805,16.5713,332.399,313.966,0.2213934268498368,0.648569,0.4850984028770277,12.5135,39.8091,42.8024
1687242640101,0.1846712362107593,1.0198,0.2099433129683231,359.19,333.8903,30.6188,0.3558935151317756,0.60823,0.6257583007767158,16.5347,332.4199,313.558,0.2211793559709735,0.648556,0.4852657786782137,12.5841,39.78629999999998,42.7255
1687242640156,0.1875736448919709,1.01987,0.2143903308283309,359.49,335.3884,30.0842,0.3562919009169256,0.608257,0.626538555713381,16.5975,332.8433,313.713,0.2209177065496794,0.648732,0.4854987005113176,12.5648,39.75260000000003,42.7568
1687242640212,0.1919524089435675,1.02136,0.2187022197856727,359.359,337.3831,29.1136,0.3564744757298219,0.607647,0.6273020289857985,16.6983,333.0975,312.973,0.2208523888087241,0.648874,0.4855701049419679,12.5566,39.71590000000003,42.6585
1687242640268,0.2003892285752482,1.02556,0.2223637012484803,358.615,340.4755,26.9946,0.3569543464183164,0.60623,0.6280530057646164,17.4867,334.4023,312.688,0.2210241576041062,0.648946,0.4856163702738371,12.5517,39.68360000000001,42.4997
1687242640323,0.2170663499764835,1.03632,0.225848231456193,355.009,347.5647,22.1019,0.3563159647543484,0.603465,0.6289617218099846,19.7253,337.2385,314.464,0.2214183030681158,0.649663,0.4851984787170899,12.3948,39.56150000000002,41.986
1687242640380,0.2423057349635787,1.04912,0.2269655096100983,349.358,357.7054,17.0924,0.3535680276917299,0.59905,0.6311575093452183,24.9274,339.0799,317.499,0.2218903376717183,0.650549,0.4844673088784054,12.2209,39.35360000000003,41.1093
1687242640435,0.2711966814784075,1.05887,0.2238717010385637,345.497,8.948599999999999,11.308,0.3532894459605967,0.598535,0.63311780325662,27.0763,343.07300000000004,320.417,0.2219690134253536,0.650299,0.4844194536196564,12.2182,39.54880000000003,41.3536
1687242640491,0.2981611282078374,1.0643,0.2188870068076466,343.308,18.72180000000003,5.73705,0.3535493620837621,0.597125,0.6351616558953683,27.9436,351.1017,326.388,0.2207967396853995,0.647534,0.486055020579036,13.0754,39.92840000000001,42.5936
1687242640546,0.3213217558779195,1.06606,0.2136364205615381,343.013,25.896600000000035,0.479566,0.3528704899926814,0.595457,0.6376618874214379,28.0646,355.3466,330.286,0.2199227356976812,0.646622,0.4865955897507916,13.2311,39.802700000000016,43.4703
1687242640602,0.3414318795203597,1.06453,0.2088587456996653,344.193,30.399999999999977,354.922,0.3504938160816674,0.591241,0.6419689875039418,32.8552,0.5942000000000007,337.196,0.2203890246165428,0.647201,0.4860499784934418,13.0964,39.7122,43.033
1687242640658,0.3576426033551754,1.06117,0.2045927759680169,346.224,32.793300000000045,349.871,0.3478424095481796,0.587688,0.6440267465749163,36.4457,4.01460000000003,343.625,0.2209598169592022,0.646982,0.4853297131940128,13.0159,39.64179999999999,42.8203
1687242640714,0.3732271852215131,1.05806,0.2018326346579726,347.494,33.43670000000003,344.817,0.3464592958376686,0.588505,0.6425988258965183,35.4891,2.407700000000034,342.187,0.221389000101616,0.646069,0.4848149590485534,13.2361,39.87360000000001,42.8301
1687242640769,0.385589424963101,1.0577,0.201920410346554,346.628,32.90480000000002,338.669,0.3434914312911306,0.588737,0.6416204803372181,35.7462,359.49420000000003,341.516,0.2202835445757742,0.645015,0.4851374200235345,13.5878,39.98230000000001,43.6302
1687242640824,0.3945692340876643,1.05383,0.202224352917462,345.62,30.2498,333.923,0.3409284380742002,0.589387,0.6406105720394161,35.1236,356.50280000000004,339.973,0.2180926272477389,0.644843,0.4849277863866479,13.4459,39.87819999999999,44.549
1687242640881,0.400507333282835,1.04908,0.2032480320411688,346.225,26.80529999999999,329.938,0.3380552414685236,0.593108,0.6393907498125616,31.9248,353.3404,336.674,0.2160101696739815,0.643976,0.4845817655007167,13.6506,40.0967,45.0737
1687242640936,0.4063089031723078,1.04608,0.2048119747567319,346.166,24.15160000000003,327.339,0.3356793141013464,0.59396,0.6396058175830387,31.8661,350.9172,335.599,0.2131938888816533,0.64281,0.4855609470460715,14.1297,40.046400000000006,46.3436
1687242640992,0.4113183540241187,1.04287,0.2065174993573432,346.367,22.99590000000001,325.518,0.3363614998703362,0.595093,0.6388326419389657,31.4993,351.99490000000003,335.068,0.2109326780431686,0.641934,0.4861541009417168,14.1928,39.794700000000034,47.5354
1687242641047,0.4165439332364341,1.04034,0.2088388823278625,346.711,22.59860000000004,324.097,0.3386232779772731,0.596317,0.6385351427037039,30.3897,350.89140000000003,331.862,0.2100171680104643,0.641606,0.4858776748575317,14.0286,39.758500000000026,48.2381
1687242641103,0.4208086620563774,1.03742,0.2113931419255433,347.547,22.377400000000023,323.181,0.3405055069384037,0.596948,0.6393244766874403,30.0604,351.21250000000003,329.809,0.2106914077209037,0.641605,0.4855887686221081,14.0922,39.76729999999998,47.9566
1687242641159,0.4237710917449515,1.03457,0.214164569597386,348.448,22.29860000000002,322.34,0.340216302631211,0.593335,0.6423977989726394,32.7413,354.62530000000004,332.555,0.2113511194567041,0.640936,0.4851001978230961,14.0897,40.087800000000016,48.3022
1687242641215,0.425832080766071,1.03232,0.2164756607368317,349.422,21.899999999999977,321.972,0.3372365936565925,0.590175,0.6465213405847221,38.1144,2.032100000000014,341.791,0.2114152151118505,0.640696,0.4855482734271981,14.2931,40.20920000000001,48.3842
1687242641271,0.4268979126307586,1.03038,0.2183410173880426,350.098,21.521600000000035,321.573,0.3344283984729232,0.589657,0.6476671943321162,38.2169,5.980599999999981,347.573,0.2101052645289934,0.641021,0.486692361916115,14.1079,40.27230000000003,49.0201
1687242641329,0.4271771399885836,1.02912,0.2203310269565227,350.429,21.16550000000001,321.332,0.3330343304832054,0.58903,0.6481912882550384,38.2615,6.015100000000018,348.363,0.2088213479615882,0.641009,0.4872389872429546,13.9462,40.27890000000002,49.5016
1687242641384,0.4269905651876488,1.02804,0.2218193709502472,350.772,20.57620000000003,321.246,0.3328106792484848,0.590648,0.64885846823466,36.3569,7.897400000000005,349.956,0.2084243892929406,0.640999,0.4873470835675247,13.8901,40.2801,49.6829
1687242641440,0.4266482988209177,1.02736,0.223256703804601,351.064,20.062700000000007,321.255,0.333118018144258,0.591736,0.6490209607057004,33.4092,11.635899999999992,352.976,0.2083678546773981,0.641043,0.4873704894908235,13.8534,40.252200000000016,49.5386
1687242641496,0.4265930480732751,1.02667,0.2242383536173576,351.433,19.707499999999985,321.379,0.3318483671500703,0.593228,0.6481849658773922,29.4635,15.87360000000001,357.791,0.2085290034032658,0.640917,0.487230118239667,13.8132,40.30160000000001,49.5837
1687242641552,0.4268759941688111,1.02618,0.2249863800253279,351.655,19.64640000000003,321.603,0.328924328297793,0.595071,0.6469197557010291,27.6795,17.70089999999999,1.95711,0.2088034891311642,0.640907,0.4870379423171895,13.8161,40.3175,49.4778
1687242641611,0.4276500016328683,1.0256,0.2252347878464279,351.844,19.7679,321.529,0.3263923183861262,0.59789,0.6451454096786251,21.8247,21.57159999999999,6.74857,0.2088983666367284,0.640766,0.4870502410544378,13.8706,40.35400000000004,49.4823
1687242641663,0.4286469855960806,1.02502,0.2251871120968515,352.035,19.92560000000003,321.368,0.3239091253224138,0.598652,0.6439509101146527,18.6806,23.082,9.19023,0.2088309413177463,0.640792,0.487179615806071,13.869,40.34090000000003,49.457
1687242641719,0.429736788747701,1.02413,0.2248017225657036,352.277,20.163099999999982,321.114,0.3222472744673809,0.597627,0.6436795215820525,20.8032,21.6327,9.22635,0.2086609472052943,0.640794,0.4873355356628297,13.8603,40.346900000000005,49.4877
1687242641775,0.4306192498836432,1.0232,0.2244769159408458,352.555,20.3277,320.845,0.3222331558412605,0.595747,0.644271414870067,23.0212,21.18040000000002,8.58051,0.2086447059733819,0.640754,0.4873993574646372,13.9099,40.38120000000004,49.4811
1687242641831,0.4312969588080266,1.0225,0.2242615009603755,352.81,20.42700000000002,320.706,0.3231267729450433,0.594672,0.6451353115489742,24.5536,20.277800000000013,7.76247,0.2086788870231494,0.640763,0.4874342380586229,13.9207,40.40539999999999,49.4874
1687242641886,0.4320981405503986,1.02195,0.2239285297668921,352.992,20.463700000000017,320.681,0.3240446672720924,0.593281,0.6454979890977293,27.184,17.84450000000004,5.12345,0.2087382771862925,0.640803,0.4873090389830599,13.9269,40.41740000000004,49.4724
1687242641942,0.4331926361937213,1.02188,0.2236759821738573,352.901,20.7278,320.467,0.3248035351226316,0.593124,0.6455170570136612,27.6898,17.022199999999998,3.62474,0.2087859623603219,0.640739,0.487009963534088,13.9666,40.4316,49.4336
1687242641998,0.4334780797766744,1.0216,0.2232682838037958,352.965,20.629999999999995,320.404,0.3246695667574717,0.593108,0.6455128764471474,27.9322,16.841200000000015,3.62296,0.2087508376120937,0.640656,0.4867723414558589,13.9561,40.45179999999999,49.4676
1687242642053,0.4339758582000294,1.0216,0.2228002702983899,352.868,20.61919999999997,320.188,0.3243444382103539,0.59331,0.6451853944967302,27.281,17.011300000000006,3.93942,0.2088502859499964,0.640459,0.4865649697410847,14.0371,40.45940000000002,49.3417
1687242642109,0.4345097128234963,1.02145,0.2223430042478208,352.787,20.71090000000004,319.983,0.3241250147755535,0.593184,0.6451650142057516,27.2333,17.03140000000002,4.02696,0.2088482801131246,0.640422,0.4865314141660123,14.0473,40.43790000000001,49.3452
1687242642164,0.4349486761055831,1.02126,0.2218662283707259,352.83,20.78430000000003,319.778,0.3240992286128384,0.592892,0.6453134462569146,27.2332,17.136900000000026,4.08486,0.2087876666722232,0.640434,0.4865972625584155,14.0288,40.42450000000002,49.3679
1687242642220,0.4355684472710591,1.02121,0.2215211244697851,352.78,21.01510000000001,319.61,0.3241891568285912,0.592746,0.6454927195566876,27.2495,17.21270000000004,4.04198,0.2088207628023915,0.640336,0.486644903362018,14.0982,40.43760000000003,49.3501
1687242642276,0.4360926483046605,1.02105,0.2212363890199881,352.806,21.164600000000007,319.618,0.3241396347104601,0.592559,0.6455571599152823,27.249,17.248500000000035,4.1,0.2088536257511537,0.640258,0.4867155647135381,14.1488,40.480500000000006,49.3241
1687242642332,0.4367898393839381,1.02106,0.2209116605195822,352.734,21.39960000000002,319.605,0.3239398338161771,0.59237,0.6456451860627823,27.2043,17.26370000000003,4.18158,0.2088389842270083,0.640279,0.4867458240223653,14.1605,40.464800000000025,49.2928
1687242642387,0.4370986217385748,1.02077,0.2206700503843125,352.828,21.473100000000045,319.552,0.3236200321808289,0.592046,0.6456366470916122,27.2268,17.3091,4.39199,0.2088031342903943,0.640265,0.4867084504749718,14.1254,40.46440000000001,49.3052
1687242642442,0.4373522685661055,1.02088,0.2203137228848354,352.735,21.525500000000022,319.493,0.3234828900443026,0.591987,0.6455684046239768,27.1847,17.317099999999982,4.46204,0.2088266142832162,0.640284,0.4866590370159036,14.1067,40.44749999999999,49.2971
1687242642498,0.4375008349204988,1.02098,0.2201204018090515,352.613,21.50569999999999,319.437,0.3233612550059306,0.591816,0.6454873742750927,27.2124,17.299599999999998,4.60002,0.2087896517553712,0.640206,0.4866200014995716,14.117,40.42220000000003,49.2849
1687242642554,0.4375893836095897,1.02108,0.2198697843123352,352.555,21.43290000000001,319.366,0.3234842496527555,0.591629,0.6455542571342753,27.2642,17.366300000000024,4.64288,0.2088092100072528,0.640178,0.4865503489706632,14.1204,40.39960000000002,49.2842
1687242642610,0.4378198873943239,1.02115,0.2195939328935909,352.444,21.554399999999987,319.343,0.3235364930152569,0.591515,0.6456071308619153,27.3317,17.376899999999978,4.66825,0.2088745761735637,0.640256,0.4865041833524846,14.1267,40.3911,49.2836
1687242642665,0.438367247334002,1.02154,0.2193815415179764,352.239,21.762299999999986,319.358,0.3232225359428254,0.59113,0.6456091199999918,27.3844,17.239800000000002,4.77366,0.2087777896818389,0.640183,0.4865088066651074,14.1199,40.39499999999998,49.2796
1687242642722,0.4386975364066643,1.02166,0.2189293810061225,352.248,21.848299999999995,319.308,0.3229403341183688,0.590972,0.6455381049996511,27.3615,17.32370000000003,5.00008,0.2086741428866778,0.640191,0.4865517175244884,14.1444,40.3759,49.3226
1687242642777,0.4387249548392217,1.02194,0.2186198051195357,352.046,21.911200000000008,319.302,0.3225445857271787,0.590904,0.6452651192658292,27.3856,17.26940000000002,5.11062,0.208724611566249,0.640284,0.4864024060635005,14.132,40.38440000000003,49.3056
1687242642833,0.4388641500460263,1.02223,0.2181680112568033,351.946,21.89760000000001,319.291,0.3221848602203013,0.590904,0.6451196456953712,27.1661,17.21320000000003,5.26406,0.2086732130240328,0.640237,0.4863561871295226,14.1359,40.37479999999999,49.284
1687242642888,0.4392098306398721,1.02276,0.2177873776704786,351.707,22.13870000000003,319.311,0.3221477682796695,0.590685,0.6451577138965392,27.2668,17.281600000000026,5.3506,0.2086793391937113,0.640318,0.4863689335033235,14.1156,40.34950000000004,49.3193
1687242642944,0.4388697443723075,1.02295,0.2174699090411403,351.713,22.070899999999995,319.489,0.3221625392166017,0.590556,0.6450503508702119,27.3148,17.289300000000026,5.40512,0.2087887682906177,0.640472,0.4863041008514398,14.082,40.3406,49.2824
1687242643000,0.4384236221247929,1.02338,0.217251103327612,351.618,22.0197,319.582,0.3219830701879417,0.590438,0.6448937147704399,27.2924,17.248400000000004,5.52116,0.2086324720038502,0.64047,0.4862270199151279,14.0499,40.3116,49.296
1687242643056,0.4378922612902489,1.02363,0.2172734788390601,351.463,21.9649,319.635,0.321809595888709,0.590494,0.644681319696331,27.241,17.245600000000024,5.59366,0.2085707854517012,0.640501,0.4861672305407879,14.034,40.29390000000001,49.3066
1687242643111,0.4374540586216025,1.02361,0.2171348122562392,351.528,21.86490000000004,319.599,0.3218027217494567,0.590571,0.6447123961538115,27.2657,17.238200000000006,5.56404,0.2086240425272579,0.64066,0.4860256795467852,13.9861,40.28370000000001,49.2521
1687242643166,0.4376227366605136,1.0238,0.2171602822226528,351.431,22.030700000000024,319.608,0.3218469901898263,0.590523,0.6446562863936335,27.3073,17.278599999999983,5.59958,0.2084931372469373,0.640605,0.4860278721671718,13.9764,40.2928,49.2775
1687242643222,0.4374381710385107,1.02376,0.2169492951823525,351.587,22.01060000000001,319.664,0.3217083016613323,0.590432,0.6445048417104513,27.3226,17.24580000000003,5.63576,0.2083144133248717,0.640539,0.486115025822755,13.9737,40.28309999999999,49.269
1687242643279,0.437328587720165,1.02423,0.2167891967865444,351.416,22.055499999999995,319.776,0.3214582127885997,0.590307,0.6444027018272743,27.3043,17.2432,5.74194,0.2081245496546803,0.640536,0.486178348699675,13.9827,40.2312,49.2835
1687242643334,0.4369498651474652,1.02434,0.2165722032084651,351.356,21.902500000000032,319.845,0.3213108449033122,0.590221,0.6443533388210262,27.2966,17.20089999999999,5.78664,0.208246794304467,0.640688,0.4861434453245011,13.9368,40.21030000000002,49.2536
1687242643390,0.436817494462608,1.02449,0.216388851083333,351.315,21.8569,319.919,0.3213073085377528,0.590139,0.6443894011853224,27.3167,17.200699999999983,5.77973,0.2084301000317077,0.640754,0.4861314448928099,13.9185,40.21460000000002,49.214
1687242643445,0.437025323594822,1.02441,0.2162930437151239,351.342,21.940600000000018,319.859,0.3213203434362233,0.590065,0.6443890988248367,27.3221,17.18870000000004,5.77375,0.2084262543877548,0.640757,0.4861508668139968,13.9177,40.18470000000002,49.2331
1687242643501,0.4371705660113382,1.02407,0.2161019478218019,351.5,21.945600000000013,319.861,0.3212152934976972,0.589983,0.6442789148404486,27.3505,17.178300000000036,5.75526,0.2083728638444826,0.640891,0.486078303394224,13.8624,40.20150000000001,49.2347
1687242643557,0.4371815910180082,1.02395,0.2157768717549685,351.559,21.92740000000004,319.827,0.3210937158300532,0.590067,0.6443723379143129,27.2642,17.16700000000003,5.82541,0.2082820720821852,0.640796,0.48602716773251,13.898,40.18760000000003,49.1575
1687242643613,0.4370260524817019,1.02404,0.2153719609453773,351.479,21.8895,319.805,0.3209715265235301,0.590091,0.6444360856465974,27.2635,17.13929999999999,5.83225,0.2079740653687542,0.640817,0.4862393772150535,13.8707,40.14050000000003,49.239
1687242643668,0.4370347672635503,1.02448,0.2148546853393632,351.318,21.9194,319.85,0.3208953229695789,0.590045,0.6444714553845833,27.2351,17.152500000000032,5.89252,0.2079910012544412,0.640937,0.4862484972904917,13.8237,40.11869999999999,49.1988
1687242643723,0.4371630648490073,1.02468,0.2145052547603265,351.258,22.04640000000001,319.817,0.3209570351658953,0.590085,0.644400057871841,27.2414,17.128800000000012,5.86196,0.2081434775414232,0.640898,0.4862138132609079,13.8545,40.12670000000003,49.1462
1687242643780,0.4374234702388193,1.02459,0.2142021656101466,351.262,22.18900000000002,319.818,0.3210924135923281,0.590108,0.6445609388267628,27.285,17.150500000000022,5.86778,0.2081575025362459,0.640908,0.4862958821314998,13.8338,40.125,49.1871
1687242643839,0.4377596010114189,1.02422,0.2140481457941762,351.364,22.2987,319.779,0.3211274740519206,0.590189,0.6446205019376047,27.251,17.133199999999988,5.84435,0.2082114611834851,0.640969,0.4862308785593817,13.8359,40.10990000000004,49.1372
1687242643891,0.4380373366076714,1.02382,0.2139596927638473,351.438,22.40440000000001,319.678,0.3211069533753187,0.590257,0.644622205413991,27.2761,17.15790000000004,5.85197,0.2080910978482271,0.640935,0.4862344377061292,13.8231,40.108900000000006,49.1585
1687242643946,0.4383112196420629,1.02353,0.2138870561100664,351.587,22.491300000000024,319.632,0.320972957338527,0.590239,0.6446036026689217,27.2749,17.105099999999993,5.84459,0.2079531267546958,0.64082,0.4863123605997469,13.8626,40.099699999999984,49.179
1687242644002,0.4386114284359898,1.02345,0.2139472198869508,351.59,22.579700000000003,319.623,0.3208489697323706,0.590168,0.6447419611652985,27.2249,17.06600000000003,5.87143,0.2078652894181746,0.640722,0.4863555184763499,13.8936,40.0992,49.1944
1687242644058,0.4388174177611226,1.02338,0.213904390015001,351.63,22.625499999999988,319.608,0.320814358936795,0.58997,0.6449167584559801,27.4047,16.860500000000002,5.7374,0.207859823312731,0.640756,0.4863976862566007,13.8922,40.08789999999999,49.2101
1687242644114,0.4389431869681172,1.02317,0.213971822251891,351.713,22.628000000000043,319.561,0.3212285916331042,0.589702,0.6454276755464248,27.7383,16.779800000000023,5.5368,0.2079484037283823,0.640799,0.4864527090697153,13.8948,40.08590000000004,49.2109
1687242644169,0.4391859748187686,1.02307,0.2140271038905792,351.72,22.66480000000001,319.571,0.3227647448441207,0.588852,0.6468253487243472,30.0483,17.43870000000004,4.67807,0.2080275132827542,0.640765,0.4864863940575744,13.8945,40.087800000000016,49.1931
1687242644225,0.4393891224321168,1.02272,0.2140932782601712,351.919,22.70210000000003,319.494,0.3229990588477529,0.588961,0.6469452693134962,30.4947,16.90089999999998,4.48463,0.2079146031635522,0.64078,0.4866161334308649,13.9056,40.07040000000001,49.2491
1687242644281,0.4396193140754781,1.02246,0.2140883989849541,351.987,22.801000000000045,319.499,0.3224002548034821,0.588794,0.6467985903560245,30.6423,16.59019999999998,4.58314,0.2078684998065452,0.640791,0.4865832171663033,13.8967,40.08440000000002,49.2396
1687242644337,0.4397655604241625,1.02213,0.2139868854119873,352.065,22.877400000000023,319.49,0.3218114156549347,0.588563,0.6466416303065279,30.8036,16.287599999999998,4.65841,0.2078657667538233,0.640759,0.4866043010564287,13.9139,40.077200000000005,49.2082
1687242644392,0.439849453238555,1.02193,0.2137670627659899,352.164,22.883199999999988,319.514,0.3210553992970675,0.588087,0.6462295511070562,31.5061,15.35880000000003,4.33733,0.2079109630293736,0.640811,0.4865981126255787,13.8924,40.07990000000001,49.2498
1687242644448,0.4398908897480272,1.02214,0.2135359502053561,352.104,22.954600000000028,319.532,0.3204107466664347,0.588214,0.6456045303187474,30.6601,15.40179999999998,5.11815,0.2080252811823843,0.640783,0.4864794645750586,13.8909,40.08940000000001,49.1963
1687242644503,0.4399391124914126,1.02224,0.2133724981725745,352.086,23.02170000000001,319.513,0.3203103823017029,0.587829,0.6456235827278335,31.0168,15.420200000000024,5.15963,0.2080325337791096,0.640733,0.4865010840070756,13.8941,40.08519999999999,49.2439
1687242644560,0.4399676524605733,1.02217,0.2132137988652027,352.081,23.037800000000004,319.494,0.3204520114201573,0.587506,0.645862109860055,31.347,15.337400000000002,5.00256,0.2080911088210637,0.640797,0.4865292613820434,13.897,40.08300000000003,49.2194
1687242644615,0.4400006843021057,1.02191,0.2130833807014179,352.155,23.07370000000003,319.38,0.3206572222411054,0.587368,0.6461362932274678,31.5184,15.2543,4.90437,0.2080669065028355,0.640909,0.4864913107853106,13.8681,40.08080000000001,49.1982
1687242644671,0.4401549242991814,1.02171,0.2129560581845478,352.229,23.12510000000003,319.36,0.3206715634322296,0.587198,0.6462386080858078,31.7011,15.132400000000018,4.83349,0.2079926326887685,0.640884,0.4865205751073419,13.8597,40.08410000000004,49.2438
1687242644726,0.4403344238624525,1.02164,0.2128395038762387,352.264,23.2346,319.389,0.32018134366458,0.587046,0.6460204416827904,31.4929,15.105500000000006,5.25622,0.2079988813533258,0.640869,0.4864526122190039,13.8813,40.09450000000004,49.2182
1687242644782,0.4404328584872999,1.02156,0.2128265568831072,352.305,23.284400000000005,319.407,0.3204886776699097,0.586789,0.6463249376748297,31.8012,15.185100000000034,5.12501,0.2079423862177667,0.640816,0.4863520423444978,13.897,40.07080000000002,49.2192
1687242644838,0.4403961083871372,1.02129,0.212753684184941,352.428,23.24490000000003,319.429,0.3205767323245566,0.587264,0.6461059390953936,31.4285,15.24860000000001,5.25274,0.2079364863115864,0.640763,0.4863126698781405,13.9346,40.04730000000001,49.2159
1687242644894,0.440472773413457,1.02117,0.2128142768721185,352.439,23.29000000000002,319.413,0.3196030591049618,0.587625,0.6452932285310204,30.536,15.199799999999982,5.99619,0.2080319201127662,0.640705,0.486325799599858,13.9702,40.057500000000005,49.2047
1687242644949,0.4407311098697106,1.02112,0.2128784038973911,352.439,23.378300000000024,319.385,0.3190155637015871,0.587334,0.644969300836907,30.7773,14.7457,5.87331,0.2080414947426648,0.640615,0.4864012205946957,13.9948,40.052400000000034,49.2387
1687242645005,0.4409006307014426,1.02093,0.2127649195918289,352.607,23.35230000000001,319.397,0.318713571279358,0.587282,0.6445577372611181,30.7642,14.68349999999998,6.02609,0.2080424433315693,0.640584,0.4864619585579401,14.056,40.07929999999999,49.332
1687242645061,0.4411989215638366,1.02067,0.2126927908083079,352.624,23.484800000000007,319.366,0.3183446475725906,0.586765,0.6442439295196822,31.091,14.2971,5.95582,0.2081421130425266,0.64054,0.4863699642716084,14.1141,40.096900000000005,49.3046
1687242645116,0.4413037550197519,1.02041,0.2125455938432549,352.704,23.5306,319.388,0.3183276445352885,0.58584,0.6443443630634936,32.4894,13.599899999999993,5.16479,0.2081091760242412,0.64035,0.4864052509946989,14.191,40.11189999999999,49.3716
1687242645172,0.4413951010502005,1.02027,0.2124519514238004,352.78,23.537800000000004,319.39,0.3185635305750558,0.585649,0.644416298981107,32.3007,13.568399999999995,5.08647,0.2080917668578342,0.640279,0.4864385664704573,14.2296,40.09770000000003,49.3882
1687242645227,0.4415829242939804,1.0203,0.2123370452486138,352.767,23.6094,319.364,0.3192357945041537,0.584328,0.6452659207849902,33.1703,13.071500000000016,4.26841,0.2081501897058132,0.640113,0.4863874218633711,14.3133,40.1071,49.3603
1687242645283,0.4417480501040519,1.02028,0.2122457574244081,352.759,23.633800000000008,319.345,0.3196730180492845,0.58456,0.645617039812648,33.824,12.656800000000032,3.34747,0.2081151243557772,0.639949,0.486469862273528,14.3989,40.1223,49.4554
1687242645339,0.4418370484571598,1.02007,0.2122295003292155,352.768,23.635100000000023,319.34,0.3194643262060407,0.584637,0.645407763166642,33.3131,12.876100000000008,3.8082,0.2080941185901036,0.639658,0.4866523992774709,14.5463,40.20590000000004,49.6873
1687242645395,0.4417461549537073,1.01992,0.2122698905635568,352.874,23.61930000000001,319.317,0.3194351261726453,0.584537,0.645511548319962,33.3103,12.832899999999997,3.73041,0.2080111328571677,0.639389,0.4869113266188799,14.6473,40.33590000000004,49.9452
1687242645450,0.4418205414817658,1.02003,0.2124439240213843,352.868,23.71890000000002,319.408,0.3195748117153995,0.584595,0.6457489697788605,33.3273,12.809500000000014,3.51185,0.207913408749375,0.639061,0.4871500356441725,14.7536,40.496500000000026,50.2927
1687242645506,0.4415327876739909,1.02014,0.2126594228522652,352.968,23.725900000000024,319.799,0.3198170868053475,0.584591,0.64597066276655,33.3415,12.875699999999997,3.36399,0.2079448172664373,0.638844,0.4873299759260884,14.8224,40.7577,50.4949
1687242645562,0.440804921375894,1.02063,0.2131863988024706,353.045,24.09910000000002,321.874,0.3200082221786529,0.584481,0.6459919293852615,33.3334,13.110599999999977,3.49462,0.2079145392313506,0.638798,0.4874501268336642,14.8496,40.79849999999999,50.5451
1687242645617,0.437431394708131,1.02448,0.2141403012198551,353.124,25.21460000000002,327.36,0.3205216371129489,0.584384,0.645434024281107,33.6013,13.166500000000042,3.41544,0.207827555660487,0.638966,0.4876491541142058,14.8838,40.835500000000025,50.6153
1687242645673,0.4283572520861867,1.02913,0.215408562894989,353.43,24.933,334.366,0.3210480727534653,0.58465,0.6438565533570028,33.4345,12.80619999999999,3.3044,0.2072592965867337,0.639949,0.487810553076709,14.6227,40.6585,50.8046
1687242645729,0.4132173262273118,1.0354,0.2186351868253174,353.077,23.305499999999995,341.039,0.3216739807050221,0.584357,0.6428069671355907,33.3918,12.8082,3.86613,0.2080229692865325,0.640921,0.4871537083404265,13.8955,40.30250000000001,50.6965
1687242645784,0.3910687912429144,1.04185,0.2233285752649128,351.893,19.06540000000001,347.067,0.3228586276081819,0.58465,0.6419826269662227,33.4581,13.075800000000015,4.25911,0.2111813539916489,0.641326,0.4863871530231223,14.5641,40.25880000000001,49.2295
1687242645837,0.3659037660589024,1.04647,0.227864391893486,350.978,13.445899999999996,352.196,0.3236625167591083,0.584962,0.6417597587696963,33.482,13.03370000000001,4.03819,0.2137161544494118,0.641949,0.4858575421855021,14.6918,40.62540000000001,47.8035
1687242645893,0.3404893108744433,1.049,0.231774152075022,350.939,8.19240000000002,356.121,0.323691914548855,0.584953,0.6420481469975385,33.798,13.3836,4.17206,0.214362737655444,0.642967,0.486043235905582,14.509,40.65390000000002,46.6289
1687242645949,0.3167805973634287,1.04958,0.235413273487208,351.272,3.615700000000004,0.516941,0.3224550686536209,0.584687,0.642553634120463,33.6527,14.017299999999976,4.73548,0.2131960028985074,0.643555,0.486951856292188,14.54,40.4085,46.7267
1687242646004,0.2943823516073377,1.04858,0.2390451655629376,352.312,359.2017,5.24496,0.3215869259276145,0.584722,0.6428243299041064,33.39,14.61220000000003,5.34146,0.2125901985216112,0.644666,0.4876377972932468,14.502,39.75710000000004,45.9586
1687242646060,0.2720835195996096,1.04518,0.2424516582006991,353.87,354.58090000000004,9.67439,0.3214678688850102,0.584525,0.6429305062696795,33.4805,14.910500000000011,5.58238,0.2129104823830517,0.645358,0.4877531153234969,14.1825,39.80369999999999,45.7703
1687242646116,0.2506631122454277,1.03908,0.2451641982982658,356.091,349.1849,14.6635,0.3215663014823933,0.584286,0.6427719502109104,33.6335,14.884900000000016,5.43371,0.2129401715604474,0.645923,0.4877597147738954,13.9452,39.73470000000003,45.7499
1687242646172,0.2314930962328346,1.0305,0.2475712178405478,359.265,343.6051,19.1871,0.3218491788779306,0.584278,0.6420386471500317,33.5942,14.895399999999997,5.52563,0.2127752817947612,0.647203,0.4875403694635467,13.0567,39.3021,45.807
1687242646231,0.2158965559213339,1.02198,0.2487244126687237,2.42908,338.832,21.42,0.3221276938138829,0.584457,0.6411999592280657,33.3759,14.760400000000004,5.54678,0.2130767928264131,0.647094,0.4874119323279814,12.9337,39.3383,46.1088
1687242646282,0.2042828939928881,1.014,0.2484965253900743,5.70092,335.2328,22.8555,0.3225109424920599,0.584714,0.6404512093027398,33.3635,14.601,5.35943,0.2140401272268208,0.647318,0.4870281722036966,12.9708,39.3184,45.9037
1687242646339,0.1968599191824219,1.00871,0.2477929843726604,7.77815,333.0588,23.4715,0.322708221569354,0.584966,0.6397715991456188,33.3858,14.355400000000031,5.18447,0.2150592710543853,0.647381,0.4868212546869487,12.7686,39.21260000000001,45.8308
1687242646394,0.1913730437185521,1.00693,0.2469004583820113,8.75415,332.1812,23.9629,0.3226915957975755,0.584573,0.6393458978610156,33.429,14.41640000000001,5.37575,0.2152888017979968,0.647726,0.4871946829099544,12.8248,39.06690000000003,45.7479
1687242646450,0.1896891986725236,1.00617,0.245862792317728,8.82635,332.2379,24.3301,0.3224765466307117,0.584326,0.6392925044547642,33.3465,14.494700000000025,5.58917,0.2142924249396545,0.647922,0.4884260898922959,12.9071,38.76909999999998,46.1295
1687242646505,0.1891568730293605,1.00636,0.24465955734083,8.80852,332.7102,24.5466,0.3226264282231308,0.583984,0.6393510152080824,33.35,14.59540000000004,5.65403,0.214204242899685,0.64755,0.4888678012548698,13.0877,38.65110000000004,46.0409
1687242646561,0.189851790144386,1.00642,0.2432942137198889,8.51287,333.0931,24.7908,0.322774927425909,0.583916,0.639267247751548,33.3926,14.682099999999991,5.61666,0.2142532612024849,0.646965,0.4891189868555531,13.3766,38.62670000000003,46.1115
1687242646617,0.1909648238877077,1.00627,0.2417175587524888,8.45807,333.38120000000004,24.7571,0.322882572894513,0.583887,0.6388510153007598,33.3064,14.6327,5.61677,0.2142776690304874,0.646496,0.4891194947258129,13.6511,38.62220000000002,45.8711
1687242646673,0.192516966189183,1.00637,0.2397398443454091,8.76578,333.72950000000003,24.6845,0.3230515802526729,0.580784,0.6368798376038264,33.134,14.756700000000023,6.63508,0.2122346932950189,0.647267,0.4907037583226575,14.268,38.0761,46.2703
1687242646729,0.1941907435290304,1.00924,0.2378431602872134,9.45831,333.71680000000003,25.3549,0.3213795273882284,0.579552,0.6338932061872463,34.0936,14.033299999999995,6.7472,0.2111441038857907,0.647203,0.4918357772008037,14.0051,37.43650000000002,45.994
1687242646783,0.194519568032671,1.0156,0.2367722333775667,8.78341,332.9613,25.6615,0.3173776513491287,0.579399,0.6307213371534306,33.6904,12.783200000000022,6.6106,0.212016788457908,0.643302,0.4932094844613174,15.5364,37.71750000000003,45.9096
1687242646840,0.1950088717734917,1.02214,0.236802080474896,7.7117,332.0387,25.2074,0.311620985991123,0.578893,0.6284209424142747,33.8886,11.074600000000032,6.49709,0.2123947951440288,0.640151,0.4947879935506952,16.8694,38.30759999999998,46.6579
1687242646895,0.1956928455821469,1.02756,0.2376835751311894,6.86185,331.5951,24.2244,0.3054123696859662,0.579479,0.626044034007259,33.7672,10.533500000000004,6.84114,0.2125388887087442,0.639635,0.4954436512697892,16.9454,38.61840000000001,46.9813
1687242646951,0.1966515476019131,1.0315,0.2395111402975503,6.44992,331.8018,23.5419,0.2991335315559846,0.580794,0.6232063036223405,32.9764,9.270100000000014,7.34387,0.2123284156210967,0.640628,0.4960406362607028,16.8745,38.575500000000034,46.3511
1687242647006,0.197203888435317,1.03429,0.2418947410618886,6.15433,332.3064,23.2304,0.2941210037835185,0.581935,0.6214871947455511,32.652,8.28230000000002,7.56427,0.2114202081588572,0.641324,0.4974019515091051,16.8075,38.58440000000002,46.1063
1687242647062,0.1975016407701936,1.03727,0.2445775369070987,5.99691,332.79900000000004,23.2997,0.2905345135812453,0.582532,0.6217400860838729,32.8485,7.991800000000012,7.41207,0.2099668630764221,0.642227,0.4992665946576355,16.716,38.52520000000004,46.0282
1687242647119,0.1975185785606986,1.04034,0.2471895924408216,5.8589,332.8441,23.3913,0.2883685561992528,0.583819,0.6236978995630871,33.8465,8.302999999999997,6.90296,0.208837202725807,0.64269,0.5008507699927068,16.6924,38.4812,46.091
1687242647174,0.1975875688752615,1.04391,0.249465953865661,5.42868,332.5722,23.3184,0.28612967530984,0.586951,0.6245095628941681,33.2469,9.267200000000004,7.09173,0.2077299158591757,0.642847,0.5028206970966844,16.9961,38.36270000000002,46.1374
1687242647229,0.1979801015085568,1.04724,0.2510985184529892,5.06058,332.2214,23.093,0.2832926789475379,0.590335,0.6248106619481102,32.1074,8.77430000000004,7.69163,0.2076922057181912,0.642856,0.5038375367818202,17.0794,38.56889999999999,46.0865
1687242647285,0.1988908522543779,1.05061,0.252363708588497,4.33585,331.9975,22.7112,0.2810380110242387,0.594276,0.624766451591337,31.6082,8.763300000000015,6.9753,0.2083422633850455,0.642837,0.5049667706060409,17.1569,38.99060000000003,46.124
1687242647342,0.2009452578110255,1.05432,0.2523999826676069,3.96188,332.4359,22.128,0.2767994028104908,0.596005,0.6233944875209808,32.2618,7.748800000000017,6.33618,0.2099525049412099,0.642551,0.5043593340819487,16.7673,40.040700000000015,45.2977
1687242647397,0.2028554839250829,1.05914,0.2520249450785933,3.28748,333.2419,21.3336,0.2712996179286551,0.594797,0.6196766156493947,33.6255,6.444099999999992,6.92347,0.209359560487621,0.640772,0.5048092250409135,17.2327,39.424800000000005,43.5142
1687242647452,0.2049237183912319,1.06277,0.2508846713425837,2.26625,333.9243,20.7515,0.2646700349397723,0.594749,0.6135682078049957,33.34,4.462800000000016,7.6038,0.2079007807925147,0.641522,0.503552297516692,16.9531,39.88470000000001,44.9336
1687242647508,0.2069094827481279,1.06523,0.2495493010123451,1.27699,334.6745,20.6383,0.2579764168858847,0.593227,0.6079106175627926,33.6002,2.074799999999982,8.96051,0.2087297949726184,0.643836,0.5000899260043918,15.774,39.78120000000001,43.2155
1687242647563,0.2091213725668928,1.06555,0.2476798742473597,0.649865,335.6062,20.2788,0.253556083815262,0.590973,0.600725178707388,33.0178,0.0651000000000294,11.1484,0.2124725726389332,0.644584,0.4973075745994583,15.0843,40.6463,42.3763
1687242647620,0.2119176251686794,1.0645,0.2450798941730125,0.687663,336.73990000000003,20.0359,0.2509276978411967,0.588647,0.5943991394116408,34.4954,357.05330000000004,10.9799,0.215400460120789,0.644301,0.4958084238753509,15.5429,40.85630000000003,41.8335
1687242647675,0.2146025869208054,1.06314,0.2420080768949798,0.75376,337.995,20.0373,0.2474723935793493,0.588037,0.5891585728909239,36.4835,352.7736,9.62949,0.2144900625447078,0.644092,0.4957391688866094,15.4296,40.7962,42.1729
1687242647731,0.216384448420437,1.06336,0.2396346971116053,0.471704,338.8383,20.3993,0.2424655238315781,0.586439,0.5824379896328389,38.9077,347.1301,7.18272,0.2135720518051728,0.643426,0.4958940277969064,15.4318,40.469600000000014,42.6648
1687242647786,0.2173902741943857,1.06507,0.2378349806026906,0.0942921,339.1495,20.3622,0.237395187122769,0.582597,0.5760306569850592,41.9898,342.41740000000004,8.27889,0.2129725995050188,0.644185,0.495554036709023,15.2524,40.4692,43.9442
1687242647845,0.2172977057216938,1.06831,0.2374360506867109,359.647,339.0966,20.1694,0.2345492288502551,0.582048,0.5709381359481748,42.4697,339.6958,6.9811,0.2148271302205067,0.644362,0.4933269586175964,15.2036,40.86189999999999,42.5375
1687242647898,0.2170556206346741,1.07187,0.2380361471878195,359.045,339.2748,19.9892,0.2325224767012474,0.58014,0.5672454957373647,43.0186,332.7876,3.81282,0.2148304948303165,0.643981,0.4937795883552417,15.366,41.196199999999976,43.2296
1687242647954,0.2164641252432609,1.07383,0.2399640367598482,358.169,339.59860000000003,19.8929,0.2324029973098236,0.58095,0.5661196815097831,43.7698,332.829,2.21167,0.2154688312883426,0.643533,0.4935700732809517,15.4748,41.55369999999999,43.4543
1687242648009,0.21645173036817,1.07327,0.2420325413808416,358.178,340.204,19.7038,0.2317318081630033,0.584794,0.5645292541680945,41.9019,328.0186,357.47,0.21579575324465,0.643694,0.4939649479882755,15.4394,41.796400000000006,43.3969
1687242648065,0.2164559828540964,1.07162,0.2441043422680805,358.666,340.966,19.563,0.2328384515415486,0.586266,0.5646813378053532,41.0823,325.16610000000003,355.0,0.2156072751835133,0.644592,0.494894988858598,15.1701,41.77660000000003,43.3574
1687242648121,0.2164274810503233,1.07035,0.2460175614523826,359.615,341.6755,19.5374,0.2335952639379109,0.588033,0.5640627806158289,40.1131,321.7268,351.597,0.2154808292134889,0.644924,0.4950530439650153,15.0499,41.68549999999999,43.2481
1687242648176,0.2166203263388423,1.07028,0.2475082283147955,0.247876,341.9919,19.6236,0.2352560986959898,0.588086,0.5633709324342477,39.9124,320.0856,348.936,0.2151547264332992,0.645007,0.494796010938436,15.0604,41.58420000000001,43.3815
1687242648232,0.217109505913754,1.071,0.2484852279788124,0.464233,342.23670000000004,19.3105,0.2370081594961834,0.588526,0.5613664861385279,39.2981,317.1859,346.166,0.2153336318920015,0.643643,0.4939361581389137,15.4651,41.68470000000002,43.7821
1687242648288,0.2183332688415963,1.07157,0.2489668567740882,0.620012,342.5033,18.8442,0.2396012277449712,0.588659,0.5609940212984039,38.6214,315.2946,343.343,0.2146658964522793,0.643203,0.4932784542674493,15.6992,41.59430000000003,44.1943
1687242648343,0.2203457654435667,1.07221,0.2488434573127541,0.952204,343.0514,18.2732,0.2427238205970701,0.588026,0.5623886505968273,38.9677,315.71860000000004,342.4,0.2129801448039889,0.642483,0.4934153716888612,16.009,40.927599999999984,44.8996
1687242648399,0.2225345740016259,1.07288,0.2485322305527116,1.04245,343.6419,17.6372,0.2454367112696999,0.589414,0.5636098898028628,38.8042,315.7742,341.009,0.2114544573184013,0.642026,0.4944367304389198,15.9502,40.64610000000005,46.1924
1687242648455,0.2248873257639313,1.07392,0.2485252202054111,1.05199,344.40880000000004,17.1539,0.2474635770908606,0.590395,0.5646152797486104,38.4706,315.4824,340.748,0.2105546866070962,0.641244,0.4970150439704899,16.3489,40.460800000000006,46.8547
1687242648511,0.2267430649632001,1.07509,0.249240829752788,0.807578,345.0767,16.8709,0.2502981939266151,0.588371,0.5665432521017466,38.8714,315.1709,339.645,0.2096476075993678,0.640671,0.498530841342746,16.6496,40.598100000000045,47.4632
1687242648566,0.2280516224173674,1.07601,0.2511290181409377,0.495003,345.5521,16.8615,0.2520162158448361,0.587868,0.5697819070213872,39.1352,315.3023,338.684,0.2085387690938909,0.642579,0.4995475173819895,16.4764,40.17560000000003,47.3628
1687242648621,0.2287600096573374,1.07666,0.2538931218868646,0.54456,345.8333,16.8516,0.2537400843534381,0.587431,0.5731766991159123,39.2281,316.069,338.805,0.208577018352615,0.643248,0.5002571842011427,16.4157,40.21019999999999,47.0239
1687242648678,0.2287645314625932,1.07735,0.2575508130374783,0.808405,345.95820000000003,16.7828,0.2556387285634829,0.586653,0.5770285070243708,40.3885,316.49940000000004,338.751,0.2078356930135518,0.64536,0.5028762416158749,16.2695,40.4393,48.1215
1687242648733,0.2280640524607156,1.07921,0.2619440039242858,0.916862,346.0124,16.5506,0.2575320949999824,0.589146,0.5826107155064267,40.1338,316.81080000000003,337.893,0.2078599436344894,0.648211,0.5053967574177265,15.8304,40.15620000000001,47.6123
1687242648789,0.226506209078714,1.08222,0.2673106763567298,0.509235,346.0879,16.2118,0.2574674476943714,0.591183,0.5869344581821507,39.9048,315.6809,335.791,0.2081966883072204,0.650758,0.5088874007718072,15.456,40.4973,47.831
1687242648846,0.2248367561442055,1.08476,0.273484930554563,0.21127,346.2764,16.1394,0.2546396640806438,0.592456,0.5894352072367209,40.0061,315.1385,335.472,0.208882492019423,0.651618,0.512457251366486,15.7785,41.08500000000004,47.4582
1687242648901,0.2224428369464647,1.08597,0.2802235965111666,0.325679,346.3111,16.2803,0.2509910522108892,0.592708,0.5914252646288296,40.3614,315.09250000000003,336.535,0.2070926815982615,0.652599,0.5156025131451464,16.0203,41.02430000000004,47.5106
1687242648956,0.2196723869608957,1.08606,0.287309395822286,0.750801,346.1365,16.4184,0.2476695107929227,0.594898,0.5946103529492271,40.1915,314.28860000000003,336.045,0.2051391798805196,0.655051,0.5182857455314258,15.816,40.67130000000003,48.0126
1687242649012,0.2173343883559196,1.08467,0.2928373190781869,1.90506,345.8297,16.5353,0.245480656906275,0.596724,0.5980781070729948,40.0268,313.90090000000004,336.181,0.2057958560804662,0.656386,0.5202625501167158,15.4092,40.4776,47.1455
1687242649067,0.2154802445641963,1.08458,0.2967115816918482,2.70299,345.6385,16.5025,0.2443843493612911,0.596583,0.6018674331036777,40.7018,313.54565,335.558,0.2071847377778257,0.657136,0.5231066119357943,15.9313,40.487300000000005,46.2065
1687242649123,0.2142737999117963,1.08686,0.2990403133854307,2.49353,345.40020000000004,16.6742,0.2433276816971761,0.597016,0.6046338140332703,41.2875,313.17415,335.133,0.2071869709474986,0.658135,0.5261496985288694,16.2273,40.69260000000003,46.6378
1687242649179,0.213908350665851,1.09009,0.2996700457481357,1.69903,345.2668,16.8857,0.2424394426708516,0.596307,0.6062838129520924,42.3358,313.805,336.625,0.2064844577242487,0.658413,0.5284708069216764,16.1716,40.5754,46.9847
1687242649236,0.2138215408782011,1.09409,0.2995259899923735,0.529182,345.17560000000003,17.1229,0.2435065779652133,0.596035,0.6085393994087656,42.4157,314.0863,336.515,0.2056501984553216,0.658089,0.5310786712724832,16.6598,40.49560000000002,47.4855
1687242649290,0.2137544550157895,1.09755,0.2983867624088484,359.331,344.9952,17.2814,0.2449955464754716,0.595477,0.6116534086854792,42.5681,313.74361,334.813,0.2050748551985325,0.65797,0.5324626453101253,16.7673,40.435,47.7016
1687242649346,0.2137395559806661,1.1006,0.2966927334779407,358.336,344.75010000000003,17.3876,0.2467537279531729,0.593938,0.613706312699667,43.0831,313.813,334.564,0.2041237669324423,0.65797,0.5348923973777457,17.0137,40.10649999999998,48.0543
1687242649402,0.2136559497861253,1.10342,0.2943154444748461,357.627,344.50710000000004,17.4059,0.2489041796627481,0.593208,0.615809496582447,43.3969,313.93350000000004,332.781,0.2028141414912589,0.658097,0.5362059464646873,17.0606,40.1902,49.0005
1687242649458,0.2135084428298099,1.10561,0.2921698658354487,356.792,344.2287,17.597,0.2494472267601464,0.592516,0.616095789876129,43.8132,314.3422,333.415,0.2015950408769421,0.6579,0.5371424023857923,17.2143,39.886300000000006,49.3111
1687242649513,0.2127631544876515,1.1071,0.2898323981272134,355.86,343.78790000000004,17.7726,0.2501858844044265,0.591404,0.6167120324294686,44.146,314.6677,333.58,0.2010595706824279,0.657553,0.5374804107744262,17.2125,39.8517,49.6918
1687242649569,0.2118613090056879,1.10699,0.2874264478520286,355.201,343.28200000000004,18.0383,0.2511649980852976,0.591124,0.6176137621006734,44.3209,314.8272,333.485,0.201175767286988,0.657473,0.5376180310821164,17.2209,39.8766,49.6403
1687242649624,0.2107823934607399,1.10561,0.2845241023786452,355.02,342.7235,18.3497,0.2529796100534877,0.591235,0.6185771246517937,44.1307,315.2713,333.124,0.2014648648399358,0.658028,0.5372355646066187,17.0698,39.8245,49.2918
1687242649680,0.2098017611821795,1.10373,0.2810962662778017,355.028,342.08140000000003,18.5647,0.253973867046371,0.591746,0.6189873599892558,43.9172,315.499,333.062,0.2014995802396456,0.658296,0.536681628833245,16.9223,39.76999999999998,49.224
1687242649736,0.2087844288998419,1.10217,0.2767543529867152,355.104,341.3481,18.7141,0.2545928686530343,0.591838,0.6191084839379543,43.9434,315.8614,333.437,0.2018601245662063,0.658283,0.5359528917142613,16.8604,39.57640000000004,48.7958
1687242649791,0.207916633150041,1.10142,0.2718574515647313,354.627,340.7507,18.9373,0.255391393439672,0.59213,0.6188362576256233,43.9317,316.37780000000004,333.985,0.2019373219150041,0.658492,0.5352790589684417,16.7343,39.55880000000002,48.7383
1687242649847,0.2074351552456492,1.10078,0.2666550006012351,353.966,340.1864,19.2679,0.2557548734657495,0.592144,0.6183366064766778,43.9489,316.5595,334.097,0.2017499162522464,0.658533,0.5343106328651348,16.6295,39.4194,48.5651
1687242649902,0.2070074402596097,1.10028,0.261140981750096,353.192,339.7891,19.5609,0.2560259738301143,0.592229,0.6176809841826384,43.8082,316.901,334.549,0.2017879780145871,0.658515,0.532898845238667,16.4483,39.34590000000003,48.4514
1687242649959,0.2069499788896944,1.09969,0.2557665919064982,352.618,339.4172,19.8416,0.2568553358104334,0.591778,0.6170018253605644,43.9304,317.53360000000004,335.255,0.2020694966371864,0.658498,0.5317464680152155,16.424,39.21510000000001,48.0361
1687242650014,0.2068188752628002,1.09898,0.2508951800127025,352.078,339.2425,19.9906,0.2579295545749624,0.591537,0.6160107320017258,43.9625,318.04720000000003,335.49,0.2016402289314935,0.658571,0.5306270725369108,16.2162,39.074400000000026,47.9844
1687242650070,0.2068837646951896,1.09742,0.2466976313993372,351.575,339.0247,20.2652,0.2585266792386308,0.591724,0.6144148203074148,43.7942,318.7752,336.666,0.2014634213925772,0.658361,0.5292556356648009,16.077,38.96630000000005,48.043
1687242650125,0.2072298039509459,1.09498,0.2434683290236722,351.175,338.8669,20.3865,0.2595316300141175,0.591371,0.6138936917831055,43.558,318.8091,336.679,0.2030232961329717,0.65773,0.5262486583129942,15.9029,39.19140000000005,47.4058
1687242650182,0.2082485189908638,1.09058,0.2405805413466701,351.054,339.01980000000003,20.134,0.2615542624320457,0.592149,0.6137045407800795,43.0899,319.21000000000004,336.665,0.2048188583212671,0.657942,0.5233546651499125,15.3686,39.094600000000014,46.5754
1687242650238,0.2106246796620936,1.08511,0.2378851266356282,351.266,339.6098,19.7625,0.2633922522954685,0.594732,0.6136979633980005,41.6337,319.4075,336.514,0.2073316093674171,0.658878,0.5195726060308514,14.8622,39.355800000000045,45.5229
1687242650293,0.2142138191893245,1.07917,0.2355437801311424,351.48,340.7486,19.387,0.2646303914830554,0.595186,0.6128546607523498,40.9336,319.8424,337.25,0.2101639968546393,0.659887,0.5152793311593546,14.2679,39.18349999999998,43.5841
1687242650349,0.2193614679998921,1.07401,0.2332421553304716,352.03,342.77750000000003,19.0111,0.2664103553257974,0.596584,0.6118050790649471,40.2488,320.29720000000003,337.373,0.2111347130307713,0.661102,0.5113707079867533,13.715,38.79430000000002,41.9354
1687242650404,0.2250669120636019,1.07005,0.2309630350976014,352.544,345.0461,18.4885,0.2685958994668182,0.597763,0.6093588135831055,39.5602,320.7654,337.471,0.2102688745698402,0.660868,0.5089394497200173,13.1989,38.29250000000002,42.4076
1687242650460,0.2308045809575123,1.06809,0.2292893094140281,352.588,347.0422,17.8464,0.2701216957341152,0.597219,0.6057922080889833,39.3916,320.93510000000003,337.669,0.2112442689227779,0.659355,0.506601731418712,13.2837,38.5702,42.79
1687242650516,0.236589473909518,1.06684,0.228232598226506,352.334,349.0719,16.9668,0.2705032194693135,0.596178,0.6029880161127662,39.5141,320.9882,338.234,0.2133966018357402,0.658214,0.502746865917585,13.3454,38.87990000000002,41.9417
1687242650571,0.2431562832880468,1.06616,0.2282216626850636,351.892,351.77520000000004,15.9167,0.2704658899359127,0.595975,0.6017458343603901,39.3529,321.34090000000003,338.88,0.2142866595589875,0.657382,0.5000210204984008,13.3077,38.94780000000003,41.2763
1687242650627,0.250297562116852,1.06517,0.2286841718084965,351.77,354.7579,14.8911,0.2709074796391227,0.595417,0.6014815040102242,39.3758,321.5498,339.146,0.2137769426086787,0.657275,0.4993261258081291,13.2002,38.749300000000005,41.275
1687242650685,0.2561780576401612,1.06424,0.229896837220034,352.093,357.0776,13.8766,0.2716008767192167,0.595495,0.6019258760270265,39.2249,321.76370000000003,339.172,0.213780813896799,0.657293,0.4991755169998598,13.1158,38.7251,41.3431
1687242650738,0.2597451119627853,1.0637,0.2320902155411289,352.63,358.0138,13.026,0.2720097499416808,0.595639,0.6022454314806678,39.0989,321.8284,339.091,0.2137699883175102,0.657273,0.4990263231433071,13.093,38.72610000000003,41.3436
1687242650794,0.2614342272627243,1.06408,0.2352964759022836,353.295,357.7076,12.1919,0.2719836418567056,0.595542,0.6029488427173557,39.0873,321.7616,339.031,0.2136147040727682,0.657114,0.4996212607899012,13.1825,38.73320000000001,41.5265
1687242650850,0.2621623777852693,1.06507,0.23939875841529,353.605,357.1924,11.7677,0.2715914610785545,0.595145,0.604390708951529,39.1354,321.4217,338.692,0.2132777654533217,0.65678,0.5009443149712276,13.4039,38.74260000000004,41.7919
1687242650905,0.2626040372577811,1.06568,0.243651914644532,354.069,356.6988,11.3704,0.2711489658422714,0.594845,0.6062068176943818,39.2008,320.9291,338.163,0.2128923977452007,0.656583,0.502901485564083,13.6765,38.78320000000002,42.2765
1687242650961,0.261516955584319,1.06626,0.2476239970247481,354.709,355.7634,10.7611,0.2709788585367471,0.594797,0.6076047137937424,39.2233,320.66540000000003,337.819,0.2129881965244719,0.656792,0.5039721524562069,13.6531,38.8415,42.4215
1687242651017,0.2578435154425605,1.06642,0.2509844914117271,355.288,353.1145,9.1202,0.2709092983245407,0.594737,0.6087896890579896,39.3139,320.6039,337.749,0.2132850471474161,0.657055,0.5050285660625455,13.7381,38.95780000000002,42.2991
1687242651072,0.2533647480605365,1.06706,0.2533846790580828,355.886,349.60970000000003,7.79256,0.2706984084913861,0.5946,0.6100367846751225,39.3536,320.3498,337.421,0.213113567233138,0.657187,0.5060001769100556,13.7583,38.98360000000002,42.371
1687242651128,0.2472630860234107,1.06826,0.2547124148694166,356.162,345.6668,6.0275,0.2705576782218847,0.593919,0.6117122523684088,39.5468,320.4481,337.517,0.2125639193707456,0.657412,0.5076220684685043,13.8292,38.97270000000003,42.539
1687242651183,0.2383083773531603,1.07008,0.2543363129803765,355.995,339.5912,3.94616,0.2719826153656324,0.592779,0.6145562450084077,39.8288,321.3541,338.202,0.2119757992055444,0.657339,0.5092853590839062,13.9981,39.029,42.9165
1687242651240,0.2286185637465498,1.07243,0.2520154523061552,355.687,332.059,2.10953,0.2750649244923422,0.59255,0.6180837777789715,40.0377,321.1972,336.556,0.2116962558852059,0.657748,0.5107444822905115,14.0036,39.01049999999998,43.128
1687242651295,0.2203078693545825,1.07438,0.2493297256403673,355.083,325.6392,1.30013,0.2758614095654369,0.591783,0.6197840729087467,39.9917,321.3888,336.506,0.2116578868719358,0.657552,0.5122852385395076,14.2375,39.01800000000003,43.231
1687242651351,0.2145889718647234,1.07563,0.2471989970090106,354.513,321.0464,1.36777,0.2760380974724538,0.591614,0.6209486064563587,39.9358,320.9092,335.782,0.2117927704284098,0.657268,0.5129109600639838,14.3045,39.10500000000002,43.5107
1687242651406,0.2111803474074954,1.07608,0.2459055947863485,354.511,318.8539,1.75997,0.2760391457750489,0.591758,0.6207722094579102,39.9078,320.74510000000004,335.652,0.2119182344119393,0.657072,0.5132529699890401,14.377,39.07470000000001,43.4997
1687242651462,0.2099335956582959,1.07637,0.2457293731194975,354.587,318.7502,2.23454,0.2757809029500929,0.592239,0.6200341202740315,39.8242,320.4384,335.525,0.212048892675038,0.656858,0.5132665868272935,14.4258,39.09570000000002,43.6137
1687242651518,0.2090935175932659,1.07611,0.2457381960813279,354.454,319.6101,2.70184,0.2750887999978668,0.592613,0.6188187110822283,39.8314,320.3704,335.803,0.2122466629237967,0.656693,0.5128429703395291,14.4246,39.110900000000015,43.6233
1687242651574,0.2098280724390496,1.07528,0.245661624686306,354.602,320.7575,3.17585,0.2749208154207808,0.592853,0.6182873522751484,39.771,320.45980000000003,336.05,0.2123018249305853,0.656746,0.5123932791643798,14.342,39.06630000000001,43.4919
1687242651629,0.2101687215637034,1.07505,0.2449714774745658,354.381,321.57620000000003,3.09285,0.2751872708832839,0.593114,0.6179573485077423,39.7919,320.6606,336.051,0.2120623529079537,0.657146,0.511753336080679,14.1611,39.07280000000003,43.5379
1687242651684,0.2106897476339891,1.07476,0.2440438494057352,354.25,322.2045,3.34048,0.2755490543508831,0.593289,0.6174407822268335,39.8333,320.9228,336.22,0.2122241120807511,0.657442,0.5110638094531902,13.986,39.09620000000001,43.3664
1687242651741,0.2111429837636355,1.0749,0.2432001112883177,353.92,322.72610000000003,3.66782,0.2756905024117815,0.593261,0.6170067344805336,39.8827,321.15090000000004,336.552,0.2122933890151658,0.657529,0.5107430592289377,13.9744,39.1191,43.3049
1687242651800,0.2115926558560909,1.07533,0.2423780133566412,353.67,322.8895,4.09337,0.2761019406297123,0.593158,0.6170730639070799,39.8829,321.2369,336.551,0.2124225285579287,0.657617,0.5106878960301997,13.9207,39.15160000000003,43.384
1687242651852,0.2120271439646012,1.07561,0.2415925548386002,353.5,322.9192,4.4314,0.2765602322016882,0.593164,0.617274095832544,39.8922,321.21860000000004,336.326,0.2125511484220801,0.657621,0.5107955386358243,13.9343,39.14440000000002,43.4152
1687242651907,0.2121379038063793,1.07582,0.2409203218005476,353.465,322.4044,4.71515,0.2766534151762385,0.59317,0.6174150885034669,39.8724,321.1512,336.294,0.2123487292165312,0.657588,0.5112535555189465,13.9909,39.105200000000025,43.5785
1687242651963,0.2115848470863964,1.07576,0.2398982365475078,353.568,321.4189,4.82541,0.2764174155869646,0.593179,0.617573076458269,39.8437,321.02340000000004,336.238,0.2120976514393958,0.657604,0.5116478751226042,14.0382,39.10059999999999,43.721
1687242652019,0.2109169386989755,1.07586,0.2391503940600728,353.445,320.60900000000004,4.83791,0.2761913621671544,0.593181,0.6178555757527675,39.7767,320.8972,336.084,0.211630968199781,0.657568,0.5119879703355412,14.0741,39.07040000000001,43.8734
1687242652075,0.2109955383556233,1.07595,0.2390628778102969,353.444,320.5838,4.97343,0.2762473168703782,0.593137,0.6181081347977198,39.7394,320.85630000000003,335.943,0.2112776288801049,0.65761,0.512279866421796,14.0674,39.03430000000003,44.0183
1687242652131,0.2109809570651851,1.07594,0.2389799779552358,353.352,320.8653,5.11045,0.2763039365282805,0.593068,0.6182736044757245,39.7321,320.8842,335.94,0.2110532008122292,0.657771,0.5123976163362316,14.0123,39.04599999999999,44.0873
1687242652186,0.2111148147438177,1.07551,0.2389264698075285,353.489,321.19370000000004,5.24571,0.2765368404706397,0.593092,0.6182368246764657,39.7182,320.9397,335.941,0.2110707137472556,0.657867,0.5124183840300556,13.9629,39.07640000000004,44.1272
1687242652241,0.2110899364980744,1.07496,0.2386807849018286,353.633,321.5387,5.49855,0.2766246521629933,0.593118,0.6183248536869451,39.7044,320.9664,335.927,0.211253138037207,0.657929,0.5122360920158702,13.9109,39.14440000000002,44.0536
1687242652300,0.2110828320403954,1.0746,0.2384472693205903,353.769,321.76550000000003,5.76611,0.2765597552224738,0.593177,0.6180373656226517,39.693,320.9669,335.984,0.2113551554255051,0.657956,0.5120667124052767,13.8645,39.2011,44.0051
1687242652353,0.2109197454647861,1.07433,0.2380113097251505,353.881,321.8555,5.94497,0.2766143116727762,0.593186,0.6179948263028358,39.656,320.978,335.951,0.2113463841084439,0.657988,0.5119763129362682,13.7877,39.26859999999999,44.0774
1687242652409,0.2106077169402897,1.07431,0.2374283627293604,353.802,321.7898,6.09128,0.2765166319354106,0.593159,0.6179675560093246,39.6437,320.9938,336.04,0.2115310868966565,0.657926,0.5116805801514328,13.7788,39.363200000000006,43.9188
1687242652464,0.2105171176874657,1.07421,0.2368993515996215,353.83,321.60310000000004,6.2365,0.2764942852875436,0.593034,0.6180294480712478,39.629,320.9857,336.057,0.2118241338621764,0.657948,0.5113327749243307,13.6311,39.66239999999999,44.0317
1687242652521,0.2103008668320824,1.07433,0.2363642024918525,353.771,321.4005,6.26821,0.2765765962849137,0.593049,0.618141617138784,39.5957,320.97880000000004,335.988,0.2120605790605386,0.657903,0.5111179292397767,13.5476,39.89319999999998,44.0635
1687242652576,0.2102593273895059,1.07448,0.2361080102306297,353.76,321.2419,6.28526,0.2765848715400668,0.593064,0.6181180264594348,39.5863,320.96770000000004,335.986,0.2121422645832137,0.657527,0.5111932118764553,13.9571,39.83370000000002,43.8471
1687242652632,0.2102674573685919,1.07478,0.2360087031138652,353.674,321.16020000000003,6.34314,0.2765608975128009,0.593047,0.6181990588357832,39.5653,320.9303,335.929,0.2121886336837022,0.657628,0.5110755262506556,13.8682,39.974800000000016,43.8753
1687242652687,0.2104580226104659,1.07475,0.2360219276588299,353.716,321.1732,6.33676,0.2765481877560042,0.593007,0.6183688217942935,39.5397,320.9003,335.915,0.2122267828723014,0.657635,0.5110102756613154,13.8533,40.09739999999999,43.8121
1687242652743,0.2105826446366895,1.07494,0.2360696702035871,353.657,321.139,6.24263,0.2765441109581096,0.593023,0.6185568733290358,39.5107,320.86760000000004,335.868,0.2123166862794016,0.657676,0.5108875141958966,13.7665,40.2747,43.8263
1687242652799,0.2106961387231389,1.07498,0.2359551839933215,353.688,321.1247,6.17356,0.2766079881031808,0.592904,0.6186019589180588,39.5111,320.872,335.876,0.212533550444694,0.657895,0.5105858953406969,13.65,40.53550000000001,43.6545
1687242652855,0.2108132680533233,1.07512,0.2360007221093405,353.699,321.1175,6.16264,0.2766079881031808,0.592904,0.6186019589180588,39.5145,320.8734,335.876,0.2128665627891908,0.657962,0.5103966579807154,13.7171,40.6551,43.4774
1687242652910,0.2106852439647706,1.07489,0.2357699346903804,353.842,321.0908,6.22634,0.2766079881031808,0.592904,0.6186019589180588,39.5134,320.87350000000004,335.876,0.2129637326288323,0.657923,0.5103027270365913,13.7232,40.68770000000001,43.4662
1687242652966,0.2105308359104399,1.07459,0.2356651150702809,353.963,321.0346,6.39274,0.2766079881031808,0.592904,0.6186019589180588,39.5114,320.87100000000004,335.874,0.213035176539466,0.657922,0.5102440689797418,13.738,40.7097,43.4173
1687242653022,0.2103436825117821,1.07455,0.2355509283575215,353.992,321.0946,6.40471,0.2766096500721193,0.592904,0.6186008463268278,39.5133,320.875,335.874,0.2130701075862717,0.657817,0.5103807358080837,13.8295,40.6157,43.359
1687242653078,0.2102686171932293,1.07458,0.2354567731773635,354.034,321.255,6.56517,0.2765105386842419,0.593062,0.6188392806632665,39.3379,320.7955,335.729,0.2130559442332899,0.657935,0.5102265560447155,13.7615,40.6146,43.3669
1687242653133,0.2102286054163611,1.07448,0.2354185755634087,354.047,321.42240000000004,6.75007,0.2762985338759577,0.593247,0.6189270528756368,39.3188,320.793,335.781,0.2133158022728588,0.657891,0.5100718505203428,13.8056,40.650300000000016,43.1778
1687242653189,0.2098708816914268,1.07457,0.2350154394367477,354.044,321.4045,6.91179,0.2761517727391055,0.593334,0.6190493687319674,39.3018,320.7931,335.78,0.2133253907385734,0.657778,0.5101544826044581,13.8083,40.63980000000004,43.1805
1687242653248,0.2091895916746228,1.07469,0.2345208437301317,353.99,321.0911,7.08929,0.2760478947900026,0.59346,0.6192609092049037,39.2805,320.79040000000003,335.741,0.2133377033116376,0.657861,0.5100668161881714,13.7845,40.63100000000003,43.1076
1687242653300,0.2084848591175158,1.07465,0.2338060766191412,354.008,320.771,7.2548,0.2759161328810451,0.593467,0.6193948450079882,39.291,320.78200000000004,335.754,0.213387809397016,0.657805,0.5100176289926014,13.8115,40.6268,43.0799
1687242653356,0.2081165035147156,1.07461,0.2333547018858145,354.035,320.6282,7.47199,0.2758972049943022,0.593412,0.6193593804467553,39.3134,320.7826,335.768,0.21339792445925,0.657753,0.509941060816993,13.8169,40.644000000000005,43.1121
1687242653412,0.2080796891259169,1.07465,0.233103770220261,353.939,320.6394,7.53925,0.2758980359787715,0.593412,0.6193588241511397,39.3145,320.78360000000004,335.766,0.213445278765647,0.657728,0.5100477499432695,13.8273,40.63639999999998,43.1352
1687242653467,0.2081155488434181,1.07462,0.2328571367256569,353.888,320.71320000000003,7.63418,0.2758972049943022,0.593413,0.6193593804467553,39.3145,320.78360000000004,335.768,0.2133950017600341,0.657791,0.5101524075885067,13.8095,40.6302,43.1955
1687242653523,0.2080710451941781,1.0747,0.232790657968115,353.841,320.6716,7.70293,0.2759547484324564,0.593418,0.6192835533228127,39.3683,320.87080000000003,335.852,0.2133150009874857,0.657949,0.5102324380601513,13.7956,40.612900000000025,43.2198
1687242653579,0.2079349326339873,1.07454,0.2326808109337521,353.859,320.608,7.72469,0.2764019613255287,0.593224,0.6189143736534511,39.3917,320.8892,335.837,0.2130769263822604,0.658082,0.5103208149934926,13.7692,40.57910000000004,43.3444
1687242653634,0.2078151947734243,1.07445,0.2327212565113571,353.888,320.4787,7.75022,0.2764769021217383,0.593248,0.6189436290301102,39.3946,320.8934,335.803,0.2130156667129401,0.658149,0.5103389603211219,13.7384,40.58620000000002,43.3759
1687242653690,0.207711714008054,1.07438,0.23285070044207,353.934,320.38190000000003,7.82727,0.2764941472858188,0.593249,0.6189693895486578,39.396,320.8977,335.845,0.2129992732870527,0.65825,0.5103234601408755,13.7104,40.59739999999999,43.3995
1687242653745,0.2076368997616518,1.07441,0.2330319539345474,353.963,320.4085,7.7331,0.2765390432283478,0.593202,0.619095775284975,39.4113,320.8986,335.79,0.2127718098059697,0.6584,0.510449259046966,13.6986,40.60050000000001,43.5575
1687242653802,0.2078250314483102,1.07438,0.2333669098547445,354.008,320.50800000000004,7.67434,0.2765184781813188,0.593266,0.6193634580801649,39.4258,320.9248,335.802,0.2126403828195732,0.658569,0.5104686484060774,13.6417,40.60970000000003,43.6246
1687242653857,0.2079998189581046,1.07418,0.2336855276923178,354.047,320.6542,7.65972,0.276444335807503,0.593292,0.6194612277503339,39.445,320.9466,335.874,0.2125661159234143,0.658663,0.5105015182727476,13.605,40.6182,43.6341
1687242653913,0.2083167365387053,1.07409,0.2342146592894712,354.108,320.8091,7.60067,0.2765157264023375,0.59328,0.6195193344020116,39.4636,320.9608,335.84,0.2124826202927543,0.658709,0.5106392443765213,13.5691,40.6481,43.7362
1687242653968,0.208495046578243,1.07389,0.2344900036734707,354.209,320.9032,7.56746,0.2769000481917621,0.593297,0.6188962222434289,39.4531,320.96500000000003,335.84,0.2124239296738294,0.65872,0.5106953818083311,13.5508,40.6669,43.7619
1687242654024,0.2086143498025543,1.07388,0.2348012395015318,354.235,320.9169,7.51966,0.2770048242769495,0.593226,0.6185745718556275,39.4792,320.9649,335.837,0.2122226999920138,0.658689,0.5107614999991446,13.5565,40.65629999999999,43.8687
1687242654080,0.208803167197615,1.07373,0.2350599226886981,354.309,320.9175,7.42694,0.2770156547466819,0.593231,0.6185817621911813,39.4724,320.9577,335.821,0.2121947973058998,0.6587,0.5108186877610139,13.55,40.65809999999999,43.8898
1687242654136,0.2089668890288065,1.07363,0.2352487616729978,354.346,320.9742,7.34741,0.2770740568409371,0.593228,0.6185198009501786,39.4652,320.9546,335.817,0.2121135179123295,0.658757,0.5108105231923881,13.538,40.6515,43.9186
1687242654191,0.2091956905291037,1.07362,0.2355312202955635,354.373,321.0186,7.31467,0.2770732258564679,0.593228,0.618520357245794,39.4646,320.9546,335.819,0.2120789396788294,0.658766,0.5108577391406262,13.534,40.64080000000001,43.9377
1687242654247,0.2092861266151162,1.07366,0.2356860857673341,354.357,321.08570000000003,7.3117,0.2770732258564679,0.593229,0.618520357245794,39.4657,320.9551,335.821,0.2120726079993767,0.658757,0.5108824354932983,13.5348,40.6404,43.9424
1687242654302,0.2093353414823182,1.07364,0.2357506140312678,354.389,321.11310000000003,7.29732,0.2770732258564679,0.593228,0.618520357245794,39.4645,320.9545,335.819,0.2120731642949922,0.658758,0.5108832664777676,13.5341,40.64080000000001,43.9404
1687242654358,0.209250311268042,1.07349,0.2356667399431348,354.425,321.0392,7.36562,0.2770732258564679,0.593228,0.618520357245794,39.4641,320.954,335.82,0.2120731642949922,0.658758,0.5108832664777676,13.5349,40.64089999999999,43.9403
1687242654414,0.2090933756707637,1.07341,0.2355455614866877,354.461,320.9169,7.41624,0.2770732258564679,0.593228,0.618520357245794,39.4644,320.9542,335.818,0.2120726079993767,0.658759,0.5108824354932983,13.5361,40.638000000000034,43.9386
1687242654470,0.2090347037780982,1.07346,0.2354669064867763,354.474,320.91540000000003,7.38115,0.2772641695558149,0.593182,0.6185862776802562,39.467,320.932,335.727,0.212072326392615,0.658757,0.5108802172287443,13.531,40.63670000000002,43.9416
1687242654525,0.2090315902404391,1.07339,0.2352896854217664,354.456,320.9805,7.40781,0.2773293281848873,0.593241,0.6184319457229128,39.4665,320.9568,335.817,0.2120778250601341,0.65897,0.5107104681060498,13.5439,40.55669999999998,44.0025
1687242654582,0.2090491564912647,1.0733,0.2351936884070632,354.428,321.0009,7.46238,0.2773173643702,0.593219,0.6184122767845041,39.4568,320.95910000000003,335.822,0.2121145247074769,0.65909,0.5106124929261067,13.526,40.563499999999976,43.9891
1687242654637,0.2090724615089234,1.07319,0.2349085272663866,354.456,320.9751,7.46145,0.2774143376454395,0.593254,0.6185050031771295,39.4359,320.962,335.77,0.2121806180896378,0.65922,0.5105116878427302,13.5151,40.56819999999999,43.9528
1687242654693,0.2091016269527791,1.07327,0.2347867143898724,354.435,320.91560000000004,7.51813,0.2773962684147977,0.59326,0.6184834044988363,39.4251,320.9515,335.793,0.2121497125523918,0.65925,0.5104493432538108,13.4992,40.5788,43.9455
1687242654748,0.209141569550568,1.07328,0.2347888565574388,354.418,320.8775,7.54678,0.2774056839328134,0.593145,0.6184758979669811,39.4402,320.9389,335.778,0.2122131766504502,0.659199,0.5104237052301421,13.5144,40.60040000000004,43.9552
1687242654803,0.2092896646517056,1.07316,0.2347835800984893,354.477,320.87870000000004,7.46459,0.2774525560131182,0.593169,0.6184758080341777,39.4201,320.9284,335.752,0.2123190071206256,0.659162,0.5103624850408053,13.5301,40.6137,43.9031
1687242654860,0.209396083144057,1.07324,0.2350288312034524,354.451,320.9067,7.41873,0.2774724394066735,0.593114,0.618575616103294,39.4192,320.9276,335.75,0.2123284226386415,0.659173,0.5103549785089498,13.5117,40.617200000000025,43.8931
1687242654915,0.2095164949046706,1.07328,0.2350505108691766,354.476,320.94890000000004,7.41783,0.2774724394066735,0.593114,0.618575616103294,39.4189,320.92810000000003,335.751,0.2124267811665013,0.659177,0.5103023705247914,13.5258,40.637,43.8429
1687242654971,0.2095451150257474,1.07335,0.2352226906841074,354.465,320.969,7.40003,0.2774724394066735,0.593115,0.618575616103294,39.4199,320.9287,335.752,0.2124463809258306,0.659153,0.5102543512637159,13.5349,40.65280000000001,43.848
1687242655026,0.2095434530568088,1.0732,0.2352238032753383,354.539,320.9731,7.39499,0.2774724394066735,0.593114,0.618575616103294,39.4191,320.9282,335.75,0.2125056555120029,0.659154,0.5102134669949306,13.5413,40.66820000000001,43.8288
1687242655082,0.2094704143288517,1.07305,0.2351740203041693,354.586,320.969,7.44774,0.2774724394066735,0.593114,0.618575616103294,39.4192,320.9273,335.751,0.2125764808658496,0.659159,0.5101215280518624,13.5325,40.68790000000001,43.7893
1687242655138,0.2094691584890181,1.07304,0.2352422509634532,354.635,320.9282,7.49404,0.2774724394066735,0.593114,0.618575616103294,39.4172,320.9261,335.75,0.212589667958295,0.659097,0.510200547673431,13.5339,40.68760000000003,43.7793
1687242655194,0.2094195513285272,1.07312,0.2351178157207444,354.626,320.97720000000004,7.48426,0.2775957986751556,0.593101,0.6186879837626964,39.3622,320.861,335.599,0.2125546441157068,0.659077,0.510304621351421,13.541,40.68900000000002,43.797
1687242655250,0.2094673166544728,1.0731,0.2351496193940748,354.591,321.0486,7.50613,0.277517032988717,0.593205,0.6186889669411406,39.3538,320.8866,335.699,0.2125621714012858,0.659038,0.5103248535033532,13.5213,40.6959,43.7467
1687242655305,0.2094874291745055,1.07295,0.234935188783998,354.591,321.0593,7.55411,0.2774568305673641,0.593196,0.6186799298805978,39.3566,320.89070000000004,335.722,0.2126187149622005,0.6589,0.510450662190331,13.5377,40.692300000000046,43.7039
1687242655361,0.2094324023064623,1.07288,0.2347325510683738,354.63,321.0029,7.55786,0.2774902892917252,0.593297,0.6186274464187825,39.3324,320.8903,335.656,0.2126383236669021,0.658849,0.510551857539532,13.5179,40.69479999999999,43.685
1687242655417,0.2093805561276936,1.07298,0.2345975807985102,354.586,320.9202,7.60652,0.2774337664845344,0.593366,0.6185124543657212,39.3239,320.8799,335.679,0.2125950729945165,0.658728,0.5107047607093429,13.5067,40.69420000000002,43.6883
1687242655472,0.2093853690868104,1.07305,0.2345041044088466,354.553,320.8909,7.65341,0.2773875801126319,0.593343,0.6184362715654937,39.3413,320.8732,335.676,0.2125908855100946,0.658565,0.5108351235298639,13.5194,40.69799999999998,43.7061
1687242655528,0.2095270030957086,1.07296,0.2346006280200693,354.605,320.9194,7.5927,0.2773789955790853,0.593472,0.6184432218017335,39.3311,320.86920000000003,335.658,0.2126951508620428,0.658567,0.5108254935567016,13.5175,40.70820000000003,43.6674
1687242655585,0.2096458912455427,1.07287,0.234695531169801,354.593,320.9572,7.56378,0.2774011920604418,0.593479,0.6184476168233939,39.3262,320.8675,335.653,0.2127095384510585,0.658532,0.5108074381618757,13.497,40.71640000000002,43.7008
1687242655639,0.2096797324823055,1.07296,0.2349869617287586,354.591,320.9703,7.53241,0.2774011920604418,0.59348,0.6184476168233939,39.3251,320.869,335.656,0.212700212865846,0.658517,0.5108618167740357,13.52,40.723100000000045,43.6636
1687242655698,0.2097102200820951,1.0729,0.2351205862259852,354.666,320.9787,7.49566,0.2774011920604418,0.59348,0.6184476168233939,39.3261,320.86830000000003,335.654,0.2126554365552165,0.6584,0.5109423343622163,13.5169,40.72969999999998,43.6879
1687242655751,0.2097449456191266,1.07279,0.2352946957808003,354.702,321.00010000000003,7.43532,0.2774011920604418,0.59348,0.6184476168233939,39.3261,320.86850000000004,335.655,0.2127194846205222,0.658272,0.5109319495015722,13.5288,40.73810000000003,43.6536
1687242655806,0.2099126030270743,1.07265,0.2355109849242176,354.812,321.0937,7.45491,0.2774017483560573,0.59348,0.6184484478078632,39.3251,320.8679,335.655,0.2129449906900891,0.658289,0.5107978338328809,13.5226,40.747900000000016,43.597
1687242655862,0.209931667244512,1.07257,0.2354729513125893,354.937,321.213,7.51421,0.277400917371588,0.593479,0.6184490041034787,39.3223,320.86400000000003,335.652,0.212887535157274,0.658316,0.5107749239714904,13.5231,40.74130000000002,43.6307
1687242655918,0.2096325344248121,1.07273,0.2352508127158116,354.916,321.2737,7.48877,0.2774067342628729,0.593475,0.6184451100341702,39.3143,320.866,335.638,0.2127893080696651,0.658602,0.5108960373037865,13.5281,40.6576,43.5764
1687242655974,0.2093070717906483,1.07258,0.2346046555570932,354.996,321.2251,7.62736,0.2775111420279088,0.593545,0.6187988090850598,39.1472,320.7548,335.467,0.2125580058625372,0.658965,0.5110448636757028,13.4331,40.60079999999999,43.608
1687242656029,0.2088662781259335,1.07251,0.2338383495182631,354.938,321.13,7.78868,0.2774121531349103,0.593758,0.6189565341593597,39.1516,320.7928,335.569,0.2125317443916378,0.659116,0.5110901222124247,13.4085,40.60000000000002,43.5615
1687242656084,0.2086060017924739,1.07233,0.2330522825807567,354.977,321.0136,7.95841,0.2773748210949645,0.593836,0.6190140173638066,39.1525,320.8177,335.579,0.2126248838312761,0.659166,0.5110638725498768,13.3806,40.61070000000001,43.5421
1687242656141,0.2085265956035749,1.07229,0.2324303375211537,354.968,320.9744,8.02972,0.2773830064173141,0.593927,0.6189435546041528,39.1638,320.8387,335.595,0.2128615207035966,0.659034,0.5108043730495722,13.4032,40.66890000000001,43.4589
1687242656196,0.2085878512179666,1.0723,0.2321209740622488,354.861,320.981,8.0348,0.277316883336057,0.593964,0.6188843284433362,39.1635,320.8473,335.639,0.2129184525028716,0.658948,0.5106988705840497,13.4215,40.68000000000001,43.4282
1687242656252,0.2086914040253957,1.07223,0.2317399729912878,354.818,320.9252,8.04995,0.2773059718788935,0.594006,0.6189794806377542,39.1438,320.8723,335.683,0.2128800542695862,0.658967,0.5106343215663922,13.3991,40.67309999999998,43.4138
1687242656307,0.2088085382460237,1.07254,0.2316435075863082,354.588,320.85380000000004,8.03163,0.2772993557296997,0.594083,0.619289571312509,39.1079,320.8451,335.616,0.2129731314480529,0.658972,0.5105756220020949,13.3949,40.68920000000003,43.3476
1687242656363,0.2091296579823771,1.07277,0.2316162657999437,354.549,320.9195,8.02951,0.2771649458103802,0.594151,0.6196334666070225,39.1048,320.8339,335.577,0.213046788732797,0.658902,0.5106586858594826,13.4385,40.688800000000015,43.3515
1687242656419,0.2094107630788829,1.07304,0.2318384389862614,354.425,320.99170000000004,8.14519,0.2769455195126004,0.59423,0.6199006989026805,39.092,320.8182,335.625,0.2130065714461544,0.658908,0.5106579309720009,13.4434,40.68830000000003,43.353
1687242656475,0.2097171159332327,1.07296,0.2322097783574997,354.458,321.07120000000003,8.05666,0.2768939471871705,0.594203,0.6201975630050064,39.0951,320.7863,335.512,0.21300712774177,0.658908,0.5106587619564702,13.4453,40.6902,43.3544
1687242656531,0.2099391124733571,1.07296,0.2325593688839343,354.448,321.2052,7.936,0.2768649319098253,0.594272,0.6202530887979372,39.0697,320.77520000000004,335.506,0.2130857827416813,0.65914,0.5106000900638048,13.4957,40.70800000000003,43.3512
1687242656586,0.2103383687229597,1.07282,0.2332150917271792,354.517,321.43350000000004,7.89731,0.2768112202798081,0.5943,0.6203022829114151,39.0475,320.7677,335.487,0.2131137615247829,0.659175,0.5105825632929626,13.4882,40.72059999999999,43.3327
1687242656642,0.2105723221598634,1.07255,0.2335807456473838,354.639,321.5982,7.87616,0.2769682535633128,0.59412,0.6200407173405313,39.0314,320.7564,335.488,0.213068269806655,0.659111,0.5105793223699808,13.4985,40.72199999999998,43.3445
1687242656698,0.2104764447770597,1.07262,0.2337700827210559,354.663,321.62080000000003,7.79048,0.2769744814741462,0.594172,0.6199619378182769,39.0169,320.7733,335.438,0.2130096532572533,0.659203,0.5105295117271801,13.4582,40.73320000000001,43.3998
1687242656754,0.2103280680691603,1.07246,0.2337731409154514,354.651,321.6897,7.85346,0.2768738424205607,0.594192,0.6199823775074478,39.0126,320.7903,335.508,0.21310247650059,0.659237,0.5104830160768841,13.4671,40.75020000000001,43.3049
1687242656809,0.2102576537348623,1.07226,0.2337901944055737,354.733,321.81370000000004,8.03052,0.2767946034534019,0.594207,0.6200257962370885,39.0168,320.7926,335.513,0.2130937002930851,0.659133,0.5105346201288745,13.4742,40.76010000000002,43.345
1687242656864,0.2102364217056905,1.07215,0.2339993575020732,354.847,321.9764,8.1123,0.2769589072243765,0.594133,0.6200842793187749,39.0077,320.78430000000003,335.474,0.2131549530444974,0.659137,0.5105128692566063,13.4611,40.784400000000005,43.3158
1687242656920,0.2100641470675128,1.07206,0.2341231090638441,354.857,322.0403,8.14391,0.2770343607812897,0.59406,0.6199471233464326,39.0088,320.7815,335.5,0.2133031775584218,0.659062,0.5104304890801566,13.4788,40.8331,43.2786
1687242656976,0.2099942239046793,1.07183,0.2343961562233226,355.03,322.1338,8.13974,0.2769992213617305,0.59392,0.6201355118312002,38.9987,320.7693,335.489,0.2135009103546614,0.658991,0.5102764574558346,13.4863,40.88589999999999,43.2421
1687242657032,0.2099174799183927,1.07148,0.2345835151317548,355.13,322.2287,8.08279,0.2769530923605559,0.593925,0.6202337824537212,38.972,320.7699,335.472,0.2136982231859801,0.659013,0.510048096674182,13.4561,40.96809999999999,43.1629
1687242657087,0.2098756234439998,1.07136,0.234740298535058,355.171,322.29040000000003,8.05792,0.27687374270687,0.593956,0.6202195124691408,38.9451,320.777,335.497,0.2137764789746947,0.658887,0.5099259122581027,13.4085,41.0256,43.1356
1687242657143,0.2098563972516999,1.07161,0.2349830172066301,355.064,322.3921,8.07404,0.2767669103319908,0.593952,0.6203367594037603,38.9329,320.786,335.5,0.2139465007587785,0.658863,0.5097844145798993,13.4007,41.07850000000002,43.0495
1687242657199,0.2099807653427937,1.0717,0.2350429636653886,355.084,322.494,8.15639,0.2767290289143374,0.593935,0.6203970171683768,38.9225,320.7693,335.497,0.2141119911905071,0.658795,0.5097386115559135,13.4081,41.1225,43.0279
1687242657254,0.2099899338435875,1.07185,0.2350512665921734,354.945,322.4318,8.20054,0.2768221101477327,0.593813,0.620629535735355,38.9191,320.7629,335.459,0.2142379243998282,0.658634,0.5097469677984977,13.4498,41.14859999999999,43.0506
1687242657310,0.2100178345022373,1.07174,0.2348484697646665,355.019,322.39570000000003,8.19608,0.2768291157272361,0.593821,0.6206669646260121,38.9048,320.7547,335.455,0.2143222530424218,0.658614,0.5097542944647462,13.4352,41.16840000000002,43.0266
1687242657365,0.2099455990871176,1.07174,0.2347837083193268,354.957,322.3141,8.2799,0.2768218077872472,0.593874,0.6206165008368845,38.8933,320.7439,335.444,0.2143173363146857,0.65856,0.5097936876848275,13.4326,41.17830000000004,43.0274
1687242657421,0.2099418600747634,1.07164,0.2345696008234593,355.06,322.2778,8.2622,0.2768218077872472,0.593874,0.6206165008368845,38.8924,320.7443,335.444,0.214286418969088,0.658439,0.5098697410722681,13.4403,41.18490000000003,43.0459
1687242657477,0.2098516294985252,1.07176,0.2343772926252157,354.97,322.3045,8.26351,0.2768218077872472,0.593874,0.6206165008368845,38.8936,320.744,335.444,0.2142477391290408,0.658524,0.5098029737900565,13.4166,41.18330000000003,43.0671
1687242657533,0.2097798811999415,1.0717,0.234277306717957,354.97,322.3886,8.32659,0.2767601004813743,0.593894,0.620545894828628,38.8697,320.759,335.482,0.2143977896142304,0.658505,0.5096604050280698,13.4152,41.21820000000002,42.9827
1687242657589,0.2095558047534221,1.0715,0.2340001086910605,354.984,322.3181,8.41197,0.2767936076310912,0.593906,0.6205186501792843,38.8656,320.7681,335.498,0.2144158380911483,0.65848,0.5096711870724465,13.4145,41.23829999999998,42.9932
1687242657644,0.2092146010041827,1.07144,0.2338229816137828,355.081,322.1809,8.45924,0.2768836652596306,0.593906,0.6206208197615574,38.8659,320.779,335.462,0.2143931337395321,0.658496,0.5096911998787885,13.3867,41.2364,42.9757
1687242657700,0.2088713381022722,1.07149,0.2337290636699595,355.027,322.0903,8.55209,0.2768606170400811,0.593873,0.620606164401596,38.881,320.7788,335.498,0.2143992737450264,0.658494,0.509711157341867,13.3912,41.23950000000002,42.979
1687242657756,0.2086833280749777,1.07148,0.2337466201398977,355.086,322.0776,8.62784,0.276888293462697,0.593805,0.6205756027322833,38.8961,320.76980000000003,335.485,0.2143987174494109,0.658495,0.5097103263573978,13.3908,41.23840000000001,42.9772
1687242657811,0.2086041513689905,1.07135,0.233822488771288,355.122,322.034,8.60869,0.2770329282952628,0.593785,0.6206460496286569,38.8938,320.7692,335.475,0.2143987174494109,0.658495,0.5097103263573978,13.3909,41.23770000000002,42.9756
1687242657867,0.2085212515139294,1.07133,0.2338370700617263,355.112,322.01210000000003,8.58426,0.27707504073225,0.593755,0.62062267137699,38.8952,320.7705,335.475,0.2143992737450264,0.658494,0.509711157341867,13.3898,41.23919999999998,42.978
1687242657922,0.2085715602461028,1.07145,0.2340380527263198,355.111,322.0513,8.57847,0.2770742097477807,0.593756,0.6206232276726055,38.8952,320.7705,335.478,0.2143984427605571,0.658495,0.5097117136374826,13.391,41.2398,42.9759
1687242657979,0.2086984074547884,1.07134,0.2340891192089542,355.148,322.10450000000003,8.55546,0.27707504073225,0.593755,0.62062267137699,38.8949,320.7701,335.476,0.2143987174494109,0.658495,0.5097103263573978,13.391,41.23840000000001,42.9773
1687242658034,0.208841324975152,1.07132,0.2341318343394481,355.109,322.096,8.4984,0.27707504073225,0.593755,0.62062267137699,38.8946,320.77070000000003,335.476,0.2143992737450264,0.658496,0.509711157341867,13.3924,41.23860000000002,42.9746
1687242658090,0.2090148782343515,1.07116,0.2340962778179477,355.165,322.13640000000004,8.49405,0.27707504073225,0.593755,0.62062267137699,38.8945,320.7704,335.476,0.2143987174494109,0.658495,0.5097103263573978,13.3907,41.23840000000001,42.9769
1687242658145,0.2091574588046898,1.07117,0.234107930326777,355.134,322.17810000000003,8.51982,0.27707504073225,0.593755,0.62062267137699,38.8949,320.7705,335.477,0.2143574982580646,0.658582,0.5097655982151986,13.3867,41.31560000000002,42.9757
1687242658201,0.209482379814569,1.07117,0.2343272459380295,355.172,322.309,8.48756,0.27707504073225,0.593755,0.62062267137699,38.8946,320.7693,335.475,0.2146791722625692,0.658497,0.5095935783476658,13.4031,41.29540000000003,42.9626
1687242658257,0.2095464921685106,1.07124,0.2344949200447726,355.113,322.38390000000004,8.45863,0.2771709962395055,0.593796,0.6206186043599826,38.8652,320.7545,335.414,0.2148619680920857,0.658516,0.5094603766783393,13.385,41.2955,43.0143
1687242658313,0.2095032760856647,1.07099,0.2346658509377774,355.154,322.3768,8.38715,0.2771466763168421,0.593825,0.6205193595043897,38.8585,320.7717,335.513,0.2149926243277201,0.65848,0.5093283844509551,13.3864,41.31870000000004,42.965
1687242658368,0.2094078373940412,1.07071,0.2347947247370588,355.242,322.3669,8.38529,0.277154478291275,0.593773,0.6205382043762373,38.8538,320.76660000000004,335.481,0.2149950965274041,0.658442,0.5093158989301921,13.3837,41.31760000000003,42.9807
1687242658423,0.2094627694388374,1.07083,0.235092493893377,355.185,322.4239,8.3798,0.2772038571608034,0.593776,0.6205436566458651,38.8442,320.7574,335.441,0.2149403187040472,0.658486,0.5092430608215657,13.3657,41.301900000000046,42.9682
1687242658480,0.2097803955090286,1.07185,0.2357017784570539,354.616,322.574,8.74712,0.2771918656744843,0.593721,0.6205095655289009,38.8633,320.7715,335.48,0.2148989265650021,0.658438,0.5092081940633959,13.3774,41.32370000000003,43.0121
1687242658535,0.2101157054344805,1.0741,0.2362763602648877,353.504,322.6019,9.8446,0.2771109834646467,0.593619,0.6204193044180515,38.8851,320.7618,335.457,0.2148031578412612,0.658523,0.5093096107856515,13.362,41.34870000000001,43.153
1687242658592,0.2103413120532531,1.07466,0.235471887982229,353.002,322.79630000000003,10.5697,0.2771194385854064,0.593621,0.6204894578993119,38.8672,320.7293,335.397,0.2144917649287815,0.65867,0.5094915955489075,13.3597,41.390300000000025,43.2779
1687242658646,0.2101030540065731,1.07384,0.2337300286012248,353.465,322.5435,11.0981,0.2772628175781385,0.593546,0.6206281354549693,38.9671,320.7434,335.378,0.2135758499589217,0.660157,0.5097268821145817,13.1032,41.781600000000026,43.511
1687242658702,0.208681945807983,1.07374,0.2311470155373981,353.719,321.3039,11.8785,0.2775907996453926,0.594118,0.6207082151874845,38.8545,320.76030000000003,335.473,0.2134737039933519,0.660304,0.509540143790401,12.983,41.9513,43.5277
1687242658758,0.2065261908033413,1.07263,0.2284480927226509,353.751,319.8402,12.2833,0.2776671663661554,0.594,0.621046991107467,38.8332,320.7628,335.081,0.21367643044983,0.659847,0.5089531582847505,13.1684,42.02880000000005,43.417
1687242658814,0.2042114488021732,1.07082,0.2252815844772758,354.45,318.49580000000003,12.417,0.2774180448085869,0.594163,0.6208707967558134,38.7364,320.6846,335.082,0.2141127139949943,0.659743,0.5083807015892539,13.058,42.210800000000006,43.3003
1687242658870,0.2011223338797757,1.06955,0.2222544052628551,354.363,316.94550000000004,12.7544,0.2777754173912455,0.59501,0.6202236068013456,38.6416,320.6968,335.211,0.2147924532084677,0.66023,0.5074888245788615,13.0087,42.450500000000034,42.973
1687242658925,0.198906179532945,1.0681,0.2187210503541284,354.576,315.6542,13.8518,0.278203111868854,0.595415,0.620812156233274,38.4416,321.0201,335.397,0.2146689791985298,0.660619,0.5070275500739625,12.7234,42.56870000000004,42.9803
1687242658981,0.1969345551576203,1.06711,0.2155727436151614,354.121,314.6597,15.0803,0.2784460787495972,0.595339,0.6213944036848459,38.4043,321.0045,335.171,0.2147508849023101,0.66059,0.5066393794211713,12.7037,42.59710000000001,42.9702
1687242659037,0.1966322922241123,1.06499,0.2129964590580856,353.747,314.7404,16.0931,0.2785945356094126,0.595629,0.6217222246127527,38.0881,321.0442,335.096,0.2155310369058711,0.660713,0.5057536888141647,12.8293,42.88980000000004,43.209
1687242659093,0.1972853305626375,1.06235,0.2101861991184329,354.606,315.7361,16.8938,0.2788556987496858,0.596015,0.6210913055892937,37.6944,321.2457,335.339,0.2164949398893266,0.660775,0.5037870876755284,12.4835,43.80799999999999,43.2662
1687242659148,0.1967065431458494,1.06048,0.2068840638810194,353.772,315.6881,18.0008,0.2797993972528409,0.599593,0.6191466539147917,35.8389,321.3542,335.411,0.2162912347884135,0.66018,0.5031412516035549,12.7605,43.62800000000004,43.5478
1687242659203,0.1958982608895855,1.05702,0.2013480324690593,354.192,315.0084,18.0078,0.2814652789869575,0.602905,0.6179050871433549,33.346,321.132,334.454,0.2170018214555364,0.660196,0.500113161018961,12.3703,43.81999999999999,43.1133
1687242659260,0.1955572971285187,1.05267,0.195224785233022,354.996,314.07210000000003,17.9669,0.2838289528228286,0.605732,0.6170856959073641,31.4275,320.74420000000003,332.745,0.218225069361423,0.660631,0.497146213334767,11.9888,43.926000000000045,41.9873
1687242659315,0.1947074209219297,1.04821,0.1889704955504542,355.845,313.22601000000003,17.7423,0.2869380762628517,0.609571,0.616374982579292,29.2085,321.0786,331.852,0.2183382542921252,0.660964,0.4945577602887447,11.426,44.031000000000006,41.5746
1687242659371,0.1930821177655576,1.04436,0.1836071570705625,356.239,312.14709,17.5101,0.2900457651893837,0.611317,0.6162175864678067,28.2491,321.495,330.891,0.2188176209315007,0.660776,0.4921549842640071,11.2161,43.825000000000045,40.9678
1687242659426,0.1912626327271896,1.04052,0.1803931036803471,356.882,311.19487000000004,17.1302,0.2928580700894572,0.612697,0.6157681522134131,27.5492,322.07210000000003,330.36,0.2191369860257792,0.660785,0.4899122691825586,10.9608,43.38159999999999,40.1509
1687242659482,0.1892173561913524,1.0377,0.1804891083258269,357.425,310.88896,16.7692,0.294858178856891,0.613866,0.6152595365250643,27.1106,322.4399,329.605,0.2196418681939445,0.660282,0.4876536665180182,10.753,43.32190000000003,39.855
1687242659538,0.186803828055122,1.03647,0.1836572001703958,357.848,310.98438,16.5389,0.2974563632607962,0.613593,0.6143734085414729,26.0611,322.6545,326.922,0.2201665323709444,0.659808,0.4865984501888359,10.8838,43.13409999999999,39.5103
1687242659593,0.1838346256005115,1.03722,0.1881973022379198,358.331,311.17359,15.8888,0.2975368259847938,0.61183,0.6129440664725311,27.0404,323.0829,327.45,0.220351401188948,0.659627,0.4863892504753324,10.8769,43.31170000000003,39.723
1687242659649,0.1787663853627415,1.04231,0.1922785335340177,358.005,309.74976000000004,15.1896,0.296692554352949,0.609349,0.6126464250579696,28.0748,322.95570000000004,327.982,0.2207291910360235,0.659421,0.4866983262450824,11.0028,43.258500000000026,39.6675
1687242659705,0.1742105341814264,1.04829,0.1951226300537772,358.007,307.02054000000004,13.975,0.2960386611794636,0.605469,0.6122646584831244,29.3912,322.24150000000003,326.792,0.2199927978088961,0.660502,0.4908760846171093,11.1913,43.43990000000002,41.0412
1687242659761,0.1716487139005758,1.05488,0.1999279297165064,359.153,305.82176,13.6215,0.292623239036405,0.601133,0.6120540460791565,31.2548,322.5142,328.12,0.2199833548530365,0.660604,0.4943385477332428,11.6366,43.83500000000004,41.6712
1687242659818,0.169852938682871,1.0621,0.20675836047653,359.944,306.05359,14.0147,0.2890127304364389,0.598827,0.6126539491126303,33.2788,322.1468,328.673,0.2173777218782261,0.659244,0.4998711447545865,12.9374,43.91399999999999,42.9498
1687242659872,0.1677494211806209,1.06953,0.2155288945034709,359.602,306.72450000000003,14.6326,0.2860853052624666,0.598124,0.6138158406096268,34.2733,322.8534,331.794,0.2140869227080477,0.657659,0.5052017583985822,13.4048,44.214,45.6061
1687242659927,0.1656834830919728,1.07519,0.225238188237511,359.302,307.34511000000003,14.8541,0.2857762329459181,0.597056,0.6183874490030856,34.5604,322.0578,330.666,0.2136347049366075,0.658192,0.5106237210586523,13.6173,44.61099999999999,46.5345
1687242659983,0.1639214513021582,1.07868,0.2352001199764702,359.267,307.854,14.9449,0.286185298788997,0.596364,0.6241558341441824,35.3582,321.5108,328.084,0.2146434429045113,0.659618,0.5152565916279763,13.9084,44.763000000000034,46.099
1687242660039,0.1624700754280859,1.08106,0.245318713459369,359.12,308.43580000000003,15.2296,0.2841335035448996,0.596154,0.6290938382223804,36.2758,320.4211,326.531,0.2141203656687653,0.661029,0.5193071914854597,13.8229,44.81400000000002,45.7985
1687242660095,0.1619924986105473,1.08282,0.2544364216354048,359.266,309.03654,15.5431,0.279830337122829,0.596736,0.6325257105603272,36.2553,319.23290000000003,326.408,0.2128533811659064,0.662315,0.5230410975192955,13.8903,44.60900000000004,45.7138
1687242660150,0.1622345706857613,1.08536,0.261779923940872,359.429,309.68456000000003,15.6619,0.2765018284133932,0.595925,0.6349705634743508,36.5516,318.6461,325.941,0.2110375989904645,0.663752,0.5268162723617826,13.987,44.00300000000004,46.1024
1687242660205,0.1637814076532011,1.08897,0.267444893084315,359.659,310.39053,15.2632,0.2761260451160581,0.594698,0.636719148020046,36.6199,322.9572,330.737,0.2100385557519348,0.663642,0.5294044836374608,13.9176,44.057000000000016,46.6402
1687242660261,0.1664905664651725,1.09281,0.2719250091019553,358.809,311.61242,14.9202,0.2783035286908604,0.594125,0.6378776238641906,35.832,325.4965,331.51,0.210611452330561,0.661777,0.5303591346261465,14.7241,44.495000000000005,47.4204
1687242660318,0.1717951771074081,1.09524,0.2740948070036689,357.274,313.57688,14.6134,0.2782819254785579,0.597906,0.6390497489860176,32.6523,330.93080000000003,336.428,0.2121124048190081,0.661459,0.5290221983421657,14.6617,44.442999999999984,46.5205
1687242660373,0.1806303692901502,1.09522,0.2746267318987564,355.334,317.1419,13.9075,0.2778438379078017,0.602845,0.6402720416188797,28.8615,336.1055,340.939,0.2139669029724206,0.661953,0.5269227015931827,14.6759,43.6191,44.8085
1687242660429,0.1930177860621189,1.09232,0.2732367352377721,353.823,322.1302,13.4089,0.276645625933804,0.604994,0.639519392254721,25.2805,338.0332,342.96,0.2147421835768337,0.665167,0.5229198768425322,13.0688,42.01490000000001,42.3131
1687242660495,0.2062341258894386,1.0886,0.2677586642662709,353.138,326.9393,11.985,0.279914271555811,0.609354,0.6382542263376434,22.0147,342.0528,344.717,0.2126080167567294,0.670586,0.5184627870987681,10.1425,39.72040000000004,39.5596
1687242660555,0.2229976572884093,1.08387,0.2584582750251842,352.533,331.8457,10.0158,0.285849379117979,0.612198,0.6345385440011814,18.9838,344.7248,344.05,0.2103739772224387,0.673002,0.512835469410986,7.57635,37.88580000000002,39.3881
1687242660610,0.2361914882592118,1.07907,0.2497774024127165,352.184,335.3102,8.61453,0.2893747921457302,0.611382,0.6306405508016282,20.3585,345.1949,342.693,0.2090114019681326,0.672676,0.5057775693212743,5.33612,37.96469999999999,41.3045
1687242660665,0.2480450772553352,1.0734,0.2409082840850031,352.153,338.4645,7.23479,0.2916797731014241,0.6126,0.6262623091689761,19.8335,346.8875,342.966,0.2104534728880699,0.671944,0.4981814974770991,3.39191,38.8578,41.9443
1687242660722,0.2591650880226456,1.06712,0.2332029496642979,352.065,341.4269,6.0188,0.295224759408822,0.613251,0.6228807052477042,20.2789,344.9784,338.661,0.2119209193076079,0.671143,0.4915239314048934,3.70003,37.1533,39.0085
1687242660777,0.2685974719095296,1.06028,0.2261027040903441,352.397,344.367,4.66231,0.300012168403425,0.617492,0.6190091351374784,15.8141,344.4365,332.156,0.2114365939654728,0.670533,0.4870057098562123,4.17158,34.85239999999999,36.4556
1687242660833,0.2776022511289623,1.05422,0.2209181075574139,352.792,347.2314,3.39786,0.3038591776676633,0.619955,0.6157659043839141,12.2405,349.4897,329.659,0.2101640354224807,0.669556,0.4845097772139606,5.09441,32.057000000000016,34.3404
1687242660888,0.2844973003310158,1.05035,0.2177968872029271,353.003,349.55490000000003,1.99654,0.3064473573394274,0.618561,0.6140019809199659,11.126,357.4787,332.985,0.2089534674631533,0.66974,0.4812202255399707,4.80058,31.76690000000002,33.9469
1687242660944,0.2899170069175784,1.04984,0.2175069190743853,353.083,351.8396,0.509197,0.3072302525330318,0.61833,0.6138232517510225,10.5867,1.9571000000000247,336.463,0.206898104138441,0.674986,0.4775046201245063,3.47205,31.464800000000025,32.4044
1687242661000,0.294748471913364,1.05429,0.2219971079339432,350.475,353.9883,359.234,0.3077527968445726,0.624191,0.6144096777416439,10.6511,359.9472,337.878,0.2044854214242229,0.678216,0.4767767663476298,1.82598,28.5634,29.7793
1687242661055,0.2999955471046563,1.05791,0.2272824956147974,349.507,356.3393,358.064,0.3107589989116081,0.632011,0.6170110055049509,9.46669,357.19460000000004,337.395,0.2079193295434305,0.676933,0.4763588668036715,2.55981,31.7629,29.0063
1687242661111,0.3049221005964463,1.06391,0.2360869680971516,347.987,358.58820000000003,356.783,0.3154849770713637,0.643569,0.6181277039573156,7.11749,355.7165,331.32,0.2126859837218641,0.679623,0.4754025687626712,2.21591,27.95010000000002,17.963
1687242661166,0.3089448526204937,1.0677,0.2465253830224658,347.607,0.3923000000000343,355.405,0.3155172108469365,0.663037,0.6188823131168892,2.95952,348.2772,326.7,0.2155248275220238,0.684289,0.4770762024974814,0.39227,27.419600000000003,10.7968
1687242661222,0.3131946777371532,1.07243,0.259381027521199,347.937,1.7109000000000378,354.425,0.3153858452861967,0.684159,0.6193673740300243,359.15,348.20410000000004,327.521,0.2172212901192886,0.688286,0.4826662772426062,0.812709,23.690800000000024,2.2551
1687242661278,0.318159586873973,1.07899,0.2735762901909464,349.103,3.5474000000000387,353.289,0.3143389993918487,0.699186,0.6197360401031675,356.317,346.7933,330.938,0.2159396770925852,0.690098,0.4868708753268211,357.93,19.47550000000001,351.614
1687242661334,0.3239180970291401,1.08758,0.2899924406164523,348.964,5.9178,352.127,0.3130908215954496,0.712797,0.6217076242856401,354.984,348.74670000000003,334.88,0.2128558612761742,0.687558,0.4949895748538669,357.977,16.423900000000003,341.569
1687242661390,0.3294650992734463,1.09427,0.3061771317504117,348.915,8.661900000000003,350.618,0.3103196071868042,0.722201,0.6242029951401056,354.473,347.7894,337.746,0.2093335745410904,0.684586,0.5044198746452762,355.688,12.187999999999988,330.624
1687242661445,0.3343220128686897,1.09768,0.3227744579003776,348.736,11.188300000000028,349.32,0.3087892544020653,0.731082,0.6265512081530672,351.245,348.1938,338.825,0.2033724086223937,0.686407,0.5153697429042905,351.542,9.655399999999986,322.104
1687242661501,0.3379121041812291,1.09815,0.3379863522389413,348.71,13.393100000000004,347.926,0.3063472111053268,0.73695,0.6301800340702,350.432,347.2377,339.5,0.1982229761720191,0.693789,0.5257039994541846,346.976,6.745999999999981,319.592
1687242661557,0.3408421209299874,1.09894,0.3503175628791013,349.818,14.585300000000018,347.046,0.3030449024411338,0.742065,0.632113956893478,348.945,345.77,344.291,0.1919493950388492,0.702566,0.5378931149580074,347.499,4.07850000000002,322.566
1687242661612,0.3434865933127988,1.103,0.3602574497404568,350.556,15.363400000000013,345.781,0.3022847482161498,0.746554,0.6324363100449113,344.069,347.8247,352.172,0.18798320348529,0.711119,0.5475375490814008,343.238,2.1766999999999825,319.764
1687242661668,0.3455700772319732,1.10939,0.3682214578242385,350.529,15.89100000000002,344.502,0.2990579531087892,0.752758,0.6306505389691253,341.554,351.4226,359.668,0.1833431312396364,0.718615,0.555634273021064,341.33,1.528599999999983,315.636
1687242661723,0.346967193746341,1.11434,0.3740564528066941,350.011,16.398300000000006,343.344,0.2969901157037263,0.760791,0.6341660425555583,343.613,351.8141,359.215,0.1795114674551248,0.729943,0.5600814533235099,338.594,0.7635999999999967,314.197
1687242661780,0.3472841184786375,1.11657,0.3780585687113199,349.03,16.52570000000003,342.677,0.2943820336783594,0.769088,0.6324955716192777,342.973,352.5753,1.40733,0.1740659175689072,0.740584,0.5638147788432999,339.503,358.83070000000004,318.428
1687242661835,0.3476284484094027,1.11709,0.3778412972249733,348.168,16.38069999999999,342.226,0.2915308331800013,0.776808,0.6262609308342636,338.753,352.8709,6.24312,0.1659182709854345,0.751934,0.5637130923111293,338.089,358.20390000000003,327.885
1687242661891,0.3466887395231766,1.11401,0.3733367075423109,348.289,15.557800000000045,342.219,0.2899381168578004,0.784514,0.6169214315052313,332.995,347.1062,14.4887,0.161607744031949,0.765105,0.5608513387607208,335.756,358.9488,331.613
1687242661946,0.3454780680405226,1.11029,0.3650784199134446,348.765,14.221600000000024,342.363,0.2891889877736376,0.792525,0.6060773506490562,329.819,347.0599,19.2613,0.1578591827607983,0.778995,0.5571500760847643,335.346,357.24830000000003,336.359
1687242662002,0.3434857765320845,1.10528,0.3528932379474087,348.997,12.499599999999988,342.271,0.28917425812187,0.79527,0.5943529366322553,327.237,348.988,22.6797,0.1565570805617702,0.787668,0.5498086076442351,334.609,355.2821,336.877
1687242662058,0.3419951294882437,1.09917,0.3392193848185102,349.226,10.679700000000024,342.739,0.2892956399609903,0.802001,0.579702212539258,322.967,347.1691,27.2525,0.1570769391881469,0.794065,0.5390211676787668,327.643,353.85110000000003,333.818
1687242662114,0.3409731397943291,1.0906,0.3249333517419163,349.689,9.129800000000046,343.318,0.286868630270908,0.805075,0.56312324426725,316.976,345.0273,31.8277,0.1592981157253727,0.796175,0.5249347061361906,321.871,356.3745,329.637
1687242662169,0.3410686219212278,1.08089,0.3106609835724974,350.939,7.534899999999993,343.891,0.2840368860609934,0.804877,0.5450570665384217,314.634,343.3429,35.3955,0.1597852690891327,0.792418,0.5101113228651497,327.768,1.7420999999999935,327.319
1687242662225,0.3410835677336865,1.06989,0.2964786315241702,352.581,6.275200000000041,344.024,0.279944016471326,0.801009,0.5243826072341986,314.384,338.4199,42.7132,0.1574159224691041,0.783652,0.4936634307936969,336.812,354.4866,326.007
1687242662281,0.3420223191086455,1.06031,0.2840052055370561,353.154,5.389499999999998,344.517,0.2774111703513217,0.79084,0.5049707055619672,318.244,337.4104,44.4016,0.1514304936765521,0.767331,0.4785243606052973,356.279,347.0426,327.828
1687242662336,0.3433368340965188,1.05143,0.2728085354808895,354.233,4.467300000000023,344.505,0.2799945108410841,0.780095,0.4905659826936176,335.451,348.3029,34.292,0.1482426593261415,0.762423,0.4580154072396489,10.029,335.5176,322.921
1687242662392,0.3444741120334554,1.04414,0.263919485200114,354.702,3.759999999999991,344.284,0.2840525860059527,0.764731,0.4725794980188326,1.76357,352.33660000000003,26.3936,0.1576370137674675,0.765547,0.4571140207350135,15.5454,337.8115,332.557
1687242662448,0.3447132486659502,1.03847,0.2577352172021211,355.21,2.8566000000000145,343.664,0.2825740314882222,0.756343,0.4484400738223424,12.3426,1.4093000000000302,29.9116,0.1595837102797439,0.768426,0.4594125730378969,14.2226,349.9624,349.338
1687242662503,0.3438755912784813,1.03338,0.2545245496545201,355.997,1.504000000000019,342.934,0.2788277404943339,0.759888,0.4381162289577044,12.5138,1.5319000000000074,29.4124,0.1553058856032494,0.765087,0.4633317017723448,26.3901,333.9474,336.842
1687242662560,0.3426718651301186,1.02981,0.2548008816283267,357.463,359.9408,342.625,0.2709676107275943,0.76465,0.4326161932260012,6.11426,353.9922,26.2173,0.1604677554824561,0.769613,0.4707547940761046,24.4055,332.8638,340.845
1687242662615,0.3417454519838961,1.02894,0.258671422763944,358.872,358.6948,342.637,0.266979830288134,0.767976,0.4336106579899109,6.61599,346.9279,22.4064,0.1658184942903511,0.7727,0.4732595430075718,20.9171,325.9458,334.62
1687242662671,0.3407675713501657,1.02989,0.2659290682820286,359.226,358.1073,342.435,0.2643220728698531,0.768182,0.4372731798677396,11.1185,350.3154,21.2907,0.1728081265020478,0.774369,0.475634675539708,15.2432,325.3956,332.993
1687242662726,0.3401676513610991,1.03122,0.2758976455128435,359.766,357.8968,342.12,0.2590947856356372,0.770288,0.4444693636599314,8.76164,346.8533,15.3369,0.1794459946496173,0.771555,0.4789781592701131,15.1533,322.6283,332.495
1687242662782,0.3395166966159585,1.03235,0.2862987102621747,0.904512,357.81780000000003,342.041,0.2573131027981583,0.768452,0.4547416884341309,5.80895,345.358,14.156,0.1826473151339085,0.766951,0.4845439906686425,15.8164,321.8244,332.864
1687242662838,0.3392764459549907,1.03528,0.2968171383586111,1.44683,358.3003,341.893,0.2588850346165985,0.761489,0.4584523970400679,12.4425,351.071,19.9456,0.1839440647769996,0.760459,0.4916977030170071,15.4347,320.6409,332.149
1687242662894,0.3390848860712503,1.03873,0.306259630021882,2.01949,358.8447,341.851,0.2554984168715865,0.761908,0.4598109791131018,15.4907,344.3016,20.0984,0.1836248639188354,0.753003,0.497350720866983,14.5608,322.613,331.021
1687242662949,0.3386079897152361,1.0424,0.3144310166156995,2.16064,359.5291,341.853,0.2556530558345662,0.761014,0.46466182190494,19.9244,347.0236,20.0733,0.1840954214206915,0.747786,0.502499109414621,16.1929,322.7737,332.666
1687242663004,0.3377945667174853,1.04578,0.320960023892976,2.23142,359.975,341.816,0.2556161513903178,0.760145,0.4668213445517291,21.8073,347.20480000000003,19.694,0.185464498561816,0.747462,0.5074527379616205,14.9346,324.6546,333.603
1687242663060,0.3366184711840694,1.04841,0.3258075955836558,2.01563,0.1251000000000317,341.794,0.2562357661842438,0.759442,0.4685630269301059,22.8267,344.56510000000003,20.2742,0.1853663661748079,0.749677,0.5099360462458695,12.5942,324.9037,333.418
1687242663116,0.335523979473029,1.0512,0.3288086877006132,1.69602,0.1084000000000173,341.795,0.2578764221061896,0.758107,0.4677619413255764,24.73,342.70730000000003,23.3614,0.1868947597543542,0.751026,0.5109032861675031,11.8146,326.7927,333.547
1687242663172,0.3342297630873395,1.05261,0.3294801405634507,1.42989,359.8537,341.874,0.2584897650979359,0.757327,0.4684031085225507,25.4646,341.71180000000004,25.9548,0.1869564084975497,0.751155,0.5102206080350993,11.5288,327.3865,333.514
1687242663227,0.3329859495442017,1.05375,0.3282333399098148,0.882623,359.3098,342.245,0.2585887573329944,0.756455,0.4665124968391535,26.2893,341.9859,26.2681,0.1871484721851164,0.751275,0.5088465219606781,9.87104,326.41790000000003,331.427
1687242663283,0.3318939771551101,1.05363,0.3247416494450884,0.40437,358.6105,342.354,0.2585463468357431,0.756947,0.4618994055383311,29.193,341.678,23.105,0.187344414557792,0.750617,0.5058801586001657,8.08162,326.48310000000004,328.276
1687242663339,0.3313335874526977,1.0531,0.3198976868748954,359.993,357.7135,342.358,0.2614303523334181,0.760352,0.4551647915709697,35.4699,336.051,17.5563,0.1880166433071279,0.751422,0.502230321547835,3.73453,329.8592,325.99
1687242663395,0.3314545920147894,1.05227,0.3141571291584402,359.401,357.0285,342.095,0.2654583268107569,0.762851,0.4470758984693205,40.4822,324.693,12.1909,0.1883096339827276,0.753679,0.4963601884604159,0.514689,334.92990000000003,323.958
1687242663450,0.3322668669962544,1.05133,0.3080416538413053,358.862,356.6365,341.871,0.2700457181946781,0.762618,0.4395655947943201,40.686,314.0906,8.72942,0.1895345252539396,0.755581,0.4910695942240651,358.428,339.70820000000003,322.374
1687242663506,0.3336579352431124,1.05019,0.3021957621956637,358.299,356.5022,341.715,0.274058153847302,0.758977,0.4311838492640888,39.9341,304.266886,7.08073,0.1915980617477204,0.753765,0.4854570509379216,358.873,345.781,320.185
1687242663561,0.3356771638165403,1.04901,0.296763304467503,357.81,356.7016,341.581,0.2779666044401436,0.754906,0.4246924476463088,41.7358,304.440016,13.593,0.1942435742236329,0.749702,0.4803273678346694,357.464,349.2921,318.962
1687242663618,0.33819889538802,1.04783,0.2923133678520665,357.526,357.21770000000004,341.424,0.2806464357222556,0.751984,0.4235723564449266,42.6218,300.838,9.68611,0.1950708929145613,0.745606,0.4798842383009653,359.208,349.9655,317.223
1687242663674,0.3408899544462434,1.04711,0.2886610440513673,357.465,357.78360000000004,341.23,0.2839792270957946,0.750735,0.421914061639874,46.1037,302.55500000000006,10.9561,0.1987636787578727,0.741871,0.4789452549595593,0.107216,350.1823,317.963
1687242663729,0.3439041337081677,1.04698,0.2866023115828359,357.126,358.5749,340.947,0.2852649479225796,0.751562,0.4241869791385023,46.7315,307.45772,15.2214,0.2008066491238169,0.739754,0.4789482689061741,1.00518,348.1367,320.307
1687242663784,0.3466797890572841,1.04695,0.2854096480163086,356.917,359.3624,340.579,0.2846181162620833,0.752519,0.4283529169444448,45.7924,310.41018,12.9655,0.2022218558678431,0.739633,0.4799010264155451,3.37174,343.3988,321.583
1687242663840,0.3491724465434488,1.0478,0.2851766058384367,356.834,0.0311000000000376,340.145,0.2892429188682003,0.755246,0.4323905887803488,47.4278,312.19176,13.1851,0.2079113714312356,0.740322,0.481896186973975,4.02517,340.91470000000004,324.268
1687242663896,0.3513457613600886,1.04929,0.2863306520713812,356.248,0.8738999999999919,339.856,0.2987210061650162,0.759121,0.4400037053034252,46.8556,316.94800000000004,17.5418,0.2191999169658446,0.742508,0.4910542782441612,3.10455,341.31190000000004,327.244
1687242663952,0.3525806404193537,1.04953,0.2871129075980402,356.543,1.3967000000000098,339.799,0.3085956562498378,0.761157,0.4540963579175477,44.4427,322.38100000000003,19.221,0.2340275103568395,0.748751,0.5107928839758568,0.599238,346.2246,327.558
1687242664007,0.3534435814688023,1.04961,0.2886122733790212,356.76,1.799599999999998,339.647,0.3206048458862782,0.763419,0.4732740213382049,40.2044,333.33660000000003,23.2668,0.2539109201127811,0.75502,0.5387668680767553,355.938,352.363,329.822
1687242664063,0.3536583050149116,1.04949,0.2899414802097088,356.998,1.8742000000000305,339.646,0.3340292027867614,0.767476,0.4935284180660378,39.6341,342.1583,22.5029,0.2791781427384665,0.762763,0.571160920953542,354.194,4.192200000000014,328.938
1687242664119,0.353851277688753,1.04872,0.2912094342889838,357.414,1.6573999999999955,339.679,0.3471678758823309,0.771421,0.5166672545598583,38.4595,348.6904,15.1648,0.3067719965202619,0.771945,0.6023656679557033,356.64,14.370900000000006,323.239
1687242664175,0.3540539967482425,1.04796,0.2920641172611552,357.778,1.3027000000000155,339.798,0.3630614935248402,0.773803,0.5402506678673868,38.5524,351.3218,4.75141,0.3351984875611099,0.78126,0.6293944133780234,359.752,21.23820000000001,312.725
1687242664230,0.3544413127998612,1.04704,0.2924233752132711,358.225,0.8849999999999909,340.048,0.3817155911214589,0.770801,0.561815219262114,38.5655,351.00620000000004,352.854,0.3642055690976813,0.78313,0.6535819745971851,6.63223,24.81600000000003,301.158
1687242664285,0.3550561545937343,1.04645,0.292689284161046,358.382,0.544399999999996,340.212,0.3999497944327305,0.760448,0.5777498042458282,41.2287,349.5427,348.398,0.3915141965150125,0.777372,0.6707078425629667,13.399,28.898500000000013,289.705
1687242664342,0.3557658421666115,1.04627,0.2926618515362384,358.447,0.287399999999991,340.018,0.4130930705777845,0.744155,0.5911453050268686,41.9207,352.76460000000003,348.664,0.4079549335126838,0.764146,0.6826205683221456,15.7313,29.77690000000001,284.302
1687242664397,0.3562137903853911,1.04641,0.2928204686642298,358.448,0.2136000000000422,339.809,0.4188223729576381,0.732798,0.5997108251652026,45.9898,354.8792,342.839,0.4173039465836705,0.745607,0.6886171725952754,14.8949,30.2199,286.767
1687242664453,0.3561927610030142,1.04705,0.2932798016208929,358.464,0.3242000000000189,339.669,0.4131570062740282,0.727651,0.6003277063046796,44.7159,6.412900000000036,352.977,0.4106762146786296,0.744095,0.687260803322215,8.10285,32.18889999999999,293.002
1687242664508,0.3556726123150892,1.04734,0.2940865031409422,358.594,0.3100000000000023,339.862,0.3956436052298143,0.733491,0.5890021374949231,35.625,6.595000000000027,2.86602,0.383037744890406,0.758979,0.6739133331253777,357.5,28.47890000000001,296.478
1687242664564,0.354666903432707,1.04621,0.2939234091683443,359.573,0.2149000000000001,339.91,0.3731202441604388,0.742245,0.5694899160391653,30.9666,357.4623,7.26358,0.3435254239974949,0.772048,0.6483511596859847,351.637,16.053300000000036,298.378
1687242664620,0.3540158165459516,1.04653,0.2938478322810373,359.833,0.4073999999999955,339.938,0.3511276469580591,0.748006,0.5494996331673827,28.0822,351.434,12.2451,0.3071998041679328,0.779249,0.6184803042412853,347.066,3.598799999999983,302.257
1687242664676,0.3532106349381874,1.04775,0.2939752943480157,359.911,0.7164999999999964,339.878,0.3330373891951031,0.750362,0.5319752756593367,25.3055,349.8342,20.0257,0.2785678230832736,0.77975,0.5923328186228225,342.957,353.81510000000003,310.215
1687242664731,0.3517419798010806,1.04897,0.2942207940185845,359.789,0.9279000000000224,339.906,0.3178788553672907,0.749932,0.5176977836810142,25.0462,347.52340000000004,23.2464,0.258199403691027,0.776511,0.5723491267351469,342.511,347.8047,314.331
1687242664786,0.3503563934118048,1.04959,0.2942506328834102,0.0369675,0.9875000000000114,339.913,0.3067493831861637,0.747763,0.5073176577680244,25.0979,346.42740000000003,25.8075,0.2429016653546034,0.771325,0.5573621616390938,340.957,343.3679,318.144
1687242664842,0.3487745136302244,1.04997,0.2937391826349725,0.0448965,1.128500000000031,339.94,0.2989109487146404,0.744436,0.4983806516677894,23.8754,345.0657,30.0684,0.2311210677648988,0.766699,0.5441398865916804,340.808,339.3234,321.828
1687242664898,0.347624589523763,1.05006,0.2925679185531451,0.0853202,1.1052999999999995,340.193,0.2926004129527048,0.7415,0.4908757260587423,22.7964,343.9272,32.1197,0.2221626011337514,0.762471,0.5318310593275332,340.381,334.748,324.867
1687242664954,0.3465837702080492,1.04994,0.290729139569135,0.0540985,0.8946000000000254,340.59,0.2898375141262156,0.741599,0.484406277235652,23.2983,343.3737,33.3551,0.217137707606573,0.758485,0.5194750236347827,342.902,328.1476,328.154
1687242665010,0.3459397622574516,1.0493,0.2885609387575018,0.176634,0.5708999999999946,340.832,0.2943920466047984,0.742643,0.4855005618885345,23.2851,344.0253,35.0677,0.2220184522372772,0.758632,0.5227625257032008,343.1,328.7885,328.232
1687242665065,0.3463666840794802,1.04809,0.2864339498628726,0.484962,0.2343000000000188,340.787,0.2931172440304384,0.742975,0.485593424132774,24.438,346.24760000000003,30.7761,0.2224785681094882,0.761987,0.5237698123476767,343.185,333.10040000000004,324.779
1687242665121,0.3474572645433361,1.04721,0.2851527163744499,0.4788,0.3319000000000187,340.63,0.2950398109909189,0.743434,0.4812425418909213,23.0832,342.6966,34.0833,0.221253989592881,0.76107,0.5165028024772649,341.107,330.0177,327.818
1687242665177,0.349149965235917,1.04662,0.2844455527686725,0.630103,0.6600999999999999,340.372,0.2915154666745573,0.741701,0.4755788708076284,21.642,342.4691,36.6976,0.2170157133275732,0.760219,0.5093771993940914,340.459,327.1151,331.019
1687242665233,0.3509117474904599,1.0462,0.284183126993304,0.769701,1.143700000000024,340.303,0.2897795398844552,0.742878,0.473271593585575,22.4801,340.5109,36.0433,0.2149731626927619,0.76008,0.5059791358419736,340.686,327.2949,329.411
1687242665288,0.3527568861819888,1.04621,0.2841440858736598,1.059,1.6347000000000094,339.953,0.2867088668015676,0.738978,0.4733512605048654,22.8082,344.7606,36.8968,0.2124299074706735,0.753553,0.5074506455685198,342.859,327.437,331.074
1687242665343,0.354696735513776,1.04669,0.2844640320722064,0.794919,2.1825999999999794,339.837,0.2845234809369147,0.734161,0.4763136751656742,24.3812,344.9106,37.9786,0.2097372559790254,0.749138,0.5121521897770247,343.349,331.0315,329.105
1687242665400,0.3559499601635666,1.04661,0.2844000556925251,0.780624,2.642500000000041,339.546,0.2811283412759621,0.728649,0.4787237097468838,23.6538,348.33820000000003,41.2311,0.2062431863441857,0.742817,0.5164852859433808,346.569,332.8206,329.552
1687242665456,0.3571293537453995,1.04656,0.28459609849176,0.852767,3.033999999999992,339.545,0.277736249315649,0.727605,0.4795420233376176,21.8616,351.8906,43.003,0.2034302335446633,0.740403,0.5177534604375491,348.047,332.82550000000003,330.363
1687242665511,0.3575783177046985,1.04636,0.2847058999637465,1.12034,3.212600000000009,339.535,0.2756412102059324,0.728176,0.4787098309747846,21.1436,352.81530000000004,43.8507,0.2013818650604057,0.741375,0.5172498389996611,348.174,332.8402,331.428
1687242665566,0.3573482802827765,1.04589,0.2849357102866554,1.34788,3.216000000000008,339.56,0.2749290716661758,0.729981,0.477315291731811,21.3929,353.312,42.7854,0.2017957860944227,0.743622,0.5165864542111723,347.656,333.8389,330.65
1687242665622,0.3566537095422293,1.04533,0.285036057117077,1.58775,3.0459000000000174,339.761,0.2756529453732229,0.73323,0.4775984645699258,21.9173,353.6613,40.4554,0.2024236778145317,0.745266,0.5174381026056514,349.982,336.89840000000004,329.609
1687242665678,0.3557251735564269,1.04465,0.2849091480036541,1.83419,2.8799999999999955,339.951,0.2762148670415648,0.736157,0.478036987133368,19.0446,354.9771,37.0778,0.201700136879935,0.74669,0.5193521006505727,352.848,338.2555,329.748
1687242665734,0.3551273811977471,1.04434,0.284422435258902,1.95306,2.7530000000000427,340.122,0.2773003439941699,0.739911,0.4766977971597783,17.5106,356.2764,38.3172,0.201467012879117,0.749425,0.5173950073466542,354.261,339.8894,333.441
1687242665789,0.3550049872169648,1.04489,0.284090404065385,1.79771,2.8641999999999825,340.177,0.2782927100142837,0.74421,0.4749660573750175,14.7848,355.8043,39.7711,0.1986547276634644,0.753136,0.5148191011244051,358.532,345.3906,343.329
1687242665845,0.3552662602082503,1.04551,0.2839503954084214,1.58218,3.108600000000024,340.193,0.2769361285312436,0.749044,0.4707429463558904,15.2195,354.7807,38.1678,0.1994553178078125,0.758648,0.5124431664828856,359.39,349.01890000000003,347.264
1687242665901,0.3556261871699732,1.04581,0.283767208121131,1.57817,3.2624999999999886,340.334,0.2750410171109101,0.755798,0.4651185839293995,19.5694,352.7131,31.1549,0.2001668692835544,0.763083,0.5106406863866377,1.51045,355.63890000000004,354.698
1687242665956,0.3561239045241058,1.04573,0.2838455754318877,1.60595,3.425900000000013,340.161,0.2730389385333864,0.76109,0.4612758496984879,22.6678,351.8022,26.2993,0.2047308329096454,0.763466,0.5084109058997469,3.70997,0.539100000000019,355.485
1687242666013,0.356674791048456,1.04535,0.2838811287339747,1.7323,3.5855999999999995,340.141,0.272631556838707,0.763211,0.4595653780808221,19.1312,349.2171,26.9009,0.2103209489284299,0.765836,0.5032666978074816,1.09011,0.4147000000000389,351.942
1687242666068,0.3571037678455807,1.04482,0.2838370389672625,1.86897,3.650900000000036,340.099,0.2739282603407042,0.762128,0.4535407763489307,17.729,348.70300000000003,32.2647,0.2104629493526615,0.766661,0.5000849365217284,359.664,2.046199999999999,357.457
1687242666123,0.357579478364851,1.04434,0.2837207483749705,1.96526,3.668800000000033,340.025,0.2740159563449454,0.762424,0.4477864150107074,20.3569,348.8018,33.5064,0.2132497823815036,0.765504,0.4972012448479611,357.391,6.1270000000000095,357.763
1687242666180,0.3581148447907458,1.04418,0.283328656816754,2.03174,3.731699999999989,339.971,0.2735077262772704,0.759023,0.4409279548921158,24.5569,350.32460000000003,36.063,0.2128283756920016,0.76103,0.4954087043597034,353.389,7.115400000000022,358.76
1687242666235,0.3587466884299718,1.04429,0.2829153015028055,1.95058,3.873899999999992,339.913,0.2731801571458875,0.753648,0.4349918936168117,26.1388,348.7463,39.2954,0.2105606115672218,0.759629,0.492441798416745,350.748,10.256700000000023,353.836
1687242666291,0.3596417457732044,1.04468,0.282650655791853,1.66227,4.198500000000024,339.821,0.2714661398608559,0.753382,0.4342740706953242,27.1854,349.03180000000003,39.3662,0.2084446553100392,0.759635,0.4937175108128946,351.898,13.644999999999982,350.04
1687242666346,0.3602752859709088,1.04464,0.2822542156098676,1.63302,4.567600000000027,339.666,0.2687349002556404,0.752583,0.4356319500047264,26.8385,349.88390000000004,36.8315,0.2058188774984135,0.760339,0.4946774670014646,355.445,12.295799999999986,347.851
1687242666402,0.3606280441863169,1.04437,0.2816594537739517,1.73594,4.763599999999997,339.676,0.266422840252647,0.75238,0.4361761104062244,22.8297,349.6907,35.6195,0.2036473444052578,0.761598,0.4912718851091399,352.067,8.236800000000017,350.443
1687242666458,0.3608824133392539,1.04461,0.2813904903302755,1.66222,4.968200000000024,339.572,0.2666000035904947,0.752467,0.4349864910756305,19.6661,349.6279,37.6799,0.2034176258088288,0.762494,0.4877649500703268,349.004,5.942000000000007,352.145
1687242666514,0.3610466231224965,1.04453,0.2811108832003818,1.69636,5.1089000000000055,339.502,0.2665415397141485,0.753876,0.433570728392423,22.523,348.9735,35.718,0.202965335293966,0.760169,0.4830303335821448,354.576,1.497099999999989,353.593
1687242666570,0.3610382766607997,1.04465,0.280952809367705,1.6288,5.295799999999986,339.537,0.2680834455278141,0.754366,0.4347864485336498,19.4077,346.1985,37.0525,0.2026825390085062,0.763418,0.4812039677204046,353.126,358.06280000000004,353.47
1687242666625,0.3609092942024555,1.04459,0.2809452910274981,1.67218,5.259099999999989,339.662,0.2676720947361417,0.751908,0.4360666561442312,19.7288,343.6155,38.7216,0.2024257643284197,0.765003,0.4828211370880548,352.741,0.3503000000000043,351.459
1687242666681,0.3607274518522871,1.04442,0.2809972271390702,1.83167,5.077400000000012,339.682,0.2666135116470389,0.751366,0.4374010795565953,17.6693,347.17330000000004,40.7865,0.2025266637559625,0.76403,0.4842373730519823,352.474,0.1310000000000286,353.094
1687242666736,0.3604595379031555,1.04443,0.2811452917055966,1.80446,4.919399999999996,339.679,0.2663980970230029,0.751924,0.4377354230023983,17.5215,349.3041,40.9295,0.2033832137277659,0.76266,0.4854413726972495,353.002,0.2560000000000286,354.498
1687242666793,0.3604250793015548,1.04432,0.2813994109783324,1.76502,4.905700000000024,339.68,0.2669718201747354,0.752482,0.4373862471940065,17.3801,348.7089,40.5058,0.20328276396424,0.763188,0.4842594971348456,352.572,0.1236000000000103,354.717
1687242666847,0.3605396346909003,1.04418,0.2815489605111699,1.90237,5.043299999999988,339.708,0.2686776396161973,0.755301,0.4362888261111352,16.8738,346.6536,39.0484,0.2037228159870667,0.767376,0.4805918004165759,352.175,358.0689,353.93
1687242666903,0.360872494005907,1.04431,0.2817136228214087,1.86658,5.234800000000007,339.784,0.2709388001245084,0.757955,0.4330674979447332,16.9,340.35540000000003,36.7885,0.2023315490487058,0.773441,0.4721680036297212,351.348,354.0797,350.406
1687242666960,0.3610640908515808,1.04462,0.2818308518652838,1.81533,5.339200000000005,339.815,0.2722535259801753,0.761258,0.4286301391667617,16.9189,334.4427,34.8019,0.200782865122489,0.779808,0.4630830276750651,350.4,350.6852,346.721
1687242667015,0.3611520942178928,1.0448,0.2818742270600125,1.77677,5.421300000000031,339.898,0.2728531676930354,0.761792,0.4253104886104232,16.0689,329.8218,34.492,0.1992415024929966,0.782723,0.4555010006212751,348.869,347.87690000000003,345.211
1687242667071,0.3610332752471382,1.0445,0.281815379356669,1.86122,5.398300000000006,339.969,0.275157853796374,0.760923,0.4254042487569592,15.1368,328.8383,36.0936,0.2004457731286232,0.783646,0.4553638976082977,345.622,348.92240000000004,344.078
1687242667126,0.3606878107794688,1.04449,0.2814413415222485,1.79929,5.3940000000000055,340.155,0.2765161627289377,0.759996,0.4303831368701545,15.1601,330.6932,36.3056,0.200935374929708,0.780934,0.4600302142581164,346.983,347.7993,344.78
1687242667181,0.3597346919905007,1.04506,0.2810781768569573,1.64199,5.27030000000002,340.705,0.2767231866319915,0.757791,0.436083404065959,13.9133,332.2931,36.9457,0.2011794317316356,0.777331,0.4663844031345533,348.348,349.07730000000004,344.078
1687242667237,0.3559813159665568,1.0475,0.2807941602678603,0.805613,4.4572,342.086,0.2769677205357799,0.756587,0.4392169967596411,16.2031,336.6557,37.8888,0.1995569301938329,0.775797,0.4733226681741599,350.489,351.5267,342.199
1687242667293,0.3488896532436147,1.05108,0.2806053009974127,359.865,2.563400000000001,343.919,0.275776835818253,0.755545,0.4428614498859086,15.6139,340.5082,40.2704,0.196060839694356,0.772896,0.4770361669582539,353.167,349.50100000000003,340.113
1687242667349,0.3363411830481059,1.05565,0.2805952634463987,358.319,358.7522,346.145,0.2747941131280367,0.756258,0.4461499401343561,14.8899,346.4941,39.7075,0.1934473150576022,0.769909,0.4775883942421512,354.664,345.6786,341.103
1687242667404,0.3276660691873895,1.06045,0.2806154392519528,356.583,172.3071,348.798,0.3720311700049518,0.754796,0.1163101891366642,13.6541,166.3467,40.4935,0.452074535242628,0.766323,0.0840643721299894,354.753,167.6438,342.193
1687242667460,0.3539775058401483,1.06432,0.2829368582722635,355.232,162.3309,352.607,0.374718793591751,0.753156,0.1214196550046078,14.1669,163.3979,41.8937,0.4504881553561722,0.763104,0.0853995308680608,354.346,174.0909,343.773
1687242667516,0.3817623514247266,1.06659,0.2880686175067894,354.661,151.2188,357.263,0.3771984363314419,0.75127,0.1251003322362458,16.4219,162.95409999999998,42.0414,0.4523751016176576,0.762883,0.0866237415551021,351.933,175.3713,345.835
1687242667572,0.3962293972182823,1.06599,0.2910403293303054,354.964,321.9885,2.00644,0.4235930523658726,0.748572,0.4623175599885682,15.657,344.909,42.1198,0.3474226012173829,0.761674,0.5026531971080627,350.615,353.45640000000003,344.994
1687242667627,0.3737730213279617,1.06284,0.2841790500128147,356.844,315.6105,5.01706,0.4169613162250818,0.744694,0.4643383026141713,16.0169,345.4529,39.16,0.342157581306287,0.754246,0.5057951421005418,350.161,351.0903,345.758
1687242667683,0.3579903802206196,1.06141,0.2804182264757638,358.274,312.57711,7.56779,0.4098855605243598,0.741146,0.4662242727262621,16.6101,347.23580000000004,35.6445,0.3377354449114362,0.748832,0.5096676754710031,353.504,350.1947,347.622
1687242667739,0.3472559992179224,1.06094,0.2783525911040356,358.517,312.26021000000003,9.30347,0.4047830897421637,0.74113,0.4672092275053434,17.553,348.0949,34.8153,0.3312352017167078,0.744123,0.5109806444003333,353.055,348.6431,349.169
1687242667794,0.3423603492244094,1.06114,0.2778488856930909,358.25,313.71615,10.2957,0.4008011653175374,0.743292,0.4670637700319535,14.6222,346.84000000000003,31.7982,0.3273833784240497,0.7406,0.511281194433002,352.78,351.6506,351.255
1687242667850,0.3410609361752519,1.06114,0.2776910702069068,358.361,315.9826,10.6235,0.3987520065207434,0.743973,0.4670155598097883,13.074,346.0519,31.3051,0.3253389780786239,0.742146,0.5106774418117882,353.588,350.802,353.731
1687242667905,0.3412865480409024,1.06092,0.2777566467734357,358.118,318.13980000000004,10.5879,0.3998968589651607,0.747446,0.4659771813236324,12.3906,343.40020000000004,30.1814,0.3254698846735402,0.744521,0.5087967535166666,352.659,349.07320000000004,356.289
1687242667962,0.3464507728832969,1.06047,0.2777339801196313,358.095,320.0108,10.3916,0.4018424226115629,0.755449,0.4668179810012001,10.2989,342.6301,26.3395,0.327468172482799,0.744516,0.5057489965002088,353.157,348.246,1.36852
1687242668017,0.3529251879287821,1.06037,0.2779930839960919,357.987,321.9345,10.0458,0.4056952321794325,0.765935,0.4697779628311669,8.99337,342.4551,20.482,0.3269576682055792,0.742789,0.5027645740463762,354.816,353.01390000000004,9.75144
1687242668073,0.3618824411972097,1.06154,0.279117195594307,357.49,324.7739,9.21073,0.4108713815903188,0.77951,0.4733683196764096,9.26024,341.1812,13.3089,0.3209172690571873,0.746058,0.5047986043136304,356.079,349.7053,17.4279
1687242668129,0.3732444706012882,1.06334,0.2813294545802431,356.635,328.5365,8.68617,0.4159360916560639,0.794883,0.4756866830970016,9.17488,333.9773,4.64613,0.3238806190728118,0.737331,0.5031349166371424,2.91244,351.0211,26.6261
1687242668184,0.3853580501350297,1.06518,0.2837943247349815,355.762,333.12330000000003,7.65277,0.4205384233257586,0.807975,0.4831907259541637,7.87591,328.2386,354.861,0.3302572002821383,0.737024,0.5006844927797529,1.47206,347.3166,25.5968
1687242668240,0.3946287102626662,1.06653,0.285352443407564,355.106,336.1518,6.49526,0.4263462586897254,0.813854,0.4903330094395104,5.97341,324.5095,349.529,0.3354716912799556,0.739107,0.4978050184121499,0.407106,350.7,28.8031
1687242668296,0.4026944751154961,1.06667,0.2865775570099919,355.115,338.01070000000004,5.02858,0.4330963795099487,0.814312,0.498118879841231,4.07317,320.03340000000003,346.605,0.3401339478306749,0.741291,0.4972230666484485,4.08705,353.60790000000003,33.2005
1687242668352,0.4093189857294663,1.06563,0.2884522175460347,355.739,339.5668,3.63988,0.4334759131374041,0.814054,0.5062753103856316,6.51145,319.5997,333.394,0.3432592556109631,0.744361,0.4948288040733599,5.3612,353.7815,34.8105
1687242668407,0.4142555365679136,1.06327,0.2911921224384399,356.958,340.974,2.5466,0.4380990652149948,0.811618,0.517547676014348,12.5603,320.46950000000004,323.402,0.3446316302217872,0.748735,0.4919605844291266,5.24738,355.4703,36.9449
1687242668463,0.418063740745388,1.05971,0.29417715140692,358.88,342.2536,1.59886,0.4400207172064444,0.807127,0.5244286631254941,11.3461,320.9216,319.802,0.347936236946016,0.750853,0.4893452067512029,4.85477,354.0998,34.331
1687242668520,0.420394282424309,1.05586,0.2976279137115148,0.927334,343.3565,1.05573,0.4392816824077821,0.801233,0.5302652605560495,10.9818,325.6085,323.024,0.3516101723141678,0.748405,0.4865319241648559,6.62296,355.6562,35.2996
1687242668574,0.4218028680060514,1.05326,0.3014900918092866,2.43475,344.1652,0.741391,0.4382840637792098,0.795225,0.5350414880497861,12.3609,328.1363,322.461,0.3569910812224601,0.745009,0.4826445157324088,7.02434,356.7642,36.304
1687242668630,0.4225399941634827,1.05171,0.3050665003469163,3.2494,344.8378,0.669494,0.4364674904557163,0.788652,0.5397052957602704,12.7703,330.2416,322.148,0.3591256597864865,0.745377,0.4806667932154719,6.39191,354.84630000000004,33.8425
1687242668685,0.4229014478327525,1.05119,0.3079918557518152,3.70359,345.48130000000003,0.43267,0.4323979609178137,0.778718,0.5424705236604872,15.2971,328.8904,323.743,0.3546103820471794,0.746696,0.4819626407901961,5.20847,352.838,34.5851
1687242668742,0.4232092843388176,1.05119,0.3098592214593116,3.95227,346.17130000000003,0.397498,0.4286861529547345,0.768038,0.5479506050143743,15.4055,332.71090000000004,323.963,0.3518867408114405,0.745151,0.4859797431562036,7.82518,351.7468,34.6728
1687242668797,0.4231571422383905,1.05208,0.3111600958580769,3.64104,346.7681,0.467656,0.4265168532650397,0.763667,0.5510574884779581,15.5655,330.01120000000003,318.775,0.3474027722319395,0.73897,0.488704718344723,9.26894,346.3189,32.706
1687242668853,0.4235293019776959,1.0534,0.3115704154023837,3.15209,347.2683,0.656294,0.4263248370446674,0.758933,0.5553473614097726,17.431,330.4862,314.694,0.3403230617491209,0.732884,0.4921433047518779,9.0711,340.3629,31.9709
1687242668909,0.4238017513341114,1.05427,0.3116178743129151,2.71158,347.682,0.632462,0.427477560274658,0.753765,0.5617358624197935,16.879,334.2634,313.992,0.3345617462308707,0.725618,0.4976825112382953,12.4353,338.9005,32.211
1687242668964,0.4243501514665274,1.0542,0.310646649676301,2.64985,348.0054,0.470144,0.4229179427657912,0.743268,0.565363481635317,17.7852,336.7641,315.233,0.3329598412328695,0.719734,0.5011893550297093,14.8469,337.619,32.3761
1687242669020,0.4255093133755086,1.05404,0.3094049457386544,2.49925,348.4484,0.323144,0.4201028518536308,0.734093,0.5669628168585494,20.0243,333.5634,309.903,0.3366496088408495,0.71802,0.4985327451601384,12.3125,338.10130000000004,32.468
1687242669078,0.4266867976147464,1.05408,0.3086058582175739,2.15884,349.0145,0.33657,0.4206294667580269,0.725799,0.5693816905101625,23.3391,328.507,300.909,0.3364778206063392,0.719367,0.4965971675196177,8.61784,335.65590000000003,29.9058
1687242669132,0.4282934552155109,1.05454,0.3075760235930318,1.94818,349.4544,0.415493,0.4181254208354843,0.718636,0.57047315467256,25.4731,326.7789,296.24,0.3361233821748137,0.720816,0.495882560356025,4.61248,333.0923,29.2412
1687242669186,0.4299224269020669,1.05515,0.3066118782490099,1.68714,349.8716,0.405612,0.414619926036121,0.714047,0.5695743308791293,27.1506,325.9635,295.556,0.3366793592101138,0.722166,0.4955356374017271,4.40027,332.7964,28.0851
1687242669242,0.4314738138369798,1.05615,0.3061196551510335,1.23014,350.2507,0.180194,0.4105355318188469,0.711504,0.5671941788087991,27.4062,324.0063,294.169,0.3363083975834799,0.724637,0.4938705814052018,1.96364,331.4146,27.4958
1687242669298,0.4329695752652713,1.05685,0.3058355517374052,0.874515,350.64,0.0347303,0.4071697359189731,0.70992,0.5679852615860053,28.2813,323.5594,294.656,0.3361298096356748,0.725827,0.4928721845177373,359.815,328.8684,25.24
1687242669354,0.4340810088217453,1.05712,0.3057377332854462,0.785144,350.9413,359.86,0.4054495233963249,0.707171,0.5731453419998094,31.3356,322.153,294.595,0.335634881033962,0.726806,0.4938136300441522,358.777,327.4176,24.1867
1687242669410,0.4350698973954113,1.05737,0.3058073923758282,0.740134,351.1943,359.638,0.4040079770569476,0.704817,0.5720525729704955,34.3491,321.3411,292.36,0.3341211956510956,0.727777,0.4941518512169027,358.011,325.8777,22.8796
1687242669465,0.4357902672989744,1.05733,0.3059990462357957,0.799144,351.4158,359.507,0.4007985443616684,0.702329,0.5693418043019305,34.4975,317.5289,287.739,0.3350087094890345,0.728966,0.4927021008289162,355.491,325.1318,21.6322
1687242669521,0.4360870731950573,1.05732,0.3063093867907518,0.739762,351.6528,359.447,0.39880491553538,0.701459,0.5671565010957388,35.5636,316.3761,286.732,0.3334451528732257,0.729608,0.4922000453447704,354.563,324.81440000000003,21.1778
1687242669577,0.4363034779154456,1.05717,0.3060574145760262,0.825802,351.7787,359.437,0.397005993037496,0.703018,0.5649744298671564,37.4083,316.7728,289.137,0.3319075427239643,0.729881,0.4922113160540668,355.688,324.79830000000004,21.7717
1687242669633,0.4361274484016335,1.05695,0.3058142384870145,0.851711,351.7889,359.467,0.3941965210264813,0.70412,0.5627083188770844,40.6861,315.519,291.233,0.3303288559190905,0.732577,0.4901838612525687,354.216,323.6335,22.1392
1687242669688,0.4359670761524865,1.05722,0.3054919874331705,0.683683,351.7796,359.512,0.395367748012224,0.704991,0.5628400320042519,45.7115,320.41700000000003,297.881,0.3304657356541954,0.734899,0.4886698190014682,352.877,323.00620000000004,21.5218
1687242669743,0.436003963418859,1.05806,0.3050581403062011,0.296835,351.8199,359.471,0.3924902574131733,0.706859,0.5595267756223257,44.3444,318.5897,299.073,0.3305229060044008,0.736595,0.4869540184445685,352.737,323.1172,21.8545
1687242669800,0.4360247645102734,1.05951,0.3044798243764569,359.573,351.8968,359.575,0.3876829754076294,0.707044,0.5591119302063295,44.2838,314.3668,299.768,0.3321146100622933,0.739947,0.4837680888797336,350.161,322.6513,21.1731
1687242669855,0.4361400972118544,1.06076,0.3037335299520196,358.802,352.04040000000003,359.653,0.3819760473357698,0.708934,0.5588829717327555,46.0399,314.28520000000003,307.808,0.3326834051570189,0.742473,0.4821514302453225,348.859,322.23130000000003,20.9694
1687242669912,0.4362445628266989,1.06225,0.3028164084031969,358.119,352.0993,359.731,0.384207832712876,0.711379,0.5579870074307125,41.0086,311.5297,298.232,0.333465558942523,0.744548,0.4810080770821128,346.996,322.47860000000003,20.0637
1687242669966,0.4366859458281854,1.06577,0.3020106900615917,356.456,352.28020000000004,359.707,0.3848459444557875,0.714111,0.5593950015370774,39.1334,313.37991,298.905,0.3331830132501332,0.745505,0.4809023939154686,347.363,323.0581,21.0516
1687242670022,0.4377532212743826,1.06996,0.3010146177138457,354.004,352.83230000000003,359.453,0.3878154411495216,0.716789,0.5626695296536008,37.1614,314.7856,299.297,0.334799445264612,0.746551,0.4804857627325645,346.784,322.8329,20.2674
1687242670078,0.4394634927517985,1.072,0.2990574012021798,352.831,353.55330000000004,359.113,0.3927146976343301,0.719985,0.568666711649844,34.3012,315.6557,295.898,0.3332832225579107,0.748226,0.481091632110965,348.348,323.9853,21.3593
1687242670134,0.4419482685906948,1.07307,0.2970293610076971,352.406,354.5167,358.91,0.4037004840508765,0.727147,0.5775918546072438,27.5513,321.9604,297.986,0.3343211659287343,0.749669,0.4840334399835093,353.125,328.8095,23.5849
1687242670189,0.4449745788890465,1.07411,0.2956556612668184,351.932,355.754,358.839,0.4177897212114203,0.734318,0.591233769180864,27.3776,324.53180000000003,299.771,0.3342301121099449,0.747873,0.4917961035213734,1.01892,338.1307,23.2299
1687242670245,0.448436543559373,1.07461,0.2943934526384963,351.519,357.3985,358.969,0.4376994777374186,0.743126,0.6060526860129225,32.4292,331.5199,304.808,0.3238562952178661,0.7444,0.500287127257627,11.9443,338.9767,24.7733
1687242670301,0.4531561685730834,1.07438,0.293499926069244,351.75,0.2042999999999892,358.842,0.4665067983502759,0.758958,0.6203749920111913,23.4406,329.0132,291.082,0.3136420919889582,0.741243,0.5098614535732781,18.4724,339.9796,26.5639
1687242670356,0.4579348618276767,1.07347,0.2930361796099539,352.237,3.0839000000000283,358.867,0.4967952357705121,0.775292,0.6312616877284619,23.3731,339.1236,296.131,0.305899621590619,0.735393,0.5168256057923812,28.8541,343.1604,28.6022
1687242670412,0.4622625034631529,1.07267,0.2929646402858508,352.666,5.492200000000025,359.075,0.5274186546439712,0.784249,0.6359023597165112,25.5266,346.07370000000003,294.852,0.3072450028580379,0.730074,0.5176686664339,33.1214,350.058,32.3721
1687242670468,0.4655941829583295,1.07196,0.2933287882522325,353.163,7.389999999999986,358.985,0.5510159032768188,0.792492,0.6370491369222375,26.4164,349.3718,290.445,0.3146877256895262,0.725236,0.51565496564837,34.1251,353.218,35.986
1687242670523,0.4673312395175384,1.07127,0.2939120519234046,353.588,8.625400000000013,358.823,0.5638428132694537,0.803046,0.6332902775153372,24.3306,352.9469,291.089,0.3282823126587149,0.720577,0.5127480411331541,31.4616,352.0475,30.7111
1687242670580,0.4681777928670581,1.07002,0.2948206923508659,354.169,9.098400000000026,358.941,0.56523354945673,0.813912,0.627271319727032,22.8552,350.84450000000004,290.31,0.3445130663551021,0.708858,0.5092364266259493,31.495,355.1711,29.5845
1687242670635,0.4681922390187509,1.06954,0.2955559210967003,354.583,8.950600000000009,359.113,0.5584738890752285,0.823635,0.6179827820312072,21.1815,350.5222,291.572,0.3645131939886182,0.693043,0.5052399821257632,31.0103,0.4907000000000039,28.1014
1687242670691,0.4672868354593427,1.06844,0.2960657645968167,354.903,8.26830000000001,359.323,0.5449699267807483,0.832007,0.6094341204781184,20.8272,346.7187,294.838,0.3837792637849153,0.672995,0.5069275826721629,38.6767,10.115200000000016,26.9571
1687242670746,0.4652070974589256,1.06818,0.2967035011016689,355.096,7.190600000000018,359.26,0.5316247268903265,0.837129,0.6005132271436656,20.4011,341.26390000000004,295.77,0.385823092918102,0.668759,0.5128711676571982,44.488,14.8673,26.7829
1687242670801,0.4619258829448259,1.06764,0.2969108759132103,355.35,5.544100000000015,359.209,0.5191583255769145,0.840749,0.5921051330497011,18.1387,341.12350000000004,300.657,0.3802191759067407,0.674222,0.514291692957844,38.0923,13.550000000000011,29.2776
1687242670858,0.4576253516554629,1.06708,0.297235029625529,355.575,3.387900000000002,359.327,0.5110262172279344,0.841324,0.587814867813093,18.9871,338.3557,300.599,0.3782757637297116,0.673411,0.5145722176629504,37.0707,15.966999999999985,32.2789
1687242670913,0.4533376347270311,1.06687,0.2970102818966454,355.687,1.340599999999995,359.281,0.5066968653208104,0.840363,0.5854049545233081,17.6925,336.7352,299.326,0.3778876455572048,0.669356,0.5148067689029173,38.3905,17.089699999999993,32.6145
1687242670970,0.4489729455213501,1.06661,0.2968539101031129,355.819,359.56600000000003,359.409,0.505297319060863,0.838564,0.5850975618326547,17.6572,337.3921,299.574,0.3783877646173461,0.665362,0.5167150909212579,38.6345,20.85890000000001,35.6993
1687242671024,0.4450745354536434,1.06614,0.2964359340942282,356.039,358.0704,359.697,0.5026225030282284,0.835691,0.5853622941343506,18.9073,336.60110000000003,298.859,0.3778565244840044,0.660649,0.5199805268677629,38.933,25.025300000000016,39.881
1687242671081,0.4415549566176995,1.06568,0.2961470313120059,356.34,356.7374,0.0347426,0.4990860225397029,0.834239,0.5840702466296981,19.47,334.9062,297.995,0.3763829651403816,0.658172,0.5221511265224256,39.4059,27.51030000000003,43.9216
1687242671136,0.438232542474028,1.06523,0.2958416638973526,356.502,355.46270000000004,0.428243,0.4952347605557505,0.834839,0.5817722977331901,18.5474,334.6941,299.26,0.3765446124347025,0.66033,0.5208250804628036,37.2934,27.63190000000003,44.336
1687242671192,0.4354742947429351,1.06535,0.2954101289000228,356.558,354.0879,0.795272,0.4896278193493111,0.835043,0.5785810429161108,17.9415,333.0811,299.509,0.3799842089905696,0.663919,0.5175898425221157,35.6872,26.575699999999983,40.3691
1687242671247,0.4328021621457174,1.0655,0.2950497077812096,356.528,352.7087,1.0158,0.4833532496911824,0.834897,0.5755106071806994,17.4717,331.3103,300.766,0.3845523194291496,0.666091,0.5147748442945964,35.3231,25.463700000000017,35.411
1687242671303,0.4306941524261661,1.06539,0.2943958767462493,356.601,351.4239,1.07832,0.4768915246069317,0.834806,0.5721803756668906,16.5453,329.1597,301.203,0.3876806047728366,0.666192,0.5136433533275654,35.9901,25.48770000000001,32.1947
1687242671359,0.4290227416125656,1.06499,0.2936230566558149,356.787,350.3998,1.06077,0.4706608132051392,0.834398,0.5686954939719728,16.1015,327.1915,301.993,0.3890697715416643,0.666009,0.5122994204094534,35.4092,26.79219999999998,32.2717
1687242671415,0.4278731141406311,1.06482,0.2930400526457312,356.848,349.7782,1.03139,0.4649166724914454,0.834232,0.5652615432645098,16.3805,325.8628,304.035,0.3895183440431895,0.665917,0.5119160932503903,35.728,25.969300000000032,30.9548
1687242671470,0.4272139721798277,1.06498,0.2925246131483037,356.741,349.6095,1.0985,0.4605230528169913,0.834341,0.5618801941023781,16.0502,324.06600000000003,304.141,0.3896626883236213,0.666003,0.5118351072719334,35.816,25.703300000000013,30.6578
1687242671526,0.4272539522301357,1.06513,0.2922571704524277,356.704,349.7422,1.28592,0.4568852122640696,0.835247,0.5586427265563603,15.6355,322.7988,305.217,0.3899638001440763,0.665926,0.5116431576129539,35.8238,25.269900000000007,30.0506
1687242671582,0.4276216673304757,1.06517,0.292085616947707,356.743,350.0025,1.31356,0.4543915538313625,0.836247,0.5560412474345934,15.0756,321.7751,306.044,0.3900094391657354,0.665492,0.5118677240389886,36.1005,25.18510000000004,29.9276
1687242671638,0.4279354673184884,1.06484,0.2921463093485752,356.877,350.145,1.37039,0.4526370975301996,0.836896,0.5541952398269954,14.9585,321.3171,307.283,0.3895917693384769,0.664732,0.5126010083736078,36.6996,25.216099999999983,30.2189
1687242671693,0.4282514115015322,1.06478,0.2923126682172923,356.898,350.23560000000003,1.27469,0.4520969255421765,0.837231,0.5532391392970535,14.8344,321.0779,307.597,0.388597170861559,0.66425,0.5133137663056664,36.9922,25.156900000000007,30.704
1687242671749,0.4286765674633564,1.06488,0.2925900351369589,356.893,350.3098,1.12035,0.452375657317174,0.837342,0.5536698846947152,14.6684,321.0027,307.244,0.3876420762912494,0.663668,0.5140891296796822,37.3627,25.417700000000025,31.4146
1687242671804,0.4293626635213693,1.06525,0.2929875489092726,356.694,350.557,0.981182,0.4525056457351506,0.837225,0.5539125944209149,14.4703,320.6166,306.674,0.3868585161429666,0.663759,0.5143549482155729,37.1072,25.63549999999998,31.8434
1687242671860,0.4307213849107238,1.066,0.2935557295021397,356.414,350.9465,0.819567,0.4533127484938611,0.837304,0.5546418646978918,14.5245,320.4195,305.951,0.3857892723124166,0.663121,0.5150478801248042,37.2996,26.216000000000008,33.0337
1687242671916,0.4320734563968597,1.06632,0.2939827513942932,356.14,351.3883,0.530739,0.454346931385738,0.837734,0.5553346437002793,14.4037,320.4826,305.629,0.3850625116876429,0.662663,0.5155729124993093,37.4519,27.192600000000027,34.5374
1687242671972,0.4333657849065469,1.06714,0.2943510895854295,355.714,351.6178,0.170906,0.4560831561249627,0.838142,0.5563516853193414,14.0765,320.4698,304.622,0.3843281851328216,0.662528,0.5157684668674124,37.1493,28.297300000000007,36.1428
1687242672027,0.4342335373667286,1.0677,0.2941660958886485,355.347,351.3127,359.838,0.4574171546819624,0.838571,0.5574779427721126,13.9886,320.60880000000003,304.667,0.3840310434786625,0.662013,0.5160058944087038,37.0922,29.47030000000001,37.5604
1687242672083,0.4341243065052542,1.06813,0.2931778278992339,355.238,350.19370000000004,359.411,0.4596832608927323,0.838076,0.5607371794375773,14.0491,320.66360000000003,304.946,0.3842114553702685,0.661313,0.5167984936449936,37.2567,31.258500000000023,39.5561
1687242672139,0.430339190149959,1.06829,0.2876261521002633,355.287,347.6358,359.816,0.4637117933137069,0.835619,0.5685507371121041,13.4559,321.3917,306.259,0.3883558957599919,0.658055,0.5188171426625371,36.7688,37.03110000000004,44.6024
1687242672194,0.4252332314390641,1.06969,0.2802883765079849,354.833,343.583,0.999475,0.4660587181470424,0.830374,0.5821303122095317,9.06667,324.64140000000003,315.597,0.3941987690476557,0.654539,0.5209479107738774,39.5893,38.85840000000002,44.4534
1687242672250,0.4200946581112247,1.0718,0.2709856344308112,353.42,339.3218,1.80123,0.469946525054808,0.806142,0.6023186919971206,11.5117,331.069,326.312,0.3976080292395468,0.656131,0.5205489183629382,39.6663,38.74860000000001,41.8311
1687242672305,0.4154972917172682,1.07401,0.2610101107733926,351.579,335.1535,2.92806,0.4791798452434198,0.778491,0.6235892994706879,26.1089,336.0486,322.543,0.3974301534798264,0.658532,0.5189098402030862,39.4741,37.02880000000005,38.3779
1687242672361,0.4097621823496634,1.07595,0.2497071512697222,349.831,330.4886,3.88322,0.4886757551100899,0.767798,0.6322518765008838,29.447,329.4746,305.651,0.3935636651689662,0.65998,0.5170601191046552,37.7356,36.752200000000016,39.5678
1687242672417,0.4006743569528092,1.07713,0.2350263924488611,348.208,323.1997,4.95873,0.4938351906100708,0.769174,0.6320458902840228,28.8466,325.82370000000003,296.909,0.3879006246961046,0.659631,0.5155646935455812,36.4291,37.22950000000003,43.421
1687242672473,0.3918685349111919,1.07678,0.2180003705068054,347.134,314.3965,6.60805,0.4952328998147751,0.780979,0.6261919427288183,26.1268,330.1218,302.804,0.3845090476466057,0.657535,0.5139048784603043,36.6216,37.960500000000025,45.2351
1687242672529,0.3824091277825331,1.07738,0.2000303917151016,345.946,306.59852,10.1509,0.4942686229193606,0.79213,0.6185677605386442,23.806,330.1696,304.8,0.3836373730890495,0.656295,0.5130575807170588,38.5392,37.43780000000004,44.2932
1687242672584,0.3738424608543773,1.07523,0.1815999621286257,345.417,299.707,13.415,0.4921304092457506,0.802428,0.6095441007885212,19.8549,326.68850000000003,301.414,0.3843129781339004,0.657006,0.5121793018186602,38.1233,36.76710000000003,43.6654
1687242672640,0.3668217345512531,1.07158,0.1656208419032623,345.606,294.24299999999994,16.5895,0.4883792303877073,0.810993,0.5998529020404318,18.1172,326.2049,304.285,0.3856029366641393,0.656219,0.5110233256120436,38.2128,36.164300000000026,43.174
1687242672696,0.361434609084408,1.06844,0.1541258428078094,345.601,292.284,19.5987,0.4845329258149285,0.816571,0.5895863832958222,17.143,325.4937,305.118,0.3868159139717569,0.655819,0.5097865107305013,38.1769,36.5163,43.5303
1687242672751,0.3574391471494341,1.06497,0.1464911128239672,344.933,292.21900000000005,21.5788,0.4797431568785621,0.822065,0.5783509476328754,16.111,323.4712,305.524,0.388103679525175,0.655612,0.5074875768733775,37.5862,36.720500000000015,43.4064
1687242672806,0.3538166005541161,1.06022,0.1412505898381623,345.645,292.68600000000004,22.2941,0.4750935634644652,0.827657,0.5670300963802712,14.9412,321.92830000000004,307.056,0.3885306497725591,0.655191,0.50538582679122,37.2543,36.96680000000004,43.4748
1687242672862,0.3495415658334955,1.05666,0.138384330579566,346.344,292.84899999999993,21.8269,0.4715224392733592,0.832087,0.5566443435904299,13.9069,321.3926,308.889,0.3880113537809886,0.654836,0.5033122406046489,37.1314,36.92950000000002,43.5882
1687242672918,0.3457427066803616,1.05277,0.1372342353075775,347.599,292.486,20.8357,0.4677580036647103,0.833662,0.5482833437968445,13.8428,321.66560000000004,311.728,0.3870819719055979,0.65455,0.5001425195870047,36.5703,36.8372,43.4724
1687242672974,0.3423981711941599,1.04847,0.1398546819072122,349.188,292.29600000000005,19.2522,0.4642655025016626,0.832968,0.5424479315898011,13.6486,321.5281,313.483,0.3868304930124477,0.653998,0.4978703912089635,36.1072,36.6943,43.3362
1687242673030,0.3399766047938185,1.04406,0.1482292147997823,351.609,293.63200000000006,16.802,0.4609519713197411,0.830137,0.539400104313456,14.4589,321.2,313.627,0.3870527411038034,0.653507,0.4970501163855727,36.1076,36.72500000000002,43.304
1687242673085,0.3403349075725467,1.03928,0.1655576707067221,354.762,298.61799999999994,13.39,0.4580307660693913,0.827061,0.5374434536330001,15.2754,320.451,312.907,0.3871640682140337,0.653227,0.4966735380079038,36.2637,36.534400000000005,43.1873
1687242673142,0.3448151569007415,1.03616,0.1906720473455561,357.768,306.85178,10.5095,0.4554864329682579,0.825103,0.5364740027211548,15.6136,320.02070000000003,313.399,0.3871307189842505,0.653315,0.4962048794660283,36.1375,36.16210000000001,42.8084
1687242673198,0.3527642020938255,1.03434,0.2188073276981366,0.0255895,316.45390000000003,9.05092,0.4534187966616064,0.822959,0.5386487930796529,15.9526,319.7994,313.562,0.3869498797307352,0.652992,0.4967796195502298,36.1459,36.1927,42.9333
1687242673253,0.3629731400243889,1.03335,0.2463852349126064,2.39274,325.8141,7.98889,0.4526924549209457,0.820024,0.544596029049057,16.7972,320.3381,313.38,0.3868048687019486,0.651818,0.5002714645928299,36.8987,36.92439999999999,44.1935
1687242673308,0.3732818282969063,1.03339,0.2727567529405861,4.07775,333.7123,6.98961,0.4536295550315002,0.81624,0.5541012552106377,17.4467,321.7108,312.693,0.3863568421134246,0.651283,0.5048422301934679,37.5527,37.56979999999999,45.3867
1687242673363,0.3829312029755173,1.03319,0.2966441971804329,5.52114,340.0573,6.29618,0.4550894191556203,0.811266,0.5651747280958308,18.746,324.2259,313.667,0.385617117194997,0.651208,0.5094518298555922,38.5749,37.76390000000004,46.3874
1687242673420,0.391247394340964,1.03446,0.3167946811243303,7.34142,344.858,6.09796,0.456670408420388,0.806703,0.5762080300922727,20.3072,325.19870000000003,312.57,0.3851402291941328,0.652151,0.5132909999266664,39.4246,36.72879999999998,45.5722
1687242673475,0.3978279320567788,1.0372,0.3330456174779912,9.0494,348.10720000000003,5.97057,0.4562897360554436,0.802169,0.5863944615847321,21.8746,325.38190000000003,311.531,0.3846889389014388,0.653119,0.5177508315458781,39.7583,36.66410000000002,45.4188
1687242673531,0.4028956301681738,1.04264,0.3467508817531434,9.33667,350.125,5.72204,0.4550074688016056,0.798415,0.5958956254971027,23.2794,325.7704,311.197,0.3841606481807834,0.653034,0.5237098909443461,40.7498,37.42180000000002,46.5225
1687242673586,0.4069089666742055,1.05018,0.3571968032103129,8.47691,351.4955,5.33374,0.4526357289073452,0.79491,0.6043643619951864,24.3825,325.8231,311.352,0.383164798865617,0.652801,0.5302755811701703,41.5497,38.34130000000005,48.3705
1687242673642,0.4109214312900471,1.06009,0.3637190472801571,6.81576,352.5136,4.37525,0.4497856159347681,0.792287,0.6111280327473407,25.1722,325.79990000000004,311.922,0.3826584128822346,0.652977,0.535508771997556,42.0569,38.917700000000025,49.3505
1687242673698,0.415274663236705,1.06986,0.3657098379820136,4.35222,353.3696,3.36134,0.4457207250936877,0.791767,0.6155881413166584,24.8136,327.337,316.251,0.3824718647947702,0.65291,0.5399020862147572,42.6419,39.21640000000002,49.6902
1687242673754,0.4198181159670813,1.07994,0.3631977539295111,0.894017,354.3338,2.24057,0.4413482481058242,0.794304,0.6164321881107423,23.3932,330.4339,323.452,0.381597121660204,0.652632,0.543093019220718,43.1047,39.567800000000034,50.5606
1687242673810,0.4248189245696883,1.0883,0.3553396914253,357.516,355.0486,1.24719,0.4368639444926205,0.799081,0.6133450045877542,22.0557,335.1664,332.642,0.3804107269102308,0.652484,0.5441628180322877,43.4988,39.6739,51.2168
1687242673865,0.430265689156231,1.09341,0.3441445228004517,354.165,355.6003,359.968,0.4341734125215021,0.806718,0.6070088225581414,18.4654,339.35490000000004,340.333,0.3802079801791095,0.652631,0.5432937128815611,43.3658,39.36990000000003,50.7166
1687242673921,0.4348587064818523,1.09525,0.3303150520641386,351.628,355.74150000000003,358.763,0.4330202467906953,0.814367,0.5954749139059414,13.6614,338.778,342.62,0.3796043852440415,0.653131,0.5413728312729345,43.1828,38.79520000000002,50.2924
1687242673976,0.4383979586905775,1.09421,0.31512719843688,349.818,355.1694,357.808,0.4326377561197769,0.820925,0.5825971496245663,9.35918,338.2763,345.536,0.3798351610999428,0.653945,0.5364685523754478,42.775,37.7183,49.1227
1687242674032,0.4404707162995878,1.0916,0.2989980570804937,348.265,353.9209,357.176,0.4339561462169112,0.826791,0.5680717101285725,4.19293,340.59680000000003,349.755,0.3805087397994908,0.655474,0.5306312484827662,41.7651,35.65719999999999,46.8202
1687242674087,0.441498898402654,1.08724,0.2825417047640496,347.148,351.9307,357.149,0.4345060531616748,0.831182,0.5529969268017018,359.249,339.6441,352.661,0.3809529399494024,0.657353,0.524499838349133,41.3095,32.17790000000002,43.6687
1687242674143,0.4418487009006998,1.08163,0.2669630819682964,346.336,349.8179,357.493,0.4337220310849526,0.83273,0.5378439938386345,355.458,339.1583,358.462,0.3792547417927565,0.662147,0.5175715502473893,38.286,27.715300000000013,40.6981
1687242674199,0.4418339131653357,1.07536,0.2530401097883743,346.175,348.07620000000003,357.879,0.4320285262670289,0.832476,0.5222312944746016,349.41,338.1292,6.10462,0.3763099839173036,0.665737,0.51143443903323,36.024,23.48320000000001,38.4273
1687242674255,0.4421789415825209,1.0688,0.2413335879995879,346.476,346.7266,358.387,0.4317938109250988,0.82625,0.5075915155927926,341.508,336.3546,13.1702,0.3730467079179682,0.668416,0.5052349803671721,34.0633,18.32910000000004,35.9347
1687242674311,0.441790664309636,1.06289,0.233101180164734,346.859,345.62940000000003,358.83,0.4317834000753577,0.822224,0.4982625704962553,338.781,331.2037,22.5863,0.3702919517144317,0.673004,0.4980946047986829,30.8132,15.76660000000004,34.709
1687242674366,0.4404931714647685,1.05718,0.228306613519299,348.258,344.6884,358.937,0.432418799764564,0.818096,0.4947878123413678,337.767,332.2924,27.2953,0.3669737807663847,0.681588,0.4903157397426778,24.4721,12.997900000000016,32.9362
1687242674422,0.4384179180623809,1.05278,0.2279569732529132,349.385,343.9525,359.141,0.4356426898296653,0.814597,0.4936139806463873,336.44,332.6855,30.2345,0.3631105189524681,0.695707,0.4839318847038214,16.7985,9.18900000000002,25.7399
1687242674478,0.436082804826748,1.04788,0.2310858082080957,351.551,343.6234,359.211,0.4413465467068284,0.814331,0.4932541296705102,333.644,329.2964,32.9781,0.3578124987041172,0.716961,0.4756564778589548,2.51073,3.4599000000000046,9.08251
1687242674533,0.4334078053411539,1.04236,0.2379043357435737,355.238,343.5722,359.128,0.446604523340609,0.819348,0.4952589934361106,330.335,324.69960000000003,33.7459,0.3559790124102762,0.734414,0.4696262332527803,353.395,4.734700000000032,352.518
1687242674589,0.4307363957707063,1.03684,0.2480394149690619,359.53,343.6848,359.182,0.4500609372195665,0.820975,0.4948621293569222,330.107,318.7069,33.9911,0.3524267165033641,0.753122,0.4654397851413455,340.509,0.7463999999999942,335.981
1687242674644,0.4277544627940703,1.0329,0.2611224949093071,3.58691,343.9599,358.987,0.450105897094297,0.818797,0.4941545216904401,332.981,314.41790000000003,34.8111,0.3497348741731585,0.764211,0.4670937993097592,340.386,9.841000000000008,328.063
1687242674701,0.4265037926229807,1.02891,0.2759612106597738,7.09311,344.2576,358.762,0.4478109889805208,0.813256,0.4964104571392781,337.061,311.54688,34.8821,0.3517826786083776,0.771858,0.4680262058708134,335.99,15.25920000000002,319.606
1687242674757,0.4258009194117197,1.02705,0.2913935150647838,10.4025,344.6994,358.19,0.4457935502404346,0.802148,0.5001738154706092,343.754,309.06227,39.007,0.3552674493599705,0.76764,0.4750364900882216,339.228,20.19889999999998,310.382
1687242674812,0.4257819879261192,1.02809,0.30638962144607,12.3605,345.4393,357.719,0.4433933968156796,0.782155,0.5030850549897208,355.848,305.05378,45.6053,0.3611004834662035,0.754434,0.4778212698129975,339.628,24.635700000000043,298.654
1687242674868,0.4263054292814319,1.03115,0.3205978435075227,13.2658,346.4443,357.389,0.4399873846984661,0.763074,0.5069115399900043,2.78754,306.71287,52.1166,0.364462353447562,0.736413,0.4791760562273228,346.491,30.99290000000002,292.714
1687242674923,0.4269968907615317,1.03445,0.3324649040543277,13.8807,347.50010000000003,357.369,0.4373129373424174,0.746071,0.5075129752231955,10.6915,306.72987,55.1995,0.3676428477979986,0.723082,0.4815487900275712,352.547,33.06020000000001,292.93
1687242674979,0.4277532712504704,1.03769,0.3427517736246077,14.3291,348.36400000000003,357.493,0.4330348805653246,0.735243,0.5061072500679926,14.3084,305.76005000000004,57.182,0.370096546221253,0.716,0.4824044237387578,353.008,31.62020000000001,294.076
1687242675035,0.4284737457466631,1.04085,0.350948320550011,14.3296,349.0075,357.815,0.4271945913558213,0.729784,0.5046005158680226,15.1703,308.27295000000004,57.6085,0.3705092813073845,0.712914,0.483869429796314,356.401,32.459900000000005,296.434
1687242675090,0.4288852549258449,1.04241,0.3561109672738773,14.3599,349.5228,357.869,0.4219343935945073,0.727105,0.5028835462958204,15.3352,309.16573,57.9085,0.3711350214354739,0.714033,0.4860570802007657,357.346,31.030500000000018,297.636
1687242675146,0.4293064088721664,1.04301,0.3584945423940482,14.4359,349.6927,357.903,0.4198950359364027,0.72648,0.4979694781906422,17.3703,302.636,59.7605,0.3693633802039377,0.712975,0.484072152910732,358.916,34.29660000000001,295.308
1687242675202,0.4295632693074811,1.04311,0.3590903533680744,14.3073,349.7894,357.725,0.4192141182946788,0.724518,0.4970907511766105,14.7858,303.939923,60.4506,0.3658890441640817,0.709643,0.4811993650518469,359.567,33.84879999999998,294.6
1687242675258,0.4297753357867148,1.04158,0.3545535999244338,13.7948,349.7581,357.656,0.4188098522877694,0.724662,0.4932457832969452,14.7721,303.8525894,59.7221,0.3654765118473916,0.709229,0.4775272024618072,0.0341988,33.753300000000024,295.701
1687242675313,0.4300111765093984,1.04075,0.3493980316576445,13.3528,349.5709,357.518,0.418413797247377,0.723048,0.4891991657705437,14.0843,303.222,61.3836,0.3656995748261483,0.706536,0.4730841724250521,0.910354,33.52230000000003,296.313
1687242675369,0.4303025853679758,1.0403,0.3438598902837588,11.9173,349.3168,357.458,0.4173735156236655,0.719331,0.4850386838100771,13.5281,300.981,64.5768,0.3663584728780019,0.703457,0.4684131560091888,2.6178,32.90390000000002,296.437
1687242675424,0.4305891910483234,1.03935,0.3381312182575391,10.7306,348.9666,357.547,0.4170057584256556,0.714967,0.4807071729139448,12.2137,300.26800000000003,66.4223,0.3658473407421884,0.700325,0.4642341856886747,3.57478,31.967600000000004,296.203
1687242675481,0.4310043258245041,1.03793,0.3328965384089137,9.78285,348.6151,357.568,0.4168210270191546,0.710369,0.4754950000170187,10.5776,299.9290000000001,67.2938,0.3655217147074252,0.697825,0.4597445041091543,6.13472,32.2398,296.532
1687242675536,0.4310877923577951,1.03643,0.3286961806458393,8.9818,348.08070000000004,357.417,0.4146796053410726,0.704611,0.4674013030127665,10.8937,296.91599999999994,69.3923,0.3674697591424493,0.697778,0.4597099805060493,6.48856,30.477700000000027,297.835
1687242675592,0.4310668872639736,1.03503,0.3257510346431678,8.37518,347.37330000000003,356.999,0.4154166618518485,0.702317,0.464002898578341,11.3927,300.49800000000005,68.5842,0.364513465170653,0.695324,0.4531979134031763,7.74614,31.71030000000001,296.673
1687242675647,0.4312630277494348,1.03456,0.3241888970340042,7.76963,346.8317,356.448,0.4166537366397722,0.699554,0.4597137940133899,9.50855,298.223,66.0283,0.3662307533230553,0.695566,0.4491156230654345,8.2235,32.40050000000002,295.515
1687242675703,0.4315383481602968,1.03454,0.3232753305770002,7.40867,346.5409,355.944,0.4173908309595015,0.696967,0.4570578570857083,10.7405,297.707,63.6732,0.366803632612664,0.696612,0.4458692444184593,8.91037,30.190500000000043,293.82
1687242675759,0.4320687656528144,1.03594,0.3240622659514951,7.04121,346.38210000000004,355.65,0.4178036361828738,0.697994,0.4556683705447313,11.2349,298.366,63.8758,0.3677239653853724,0.697585,0.4457681870709828,9.01058,31.86220000000003,294.951
1687242675814,0.4329729633461283,1.03814,0.3252367750112327,7.09333,346.3276,355.573,0.4184721150581605,0.697574,0.4574363074760994,11.9615,299.645,64.3487,0.3679745530603461,0.697132,0.4481540309085279,8.61784,33.1626,295.744
1687242675870,0.4338867218335249,1.04062,0.3264794939765305,6.85931,346.41380000000004,355.59,0.418620894074024,0.696984,0.4606785279813148,13.6247,299.71500000000003,63.1517,0.3674272405878621,0.696467,0.4512822091415356,9.6325,33.76510000000002,297.452
1687242675925,0.4349961881975954,1.04185,0.3266573658039686,7.23869,346.59520000000003,355.415,0.4189167899030244,0.697892,0.463694702820143,15.5567,299.21900000000005,62.5098,0.3668290927866855,0.696298,0.4543686049696736,10.3935,34.36500000000001,299.119
1687242675982,0.4361491868408133,1.04328,0.3266845527261499,7.55267,346.8263,355.342,0.4200799514321049,0.697206,0.4675731607942954,18.5737,300.414,64.6382,0.3670756024718152,0.698394,0.4563636696240487,10.1988,35.75369999999998,301.517
1687242676038,0.4373207821467073,1.04502,0.3261409164146265,7.75369,347.2437,355.247,0.4228333474369663,0.697949,0.4702462527194663,21.0993,308.17965000000004,70.2669,0.3671616927970381,0.697658,0.4561327487373732,12.941,38.35210000000001,306.738
1687242676093,0.4384369879903654,1.04692,0.3254947666528965,6.98434,347.6699,355.209,0.4219253134015062,0.700444,0.4702524325613784,24.5391,310.82611,74.9833,0.3655980596051612,0.696592,0.4570363062846612,12.2973,37.95159999999999,307.956
1687242676149,0.437468217897881,1.04769,0.3079085530311913,6.56151,347.9746,355.123,0.4168133667463429,0.700586,0.4536191019180438,21.6903,308.4267,73.9489,0.3630033370196137,0.697955,0.4392413164902211,10.7387,38.70960000000002,309.444
1687242676204,0.4347565902741054,1.0478,0.2802743724434821,6.36456,348.2079,355.063,0.4116004356771995,0.708193,0.4257592421904222,12.9554,304.552976,72.1619,0.3617636327711241,0.69884,0.4103185143221839,9.74183,39.67309999999998,308.993
1687242676260,0.4360430007530798,1.04767,0.2768355301848745,6.08294,348.3766,355.227,0.4124796267927911,0.710209,0.4214172956243918,8.85546,301.616,72.2161,0.3622955290364183,0.701365,0.404359448005808,7.81723,43.97199999999998,309.102
1687242676316,0.4375489974772318,1.04734,0.2727791615050275,5.9561,348.659,355.397,0.4137764920243577,0.711488,0.4201026616178509,8.27394,304.298635,75.441,0.3638007389012354,0.702771,0.4049523090880671,8.18086,42.81170000000003,306.996
1687242676371,0.4391214513696869,1.04741,0.2691006941942984,5.55277,349.0319,355.547,0.4150741385004424,0.710458,0.4206407281779578,8.08638,304.78233900000004,72.7757,0.364870190269024,0.704234,0.4043675435180006,11.8233,44.67500000000001,309.195
1687242676427,0.4407430057443224,1.04754,0.2661499006721928,5.0644,349.41290000000004,355.486,0.4165045812296171,0.709758,0.4233185772399012,8.72544,305.69306,68.6361,0.3650926297890452,0.706474,0.4084172676641534,15.2153,45.38,308.955
1687242676482,0.4421987884369017,1.04773,0.2642547442797053,4.67897,349.9248,355.092,0.4173920036975106,0.710821,0.4261577768389921,7.3663,308.37823000000003,60.9369,0.3659187075452586,0.712142,0.41108573698957,27.5469,52.66399999999999,315.59
1687242676539,0.4435143385929181,1.04809,0.2632826024243129,4.4549,350.45320000000004,354.906,0.4232777132959515,0.71568,0.4299434138425649,8.00218,311.17571000000004,53.6671,0.3712951008303248,0.720267,0.4182882013070308,29.6493,67.767,323.71
1687242676594,0.4445735861576186,1.04873,0.2633063636674622,4.48054,350.91200000000003,354.922,0.4301800792492151,0.724081,0.4378632298282573,6.7807,316.3011,53.7515,0.3791248452060057,0.730149,0.4305018441711189,28.8196,73.04200000000003,322.686
1687242676650,0.4453322744989854,1.05031,0.2642437397929711,4.12417,351.2662,354.959,0.4370880682696945,0.732069,0.4481355228874012,4.1569,318.4556,53.3093,0.3869785149498089,0.73986,0.4391398370835536,30.2275,81.46600000000001,327.475
1687242676705,0.445248483782182,1.0514,0.2653840889130995,3.76411,351.3681,354.997,0.4436573975488894,0.738271,0.4544972674454225,2.82277,320.89140000000003,52.8513,0.3929172396081698,0.747347,0.4485844341862455,30.9093,83.02300000000002,326.427
1687242676761,0.4443835237729144,1.05168,0.2658680612081411,3.73793,351.0221,355.151,0.4462419497188368,0.742162,0.4605277350956814,359.963,322.0106,51.6063,0.3952516585349576,0.754276,0.4547787412721312,34.3069,80.57100000000003,322.224
1687242676818,0.4430717537802658,1.05196,0.2660638914570475,3.5596,350.531,355.308,0.4466903992464024,0.746702,0.4616703912212179,356.487,323.25870000000003,50.2528,0.3962122133621058,0.761469,0.4569937616837849,36.8356,80.596,319.531
1687242676872,0.4412133743240578,1.0512,0.265128625293464,3.79323,349.80510000000004,355.48,0.4451787547690284,0.751421,0.4606149216697743,354.126,322.3749,48.4176,0.3954953831661619,0.768849,0.455033158850424,39.5438,78.51600000000002,317.913
1687242676929,0.4390138761609703,1.05071,0.2642051076539061,3.70116,349.1257,355.632,0.4416090073527465,0.756283,0.4568733774185394,350.571,321.6073,47.0618,0.3929540978883148,0.776146,0.4500146605554559,42.536,74.96300000000002,314.473
1687242676984,0.436834996360711,1.04975,0.2628971425106313,3.8027,348.5838,355.772,0.4389201706255107,0.761259,0.4524326061956246,347.854,319.46320000000003,47.1636,0.3910773092773187,0.78211,0.4433876405230706,43.452,70.30600000000004,310.84
1687242677040,0.4348010704522982,1.04851,0.2613922576648416,4.26803,348.4189,355.744,0.4364880762500738,0.766931,0.4499716257103366,344.22,318.0892,48.0289,0.3895381452279595,0.78857,0.4388306723391615,44.0778,64.24099999999999,304.923
1687242677095,0.4332142519973085,1.04747,0.2603305532846566,4.8833,348.5851,355.925,0.4372027102497832,0.774719,0.4500648311096408,341.105,317.4488,49.5834,0.3909958954693765,0.796669,0.4376718780374633,43.2939,60.207,300.032
1687242677151,0.4321663505260231,1.04705,0.2598599584414232,5.39668,348.7385,356.395,0.4405022115464384,0.783901,0.453172593036393,338.062,316.6843,52.4332,0.3940571842817281,0.804589,0.4393506319823197,41.3917,55.702,294.066
1687242677206,0.4314228050175881,1.04765,0.2598763620046321,5.24437,348.6442,356.876,0.4448704336529723,0.789567,0.4574831154673738,336.652,316.23490000000004,55.9934,0.3977281717740724,0.808766,0.4438186405802358,35.6673,50.25200000000001,285.734
1687242677262,0.4309911451414809,1.0495,0.2615576575620399,4.26286,348.8029,356.497,0.4481985464817662,0.78924,0.4616258949689665,336.998,314.1709,61.7742,0.3999503220422798,0.804854,0.4478750672325376,28.9004,49.285000000000025,283.832
1687242677318,0.4310461126113318,1.04921,0.2614402327892781,4.8501,348.6264,356.561,0.449006575281981,0.785383,0.4657288562724671,336.377,312.82903,69.0638,0.3997814964545447,0.796756,0.4525429245483654,21.9628,49.27199999999999,281.515
1687242677374,0.4314221107202478,1.04772,0.2608154724975727,5.33894,348.19820000000004,356.458,0.4477053561797675,0.778034,0.4660752676580109,336.895,311.89765,72.9301,0.3974829591794264,0.785716,0.4550756628678315,17.083,49.63900000000001,279.755
1687242677430,0.432837523453129,1.04649,0.2602855132580101,5.39616,347.6573,356.483,0.4477012220111449,0.771341,0.4660888657700049,339.136,308.89791,75.3956,0.3979692308490996,0.776109,0.4533806723477184,12.6087,46.423,279.995
1687242677485,0.4353168367624296,1.04473,0.2600361329975144,5.65024,347.0753,356.283,0.4452979193898879,0.770835,0.4657686993903532,338.447,305.26788,80.7295,0.3957700171557531,0.771783,0.452171760386078,8.74496,44.62800000000004,279.401
1687242677541,0.4385266606816947,1.04235,0.2597706515342953,6.44116,347.0018,355.177,0.4408815557611877,0.776141,0.4649886652250154,339.077,298.999,88.137,0.3915158665414422,0.772116,0.4487704517334033,359.688,39.899,276.527
1687242677597,0.4419740850899502,1.04126,0.2598924503412058,7.31054,347.4664,354.172,0.4368059816427648,0.784118,0.4637362038063517,342.117,291.491,97.8257,0.3888417087908709,0.772644,0.444029836338219,351.495,31.732500000000016,279.169
1687242677652,0.4453676647569072,1.04211,0.2608613812180055,7.05301,348.3424,353.741,0.4320811975407521,0.794769,0.461073550770493,340.054,285.11,102.849,0.3864710768541955,0.781298,0.4393435539928183,347.718,28.5564,276.194
1687242677708,0.4486144458344931,1.04471,0.262222212814578,6.53209,349.337,353.617,0.431919671905795,0.803177,0.4627521092202503,341.375,284.1210000000001,106.011,0.3880360801482813,0.783176,0.4401659466542038,343.703,28.43119999999999,277.647
1687242677763,0.4512533691084703,1.04704,0.2637769693723907,5.60189,350.59000000000003,353.343,0.4314900563883817,0.79991,0.4672335325998472,345.237,284.10900000000004,112.049,0.3874529390831295,0.778974,0.4477489991067543,338.086,30.55680000000001,279.708
1687242677820,0.4531311041697649,1.04812,0.2643924131469023,5.32054,351.6805,353.391,0.4290431546927964,0.790938,0.4681856571148881,344.659,286.598,107.094,0.3853821779095479,0.772309,0.4484396923541419,342.86,30.795000000000016,280.043
1687242677875,0.4541575726361135,1.04862,0.2639555579219229,4.99128,352.3941,354.064,0.4248542518048464,0.78242,0.4651101102374493,347.046,286.433,107.249,0.382268778845976,0.762034,0.4459101267252345,341.638,30.85790000000003,281.647
1687242677931,0.4545023884914654,1.04929,0.2631242312557453,4.97229,352.57710000000003,354.448,0.4217783608256863,0.773733,0.4657949661962623,350.923,286.96399999999994,111.951,0.3804892484475364,0.751746,0.4460291962890591,336.591,30.892800000000022,285.309
1687242677986,0.4532258491657751,1.0506,0.2613000494254537,4.28114,352.5607,354.444,0.4204392123595444,0.760286,0.4647311225114902,353.938,291.172,107.238,0.3788793117584025,0.740777,0.4453500027547988,340.55,32.21100000000001,290.33
1687242678042,0.4515267497647727,1.05235,0.2596841366105057,3.28491,352.4667,354.784,0.4225091873981645,0.753555,0.4623297322184537,351.413,293.9190000000001,102.022,0.3789470708079964,0.734956,0.4445272508412805,346.194,34.66129999999998,288.467
1687242678098,0.4490783738419249,1.05346,0.2578441753771044,2.31761,352.281,355.418,0.4242968152136146,0.745712,0.4622389368803083,352.462,293.395,101.397,0.3791916769991363,0.725534,0.4424946336094201,347.569,31.13240000000002,290.52
1687242678153,0.445891448098345,1.05374,0.2557332728912213,2.04512,351.464,356.233,0.4257439661392411,0.734515,0.4609043226295009,353.092,293.116,99.0043,0.3801628509491424,0.714564,0.4394028071008932,351.062,27.31650000000002,292.0
1687242678209,0.4416070763405947,1.05427,0.2540718425913316,1.77267,350.10040000000004,356.762,0.4287160378546218,0.721445,0.4587269648916374,352.359,294.831,95.8993,0.3815251548681596,0.704067,0.4363451763134647,354.258,26.498699999999985,292.194
1687242678265,0.4366556621258669,1.05502,0.2526920936017719,1.32399,347.76210000000003,357.075,0.4308057315716022,0.70864,0.4544603539216505,352.967,294.33500000000004,92.0093,0.3828525449182469,0.693816,0.4314252031778746,357.776,27.12530000000004,293.548
1687242678321,0.4313508703034289,1.05643,0.2523070472141838,0.822791,345.6413,357.297,0.4346241720030986,0.696574,0.4507825695789907,354.984,296.47,85.1188,0.3831299283029208,0.684396,0.4272502669558579,3.22654,27.2688,298.688
1687242678377,0.4271504701973916,1.05758,0.2526351690653342,0.158364,343.7998,357.912,0.4382431409707023,0.691366,0.4511228688759646,353.176,298.39,76.5626,0.3774738623958708,0.681129,0.427510734717983,3.82437,25.584400000000016,303.468
1687242678432,0.4231468921076429,1.05896,0.253490988835662,359.917,342.54200000000003,358.465,0.4431518981385327,0.692154,0.454844093549009,348.611,306.84029000000004,62.2667,0.3681763624333998,0.683092,0.4278647226384718,3.94853,24.467899999999982,308.867
1687242678487,0.4194222610835532,1.05963,0.2544561042351808,359.806,341.3852,359.176,0.44960100339879,0.69789,0.4583909601016327,348.861,318.2508,42.5749,0.356087403389131,0.698762,0.4288359019349926,359.464,24.590400000000045,324.096
1687242678543,0.4156224589448269,1.05946,0.2551273722193216,0.0453258,340.3098,359.4,0.4565252065812772,0.712877,0.4646824087653058,352.647,336.7667,16.5874,0.3414513763973306,0.724716,0.4321824839069892,351.081,17.52170000000001,347.514
1687242678599,0.4120964348799238,1.05785,0.2550930896621869,0.60939,339.2105,359.763,0.4674803522458978,0.72417,0.4762851532883464,358.971,346.8011,0.322491,0.3247838022992918,0.738514,0.4381550364338729,351.422,9.491800000000012,13.7207
1687242678655,0.408774854583701,1.05554,0.2544995533652815,1.64317,338.0435,0.213865,0.4703214864753167,0.730154,0.4752496218834995,359.03,338.4205,347.334,0.315578959071286,0.737914,0.4398212696551945,354.493,357.865,28.1057
1687242678710,0.4055112446084611,1.05403,0.2539081246464029,2.41886,337.0319,0.180866,0.4671965172049422,0.731349,0.4708817986202235,0.995043,334.5711,339.297,0.3187694211804253,0.73554,0.4418961097767815,356.595,354.4928,31.1177
1687242678766,0.4024445836783978,1.05284,0.2526096286933773,3.00894,336.12800000000004,0.238647,0.4615091302185932,0.726077,0.4639248315894329,359.134,330.6619,333.987,0.3243557335302806,0.729598,0.4437317143992029,1.33543,0.6131000000000313,30.9763
1687242678821,0.3997427615473501,1.05295,0.2512305557539791,3.24166,335.1582,0.94088,0.4519569198759481,0.712929,0.4523720918896966,357.404,326.1477,333.88,0.3315590758203241,0.711962,0.4427158256983751,6.80507,14.300900000000013,30.2067
1687242678878,0.3971434463050349,1.05358,0.2508045401778924,2.81194,334.2683,1.61353,0.4451523835927728,0.701223,0.4409438803510982,356.764,324.3582,338.836,0.3345053923866816,0.705984,0.4389684355811325,5.00171,15.6413,20.6123
1687242678933,0.3956136251299055,1.05401,0.2503942230174842,2.65894,333.605,2.09374,0.4442016449205747,0.703341,0.4428330754117489,358.609,327.93690000000004,342.459,0.3375923835228427,0.704872,0.4325046810433067,358.104,2.81880000000001,12.8794
1687242678989,0.3952943114466083,1.0545,0.2499172379321207,2.59199,333.57390000000004,2.15254,0.4442250638441742,0.705116,0.4433300427688432,357.967,325.56530000000004,340.189,0.3394104267848821,0.715833,0.4268723621871558,353.135,356.8571,5.16544
1687242679044,0.3954547040930448,1.05557,0.2492382532496948,2.09215,334.27430000000004,2.44074,0.4409202476778889,0.7037,0.4432343186493174,359.243,322.65070000000003,339.621,0.3413829361848487,0.720739,0.4235434211142254,345.569,353.1569,3.19599
1687242679100,0.398185446800837,1.05914,0.2481996054442093,0.427196,335.4791,3.44966,0.4432200875471665,0.702841,0.4415250317875879,358.005,322.3509,336.658,0.3429279815367753,0.725406,0.425817227803566,344.987,347.1908,0.991206
1687242679156,0.4014512324638803,1.06522,0.2457329621779342,357.712,337.2027,4.44333,0.4479272556699071,0.705077,0.4377529071522855,354.026,318.5883,330.778,0.3443489380204712,0.728176,0.426875644862878,344.865,345.9195,1.46351
1687242679212,0.4055825996786041,1.07265,0.2400706885235525,353.935,338.6204,5.37215,0.4578996703236758,0.713088,0.4318242638021338,349.086,314.8964,324.729,0.3433626329347435,0.733961,0.4229485885508462,344.568,350.2183,5.32687
1687242679267,0.409868406440431,1.08087,0.2313494960362673,348.887,339.4901,5.74165,0.4714697418751021,0.716162,0.4320409088786336,343.02,322.0077,320.467,0.3414014729817568,0.739542,0.4157137778664675,340.078,353.4688,12.7949
1687242679323,0.4148082456920638,1.08792,0.2201916329716824,344.383,340.2982,5.94707,0.4639043340316169,0.708665,0.4350164196182768,351.398,322.4382,325.614,0.3405019550251372,0.744941,0.4093170252179966,336.991,355.6184,17.6681
1687242679381,0.4221418268935173,1.09652,0.2068283999885422,338.484,341.1524,6.25763,0.4643354192422833,0.710236,0.4344811378783074,351.326,321.9592,323.871,0.3424776968817939,0.74888,0.4043481037942011,334.918,354.067,17.2664
1687242679435,0.43045029219375,1.10542,0.1899941950962751,330.623,342.5285,5.98064,0.4651087392157667,0.711066,0.4297455565815063,347.556,317.4107,321.546,0.3440780505973839,0.749089,0.4009000613082393,332.466,350.89340000000004,13.05
1687242679490,0.4401502504735587,1.11234,0.169703750587345,323.215,344.5664,4.71346,0.4662933077606868,0.712862,0.42526656759264,345.551,319.6098,323.431,0.3421794931007288,0.747247,0.3963706856965358,328.476,345.2042,14.5876
1687242679545,0.4354694108461839,1.11683,0.1816580672369353,315.096,166.4293,3.43499,0.4241575964435602,0.714951,-0.0949070139915534,347.409,138.0885,328.813,0.5422310286539215,0.744606,-0.0642575033255538,324.801,160.39839999999998,15.2137
1687242679601,0.4269058931796521,1.11957,0.2059218748972139,307.087,167.935,2.18091,0.428846465484808,0.717205,-0.0920265718182009,348.881,137.4701,333.816,0.5414095910317724,0.743364,-0.0695669140492517,329.361,162.34539999999998,14.601
1687242679657,0.4197585573257335,1.11847,0.2306347694907513,299.396,168.5405,1.5902,0.4309963942963581,0.719082,-0.0904850219146082,349.223,136.8252,335.741,0.5405747525749002,0.739551,-0.0730430115379489,335.261,165.6663,16.8677
1687242679713,0.4141926691236887,1.11571,0.2549111307815696,291.088,168.4039,1.4531,0.4308376223567052,0.720282,-0.0947434358765403,349.984,135.4527,334.336,0.5377292116381156,0.733023,-0.0743042120680326,338.621,170.0338,17.9584
1687242679768,0.4101521319362867,1.10898,0.2766897966782039,284.498,166.1288,3.21667,0.4296422683257116,0.719382,-0.1028242485052669,351.298,138.8587,329.928,0.5329257607278399,0.724464,-0.076769795234866,343.663,175.574,18.8688
1687242679824,0.4077075299487576,1.1016,0.2928620861303058,281.365,162.4673,6.33878,0.4280660465688259,0.722792,-0.1083371731350003,351.904,140.5183,325.919,0.5276277875902491,0.716481,-0.0831414675925257,351.654,181.2632,19.799
1687242679880,0.4057202362436187,1.09496,0.3032299366659529,281.163,161.042,7.8331,0.4239038939393413,0.726656,-0.1123596463156286,352.71,143.58769999999998,320.909,0.5260114756867504,0.713911,-0.0839632071075844,355.129,180.2284,16.6406
1687242679936,0.4033881797651393,1.09059,0.3108429703964168,280.496,164.4435,4.76331,0.4244305076517881,0.725518,-0.1105196033819276,353.984,141.5081,318.024,0.522370551885488,0.704789,-0.0827364333413993,355.827,179.925,12.609
1687242679991,0.4019912547905787,1.0871,0.3158046795389854,279.684,168.096,1.43658,0.4224041700866719,0.720086,-0.10416660534382,352.434,140.7459,317.045,0.0,0.0,0.0,354.366,179.6993,13.1913
1687242680052,0.4009507269736554,1.0846,0.3196108169330122,279.27,169.0596,0.828116,0.425989059611512,0.720307,-0.0931113545961123,351.47,139.1744,315.932,0.0,0.0,0.0,353.848,182.9319,15.8737
1687242680105,0.4005822234655968,1.08287,0.3228407171117404,278.664,167.9198,1.8303,0.4312758570968414,0.71896,-0.0849030450655746,352.422,137.3258,314.582,0.0,0.0,0.0,355.558,183.0665,15.5355
1687242680161,0.3999924897568128,1.08155,0.324530359130845,278.554,166.6805,2.94668,0.4389672681527373,0.71062,-0.0798833342203922,354.092,137.3742,315.591,0.0,0.0,0.0,355.36,183.6917,17.1064
1687242680217,0.3993485776987651,1.08154,0.3253031839890766,278.086,166.673,2.95151,0.4438697931210177,0.698699,-0.0798439269192022,356.205,136.9301,316.526,0.0,0.0,0.0,354.312,183.1308,18.7435
1687242680273,0.3990348041904347,1.08182,0.3246780830488519,277.721,167.1118,2.54445,0.4517812843453936,0.679831,-0.08140006656802,358.927,137.0599,317.459,0.0,0.0,0.0,354.257,182.2887,20.8908
1687242680329,0.3993586352791296,1.08411,0.3191254572352392,278.373,168.4623,1.17534,0.4493067306909155,0.667591,-0.0895114295367883,359.812,139.9482,318.644,0.0,0.0,0.0,352.959,181.8229,25.5564
1687242680384,0.4005816922354313,1.08796,0.3098432365590412,280.148,170.3303,358.905,0.4425356355977912,0.664163,-0.1002785013875687,358.482,139.8175,316.405,0.0,0.0,0.0,352.14,177.8727,24.4465
1687242680440,0.4032834273196647,1.09317,0.2941197617352428,284.668,170.3233,358.675,0.4388850802864876,0.669326,-0.109130907609558,358.221,139.9971,314.67,0.0,0.0,0.0,350.461,171.1657,24.352
1687242680495,0.4073257746150514,1.09881,0.2721280870981563,290.823,170.37099999999998,358.264,0.4386305286617621,0.663187,-0.1219667600732766,0.673445,140.4044,315.661,0.0,0.0,0.0,350.219,166.5331,24.0661
1687242680553,0.4131817775478057,1.10216,0.2430846216084531,299.751,169.73149999999998,358.439,0.4430818729775826,0.650886,-0.1372140526454683,2.48211,139.2929,314.467,0.0,0.0,0.0,349.075,163.992,22.1059
1687242680603,0.420967020604528,1.10094,0.2085425842547045,310.736,169.4268,358.309,0.4512577332080978,0.636756,-0.1464033882847341,4.82769,137.9451,314.683,0.5515415218196467,0.69794,-0.1016389318297051,346.094,163.2955,18.1149
1687242680659,0.4279874789719474,1.09003,0.1707531292531922,325.067,168.66989999999998,358.238,0.4436725284391541,0.653116,-0.1392906005321581,9.09115,139.7129,317.735,0.5432949157969788,0.698096,-0.0965082092580885,347.807,162.82,14.114
1687242680715,0.4366037206901941,1.06891,0.1366740597434073,342.56,167.2714,358.368,0.4379252276557587,0.670171,-0.1319400441106902,14.9475,142.3834,323.222,0.5342317707438605,0.703067,-0.09211006706551,348.75,165.9316,11.9737
1687242680771,0.4451503148811177,1.04895,0.1083601336162226,357.479,166.3905,357.799,0.433674270363084,0.685754,-0.1274612733981112,18.1795,144.9259,325.637,0.5354197754615686,0.705928,-0.0949427094345188,350.008,170.5056,15.471
1687242680826,0.4513342850871488,1.02721,0.0822800848146786,9.53405,165.8646,356.573,0.4401109917440967,0.686546,-0.138319141644835,21.4145,147.3004,327.208,0.5413712802707648,0.707522,-0.1018210522222923,352.681,175.20929999999998,20.3602
1687242680882,0.4540601312537162,1.01034,0.0600421526339157,20.6023,165.6424,354.706,0.4416963482592563,0.688395,-0.141633195011913,21.4241,147.1371,324.551,0.5474319492689008,0.706002,-0.1090468474238622,357.982,178.039,22.4098
1687242680938,0.453863930814355,1.00395,0.0316507019772902,23.3705,166.7837,353.495,0.4390215519110426,0.687235,-0.1443938031868599,19.207,144.1538,320.488,0.5471412285141293,0.704417,-0.1108113488953111,358.127,177.4078,22.7125
1687242680994,0.4547484395629193,0.996921,0.0096983683137885,25.9872,168.5335,352.831,0.4401403517363949,0.687775,-0.1471572524718644,19.4572,143.8259,320.962,0.5467902700355965,0.70268,-0.1146270198908696,358.645,180.2475,22.3363
1687242681049,0.4539588244745117,0.992259,-0.0066349581083509,30.1157,169.3437,352.528,0.4424295077266028,0.687423,-0.1506765089064674,19.3444,142.29059999999998,320.328,0.5458300144721667,0.700883,-0.1200107715802496,359.081,179.8751,21.2058
1687242681104,0.4522739130128604,0.991203,-0.0196480667056998,31.8737,169.87869999999998,352.473,0.4446536557333297,0.685865,-0.1555529944897715,21.2327,142.0558,320.536,0.5438260604287193,0.69897,-0.1268547131486551,0.966998,179.9637,19.4188
1687242681160,0.4508651864552724,0.993702,-0.0282093958949055,32.2214,170.21429999999998,352.357,0.4449348204733205,0.685595,-0.1599254116003622,22.2839,141.51749999999998,320.578,0.541098687945554,0.697888,-0.1318653659342783,1.78671,180.2026,18.1641
1687242681217,0.4499510887565981,0.997324,-0.0330981653103391,31.6338,170.30939999999998,352.201,0.4443655470962897,0.685341,-0.1640510190492361,23.4849,142.5263,321.52,0.5390221853874526,0.698014,-0.135612548759575,1.71809,179.8896,16.6703
