1687242625601,-3.8500212099791513,1.09495,0.0962888213659222,359.983,87.437412,1.01962,-3.511508421777068,0.679133,0.0480840205276405,1.60188,84.17319999999995,352.781,-3.5782796212468693,0.713041,0.2258650797004726,7.81041,89.25327999999999,9.60914
1687242625656,-3.816631674146232,1.09511,0.0975499148190812,359.893,87.42801299999999,1.0383,-3.478192418746539,0.679147,0.0492799534139483,1.63004,84.15919999999994,352.807,-3.544751036400334,0.71294,0.2270535472332384,7.92465,89.25545,9.78772
1687242625712,-3.783061027208323,1.09557,0.0986644650402383,359.632,87.445483,1.07184,-3.444690015460114,0.679287,0.0505028803693818,1.59265,84.14520000000005,352.834,-3.511209271549436,0.71299,0.2282482843457807,7.87254,89.28957,9.7827
1687242625768,-3.750128257435395,1.09592,0.0998800404965623,359.513,87.429204,1.11697,-3.4113859827513644,0.679248,0.0514713700210036,1.63677,84.16420000000005,352.829,-3.477966704027209,0.71298,0.229610129651799,7.8354,89.28414,10.0664
1687242625824,-3.7172254528855295,1.0963,0.1010736671822996,359.321,87.3738446,1.14649,-3.3779582017991063,0.679344,0.0524190816260101,1.62812,84.2002,352.841,-3.4445239381730874,0.713015,0.2306440364580416,7.86255,89.26388,9.972
1687242625879,-3.684288287344204,1.09688,0.102352074721514,359.026,87.26019999999994,1.23833,-3.344548357552052,0.679361,0.0534973381153869,1.65483,84.1902,352.84,-3.411381119176064,0.71315,0.2320586718496196,7.74273,89.22891,10.2695
1687242625936,-3.650920037414394,1.0974,0.1037392756980451,358.766,87.10720000000003,1.20882,-3.3108016913499005,0.679385,0.0547775912273912,1.62408,84.14919999999995,352.863,-3.3775909581074663,0.7132,0.2331369382378205,7.72785,89.25439999999999,10.1747
1687242625991,-3.618364389020213,1.09776,0.1049962536486201,358.611,87.00819999999999,1.21381,-3.277734219327165,0.679463,0.0559113431898245,1.6166,84.16319999999996,352.866,-3.3446578880150453,0.71328,0.2343402801501585,7.6238,89.21421,10.2373
1687242626046,-3.585744883349797,1.09812,0.1061454588285968,358.417,86.99220000000003,1.21343,-3.2446167375337462,0.679524,0.056942290146751,1.63535,84.20820000000003,352.845,-3.311591078472594,0.713341,0.2354057949097611,7.6573,89.22400999999999,10.1727
1687242626102,-3.5526730265472235,1.09837,0.1072275900497339,358.264,86.9982,1.19967,-3.2112445982933404,0.679676,0.0580959643894167,1.60097,84.18420000000003,352.823,-3.2782515336205704,0.713399,0.2365500343314957,7.61942,89.19717999999999,10.1731
1687242626158,-3.5195562150885538,1.0987,0.1083644478653235,358.137,86.9982,1.16577,-3.177940513709811,0.67963,0.0593681994468357,1.61801,84.1712,352.846,-3.244869132130693,0.713396,0.2376676632047562,7.64675,89.20698,10.1621
1687242626214,-3.4863471558906496,1.09921,0.1094880091856949,357.882,86.99720000000002,1.1709,-3.144602718391813,0.679746,0.0606265594997057,1.59428,84.14819999999997,352.851,-3.2114514163277974,0.713484,0.238844071588371,7.6559,89.20452999999999,10.167
1687242626270,-3.45315087808942,1.09956,0.1106744291511939,357.758,86.99419999999998,1.17405,-3.1110619988611226,0.67974,0.0616704836494564,1.63431,84.19219999999996,352.866,-3.1780992775393555,0.713525,0.2401525650365158,7.62813,89.23407999999999,10.3523
1687242626325,-3.420079180483505,1.09976,0.1120443401011615,357.679,86.95619999999997,1.18599,-3.0776474505882483,0.679756,0.0627266269277854,1.64887,84.25019999999995,352.825,-3.14482654379014,0.713641,0.2411800440360368,7.61369,89.18708,10.0929
1687242626381,-3.386749395662368,1.09993,0.113356359987283,357.603,86.96119999999996,1.20122,-3.044211819305978,0.679984,0.0639610224828915,1.58201,84.24720000000002,352.778,-3.11149397554095,0.713637,0.2425416583838278,7.53947,89.21978999999999,10.2411
1687242626436,-3.3534512910583203,1.10005,0.1147474880729486,357.517,86.94119999999998,1.26064,-3.010924044977618,0.679914,0.0652969670111852,1.59061,84.23019999999997,352.814,-3.078186161638372,0.713675,0.2439199865819146,7.55058,89.21535999999999,10.4467
1687242626492,-3.3219235060978183,1.10015,0.1161313369202001,357.484,86.85720000000003,1.29799,-2.979269821192984,0.679926,0.0665696279357458,1.57472,84.20619999999997,352.808,-3.04674244036992,0.713771,0.2453267487021483,7.36777,89.216,10.635
1687242626546,-3.315013753838562,1.10028,0.1165125421127192,357.399,86.78719999999998,1.33289,-2.9722188153616966,0.679974,0.0667990536935961,1.54803,84.19619999999998,352.801,-3.040094961769064,0.713984,0.2460069941737422,6.94557,89.07338999999999,11.0938
1687242626602,-3.3152031500332235,1.10042,0.1165828606838628,357.378,86.76520000000005,1.33328,-2.972208395346959,0.679897,0.0668330782919459,1.55921,84.18219999999997,352.783,-3.0400499074277505,0.714014,0.245899984331537,6.9545,89.11462999999999,10.9838
1687242626658,-3.315335830069775,1.10052,0.1164938075514038,357.366,86.79219999999998,1.37122,-2.9722347076673072,0.679944,0.0668819010509612,1.52237,84.1712,352.757,-3.040180810833644,0.714134,0.2458948561422326,6.79625,89.0221,10.9882
1687242626713,-3.315216942519867,1.10063,0.1164540946646178,357.291,86.7432,1.36325,-2.972231069551514,0.679811,0.067060766961949,1.53582,84.13819999999998,352.806,-3.0402271880907663,0.714211,0.2457735542460322,6.75301,88.98492999999999,10.8887
1687242626769,-3.315197509651448,1.1006,0.1162464563347628,357.332,86.79319999999996,1.27754,-2.9721761010213434,0.679736,0.0671054868757553,1.56291,84.1232,352.775,-3.0402251902795574,0.71427,0.245773647789466,6.73503,88.96537,10.8865
1687242626825,-3.3152877269448084,1.10068,0.1160009780667253,357.295,86.90020000000004,1.26453,-2.972037994803493,0.679656,0.0671064473918579,1.59019,84.1472,352.782,-3.039207672664141,0.71351,0.2444608020626886,7.21175,89.33189,10.1886
1687242626881,-3.312035844495289,1.10072,0.1159641519891274,357.279,86.93719999999996,1.25069,-2.968553776633112,0.679494,0.067238923338203,1.62372,84.16219999999998,352.761,-3.0362454886159806,0.714149,0.2447528361966558,7.08035,88.99597,9.75647
1687242626937,-3.281101942999528,1.10073,0.1186184455612702,357.254,86.90120000000002,1.23126,-2.9374740671613866,0.679292,0.0700696396760122,1.65857,84.12220000000002,352.83,-3.004282571298397,0.713667,0.2465521329006521,7.81794,89.07627,9.17222
1687242626994,-3.247815412012588,1.10078,0.1221733737049364,357.197,86.85619999999994,1.25673,-2.9041103291437094,0.679151,0.0737224360316002,1.66989,84.08719999999994,352.806,-2.9709754862840363,0.7138,0.2503030869213264,7.63751,89.04325,9.28324
1687242627049,-3.214855810513757,1.10066,0.1257744084028406,357.289,86.83420000000001,1.28297,-2.871031913954345,0.67913,0.0774093418267482,1.6581,84.05719999999997,352.822,-2.9377658329739944,0.713683,0.254159015926954,7.73732,89.07057999999999,9.68641
1687242627105,-3.181644278434535,1.10084,0.1294565986633686,357.223,86.8392,1.27751,-2.837563867428865,0.678963,0.080962528527399,1.70411,84.09619999999995,352.784,-2.904360631994704,0.713659,0.2577929516048378,7.74868,89.06799,9.55723
1687242627160,-3.148723242786039,1.10089,0.1329426339786605,357.198,86.87419999999997,1.24699,-2.8043678765187487,0.678927,0.0845564420337546,1.70106,84.08519999999999,352.768,-2.871232813896887,0.713646,0.2614317256468917,7.73502,89.03007,9.53044
1687242627216,-3.11565628516672,1.10097,0.1364191140648174,357.164,86.94719999999995,1.19883,-2.771108454366816,0.67869,0.0882990252386189,1.74874,84.0752,352.808,-2.8380183084067125,0.71355,0.2651073347261816,7.75024,89.05288999999999,9.57378
1687242627272,-3.0823622538399507,1.10096,0.1399002240687997,357.192,86.9932,1.18407,-2.7378393132259013,0.678682,0.0920743931204025,1.73216,84.03419999999994,352.788,-2.804668162335968,0.713524,0.2687348295159463,7.73276,89.04158,9.49835
1687242627328,-3.0491119581430093,1.10087,0.1433886192717165,357.184,86.98720000000003,1.16695,-2.704672123035996,0.67864,0.0957213148267825,1.74127,84.02419999999995,352.822,-2.7715544166096024,0.713485,0.2724113839629508,7.6742,89.03300999999999,9.57404
1687242627383,-3.015843180342652,1.10091,0.1468805080065874,357.225,86.97019999999998,1.17556,-2.6713108232966407,0.678561,0.0990887547753835,1.76507,84.04920000000004,352.812,-2.738254600700577,0.71349,0.2758732515484384,7.69819,89.06357,9.49168
1687242627439,-2.9824440639151195,1.10108,0.1496546847223857,357.127,86.97720000000004,1.20445,-2.638047817193044,0.678689,0.1017680315195374,1.73001,84.03620000000001,352.77,-2.7051406079143225,0.713529,0.2784851849836841,7.50493,89.02438,9.24417
1687242627494,-2.949225892540233,1.10097,0.1460189655298869,357.168,86.9212,1.22249,-2.605034297291901,0.67862,0.0979832372791771,1.71869,84.02419999999995,352.804,-2.672027930688076,0.71378,0.2728178682773547,7.24461,89.02709999999999,7.06107
1687242627550,-2.918537746169609,1.10071,0.1326356862135356,357.316,86.89819999999997,1.22748,-2.574519221810057,0.678778,0.0844498989162585,1.67447,84.01319999999998,352.821,-2.6418993392872987,0.713965,0.2584306188739397,6.70563,89.1027,6.11491
1687242627606,-2.890717641693773,1.10074,0.1138735674082766,357.262,86.93319999999994,1.25025,-2.546833065062505,0.678917,0.0655231750026718,1.66528,84.02620000000002,352.78,-2.6142652912440014,0.714073,0.239077390982715,6.6557,89.18880999999999,5.72632
1687242627662,-2.8650756982167978,1.10062,0.0926476629499313,357.291,86.8872,1.27399,-2.521244665278497,0.679032,0.0440510767805075,1.65667,84.03219999999999,352.796,-2.5886343287982707,0.714082,0.217936345792295,6.69501,89.16633999999999,6.05798
1687242627717,-2.842663166935076,1.10056,0.0679721734236963,357.304,86.81619999999998,1.32121,-2.4988416741339456,0.679163,0.0191624177539147,1.62127,84.02520000000004,352.815,-2.5663091199473778,0.714174,0.1928274076818262,6.52084,89.16223,5.78381
1687242627773,-2.8217804484509825,1.10071,0.0421613895900331,357.207,86.78120000000001,1.3287,-2.478034243218999,0.679187,-0.0068663359538869,1.61515,84.0172,352.805,-2.54555167439806,0.714172,0.1667757910515745,6.44982,89.13996999999999,5.66131
1687242627829,-2.801213932913622,1.10067,0.0160798467199282,357.248,86.76419999999996,1.44233,-2.457520004203505,0.679136,-0.0331826508201105,1.63073,84.03920000000005,352.816,-2.5250848764965568,0.714008,0.1409809279575247,6.51976,89.21561,6.20494
1687242627884,-2.780740276028204,1.1006,-0.0101825845301818,357.261,86.72220000000004,1.45134,-2.4371179240321936,0.679182,-0.0596824395990619,1.60448,84.03020000000004,352.818,-2.5047487447805192,0.71397,0.1143502113692775,6.4742,89.17827,5.89165
1687242627940,-2.760410354957076,1.10064,-0.0367735426316771,357.23,86.69719999999995,1.43421,-2.416807456977108,0.679124,-0.0865271252766302,1.63238,84.07119999999998,352.836,-2.484445541038562,0.713768,0.0892000404435725,6.86008,89.34653,7.70242
1687242627995,-2.743723795645308,1.10072,-0.0656874837078916,357.187,86.71320000000003,1.46848,-2.400191972755522,0.67913,-0.1155223696347925,1.64365,84.10220000000004,352.806,-2.467372823947509,0.712765,0.0631610169268018,7.73016,89.21020999999999,11.2658
1687242628050,-2.734688571024624,1.10079,-0.0909431609616327,357.13,86.7242,1.48341,-2.3913117929750545,0.679289,-0.1408277530000508,1.60333,84.12019999999995,352.814,-2.458730522039342,0.713488,0.0379757390479686,7.72984,89.41635,10.4592
1687242628106,-2.7347107302962943,1.10061,-0.0909253078504468,357.203,86.68420000000003,1.48197,-2.391388439439772,0.679284,-0.1408157247231035,1.61174,84.11419999999998,352.824,-2.45842021334645,0.712895,0.0387460957933246,7.797,89.22685,12.0337
1687242628162,-2.733642144899587,1.10068,-0.0660958162562212,357.173,86.68619999999999,1.46942,-2.390283286127288,0.679413,-0.1160744893719191,1.5911,84.13319999999999,352.805,-2.4575090442597505,0.713261,0.063931444204604,7.70438,89.22547999999999,12.151
1687242628217,-2.7321234545910698,1.10087,-0.0326960032683428,357.048,86.67219999999998,1.51373,-2.388833362368315,0.679388,-0.0826000310220698,1.60641,84.11519999999996,352.828,-2.456023660453709,0.713177,0.0978672659958548,7.78006,89.14797999999999,12.6892
1687242628273,-2.730863944423972,1.10084,0.000550222270575,357.094,86.69719999999995,1.44219,-2.3875652159906253,0.679513,-0.0492923743227637,1.57867,84.09720000000004,352.799,-2.454508441770162,0.713063,0.1318633320833001,7.9084,89.00909999999999,13.4
1687242628329,-2.730418295454528,1.10093,0.0338362170251267,357.081,86.75720000000001,1.46315,-2.386919249178125,0.679585,-0.0159315184310753,1.56063,84.12120000000004,352.808,-2.453855042272954,0.713128,0.1651082086871909,7.92588,89.09862,13.1328
1687242628384,-2.7302436490215856,1.10114,0.0670562814072189,356.962,86.76819999999998,1.45893,-2.386445379331337,0.679489,0.0172843565589552,1.60874,84.1472,352.798,-2.4534339073422866,0.713062,0.1985523670069276,8.04442,89.17222,13.3886
1687242628440,-2.730101267060099,1.10116,0.1006893547755428,356.92,86.74220000000003,1.45829,-2.386191154672032,0.67957,0.0508549926712161,1.57688,84.13319999999999,352.791,-2.4531853079054025,0.71313,0.2318796737192535,8.07756,89.1841,13.0924
1687242628495,-2.7299777409644945,1.1012,0.1341173307277721,356.851,86.73919999999998,1.48568,-2.386065935453253,0.679639,0.0843066737565165,1.56832,84.11519999999996,352.814,-2.4529786808286898,0.713145,0.2650679741472029,8.10841,89.21788,12.9143
1687242628552,-2.72978205020493,1.10134,0.1675786581214633,356.827,86.7672,1.49798,-2.3858860137034164,0.679646,0.1177605554580167,1.57187,84.10220000000004,352.808,-2.4527927095191666,0.713126,0.298520937792279,8.1149,89.24163999999999,12.978
1687242628607,-2.7296108938554298,1.10155,0.2012002936009805,356.773,86.75720000000001,1.52656,-2.3856551207831487,0.679725,0.151333631776576,1.56354,84.10419999999999,352.793,-2.4525095360922093,0.713148,0.332132000932505,8.14065,89.26043999999999,12.9972
1687242628663,-2.7294794009037644,1.10181,0.2344450635721935,356.643,86.74620000000004,1.48489,-2.385365606313913,0.679683,0.1846030196271656,1.58342,84.10320000000002,352.789,-2.452288583958322,0.713143,0.3653690466098263,8.16203,89.21821999999999,12.9771
1687242628718,-2.729284973518883,1.10195,0.2680001019543082,356.613,86.82420000000002,1.48632,-2.385091978961928,0.679666,0.2182432956113738,1.59099,84.09220000000005,352.807,-2.451993487135379,0.713184,0.3989356461268497,8.14574,89.22408,12.8245
1687242628774,-2.7269919083320304,1.10183,0.3010933760321108,356.67,86.88519999999994,1.51103,-2.3827485082936013,0.6796,0.251478742833748,1.59447,84.08119999999997,352.805,-2.449704410266685,0.713276,0.4316223487141144,8.03258,89.0394,12.2833
1687242628830,-2.7218145809242658,1.10192,0.3342590321131531,356.656,86.87220000000002,1.53967,-2.3775396869733063,0.679447,0.2846965790448547,1.63362,84.05520000000001,352.832,-2.444460420730904,0.713276,0.4645808459836418,8.02106,89.05215,12.2613
1687242628885,-2.71362177817294,1.1019,0.3664565646056497,356.683,86.93820000000005,1.55485,-2.3692526594944696,0.679474,0.3172079420443539,1.63432,84.01419999999996,352.817,-2.4360594497998465,0.713255,0.4968181383723559,8.07731,89.04468,12.1696
1687242628945,-2.7018482846432947,1.10209,0.3976863375491946,356.589,87.11419999999998,1.55357,-2.357315250919399,0.679485,0.3488410429763686,1.63544,83.99720000000002,352.823,-2.424108382565654,0.713266,0.5282450524933691,8.08704,88.99277,12.1459
1687242628998,-2.6877071751003774,1.10212,0.4276124561257311,356.601,87.19219999999996,1.55606,-2.3431114599580702,0.67939,0.3791175267085441,1.68153,83.99120000000005,352.809,-2.409943770726663,0.713216,0.5583961665467029,8.13852,88.97622,12.1773
1687242629054,-2.6724618353869416,1.10179,0.4570082978701344,356.852,87.28219999999999,1.44907,-2.3280053462682178,0.679375,0.4089553803486664,1.69388,83.97119999999995,352.82,-2.395585880617089,0.713808,0.5875157384009536,7.46102,89.05002999999999,11.4952
1687242629110,-2.663061155248322,1.10162,0.4832765806869444,356.886,87.36109839999999,1.4236,-2.318534174729968,0.679426,0.4355312367764676,1.70801,83.99419999999998,352.746,-2.386627229833851,0.713806,0.6140479756164419,7.24535,88.87115999999999,11.5617
1687242629164,-2.67252285108413,1.10169,0.4820929354211604,356.824,87.41019019999999,1.41557,-2.3280429925756203,0.679423,0.4346120769851208,1.71288,83.98720000000003,352.759,-2.395954101110961,0.713757,0.6127279871133042,7.23502,88.99306999999999,10.8759
1687242629220,-2.7057349827022112,1.1017,0.4783549406015366,356.871,87.4442,1.31064,-2.3612465388616983,0.67943,0.4310798489064305,1.71453,83.98119999999994,352.754,-2.429573792156684,0.713991,0.6092532581565286,6.77095,88.99427,10.9043
1687242629275,-2.7390348988646966,1.10159,0.4742067564613565,356.942,87.497052,1.34579,-2.3944691737581967,0.679532,0.4270193953557129,1.69386,83.99019999999996,352.757,-2.462661165117296,0.7139,0.6047627604002921,7.02345,88.95488999999999,10.4549
1687242629331,-2.77219290411162,1.10141,0.4703587120578678,357.066,87.524356,1.39233,-2.42743934276602,0.679619,0.4230659310044887,1.67031,84.03319999999997,352.734,-2.495764698447098,0.713891,0.601113291061565,6.97693,89.11527,10.583
1687242629387,-2.805780149287418,1.10155,0.4674171791195808,356.992,87.56665,1.32034,-2.4607546104257736,0.6797,0.4199452328439438,1.65861,84.08320000000003,352.681,-2.5291671436179497,0.713815,0.5985074789481788,6.94085,89.18540999999999,10.7541
1687242629442,-2.8395922602030343,1.10169,0.4644897195065845,356.951,87.66633499999999,1.22937,-2.4940798377931834,0.679717,0.4171086250382266,1.65053,84.11220000000003,352.675,-2.56257528815463,0.713894,0.5956030187066905,6.89439,89.20494,10.4888
1687242629498,-2.8730481833270347,1.10187,0.4599817378895852,356.902,87.7841,1.10924,-2.527191487936515,0.679672,0.4129385354471485,1.63501,84.07719999999995,352.704,-2.595749337438825,0.713931,0.5911834375582009,6.71329,89.26503,10.3098
1687242629553,-2.906072550023432,1.10191,0.4541009698255171,356.883,88.006934,1.18643,-2.5600658091351467,0.67963,0.4074323251830264,1.64551,84.0942,352.7,-2.628702736540112,0.713892,0.5856342816853205,6.6939,89.22859,10.2248
1687242629610,-2.938758012832024,1.10189,0.4469414344267633,356.888,88.310206,1.18503,-2.592810520335576,0.679618,0.4005461077532477,1.65097,84.13419999999996,352.668,-2.661712167738949,0.714068,0.578693122718953,6.50643,89.3194,10.0313
1687242629666,-2.970809029544495,1.10163,0.4384693889405358,357.023,88.48791999999999,1.2024,-2.6252192228091085,0.679703,0.3922770548440618,1.65369,84.16020000000003,352.63,-2.694115645876588,0.71406,0.5706118196335072,6.55061,89.28787,10.0019
1687242629721,-3.0023800167618195,1.10193,0.4287682892234362,356.907,88.71866,1.10574,-2.657209799182832,0.679692,0.3829871001770749,1.65086,84.20420000000001,352.633,-2.726088871358474,0.7141,0.5613147687314322,6.65794,89.31675,9.8449
1687242629776,-3.0333359063433414,1.1022,0.4170945778448682,356.803,88.66492,0.94426,-2.688687487578413,0.679717,0.3715619954461385,1.60253,84.14120000000003,352.659,-2.757426963527573,0.714034,0.549880182779469,6.66593,89.35061999999999,9.82862
1687242629833,-3.06377498052076,1.10225,0.4039460806363827,356.836,88.77659,0.902769,-2.7193856292789307,0.67964,0.358639788856272,1.63954,84.14120000000003,352.667,-2.788103409935095,0.714127,0.5369649986009999,6.71908,89.32721,9.88193
1687242629888,-3.090164355987449,1.10269,0.3834814599725459,356.67,89.09101,0.928494,-2.7458308738010384,0.679637,0.3386243266578421,1.65841,84.15319999999997,352.639,-2.8149165898262214,0.714524,0.5170036866955094,6.18784,89.16785,9.76677
1687242629944,-3.097754565928159,1.10229,0.3722693948355925,356.893,89.11605999999999,0.875637,-2.753357965773522,0.679763,0.3272786574409101,1.61797,84.1662,352.606,-2.821945623085627,0.714356,0.5070581448329017,6.75375,88.95402999999999,11.4295
1687242630000,-3.097589601392307,1.10205,0.3723424304399996,356.984,89.09357,0.900112,-2.753306191027834,0.679749,0.3271350218404869,1.6461,84.21119999999996,352.586,-2.822190161153089,0.71442,0.5068715031077659,6.56931,89.08319,10.7496
1687242630055,-3.0974088547009764,1.10188,0.3725017386192404,357.067,89.01424999999999,0.910829,-2.753513289221928,0.679905,0.3271536558954181,1.58748,84.18619999999999,352.569,-2.8223827160761545,0.714418,0.5068574816383897,6.47677,88.98084,10.6313
1687242630111,-3.0972338579418435,1.10143,0.3722493372912074,357.336,89.2404,0.950568,-2.753626541079197,0.679908,0.3272205321006406,1.5954,84.17020000000002,352.584,-2.8224846211473533,0.714549,0.5068316871338605,6.39685,88.96808999999999,10.4832
1687242630167,-3.0969759898020714,1.10149,0.3715376693805984,357.352,89.57699,0.944434,-2.75347854870308,0.679822,0.3272241579262415,1.61987,84.20519999999999,352.585,-2.822118032771341,0.714046,0.506656641532452,6.93259,89.28707,10.3643
1687242630222,-3.11634166043742,1.10166,0.3718573236266633,357.315,89.95496999999999,0.790973,-2.772809474700959,0.679874,0.3280332829132779,1.62238,84.24419999999998,352.514,-2.8421345746051863,0.714006,0.5094512720182145,6.68791,89.51525,12.7551
1687242630278,-3.1494207750132786,1.10162,0.3759782815724284,357.423,90.20115,0.710576,-2.8057561158715965,0.679799,0.332897672475934,1.65824,84.27120000000002,352.521,-2.875001810211631,0.714025,0.5131543045313913,6.77932,89.42548,10.9161
1687242630333,-3.182457462959756,1.10097,0.3803289356140001,357.739,90.36352,0.532023,-2.838769952981367,0.679855,0.3379319484431976,1.64,84.25220000000002,352.51,-2.9080576481609426,0.713999,0.5183372787820271,6.73639,89.32945,11.1236
1687242630389,-3.2152567507052257,1.10064,0.3846222566174391,357.82,90.55561,0.321753,-2.87167021172694,0.679907,0.3428893566337042,1.6288,84.26819999999998,352.5,-2.9410070043008627,0.71401,0.5233597618207341,6.74093,89.38637,11.1089
1687242630445,-3.248406085427981,1.1005,0.3881860074277874,357.892,90.76953,0.200595,-2.9047527842898195,0.679935,0.34713537669736,1.62578,84.3012,352.455,-2.9742000798942985,0.713993,0.5276780926044663,6.71605,89.37874,10.9377
1687242630501,-3.281970379702736,1.10074,0.3907033769902223,357.678,90.92148,0.00801415,-2.9381324063015635,0.680116,0.3502456225397846,1.58942,84.3152,352.431,-3.007432586137728,0.71396,0.5306824033690694,6.79268,89.33242,10.722
1687242630556,-3.3158183525945706,1.10073,0.3912856165483545,357.635,91.0442,0.0387527,-2.971575613272146,0.680192,0.3516975554835952,1.55978,84.28520000000003,352.403,-3.040663979007359,0.713973,0.5321005061985086,6.7766,89.21896,10.3627
1687242630612,-3.3499141951963978,1.10074,0.3899750130652031,357.779,91.40062,359.863,-3.0051115933331567,0.680117,0.3516302283688711,1.57594,84.27319999999997,352.391,-3.0741701288235745,0.71416,0.531802321646184,6.72633,89.03300999999999,9.86584
1687242630669,-3.3678105240448537,1.10122,0.3863748305185772,357.348,91.67362,359.798,-3.0228443647066814,0.680063,0.3492149824756129,1.62111,84.28819999999996,352.356,-3.092104906269024,0.714457,0.5292114353620545,6.41232,88.97635,9.50626
1687242630724,-3.368264134310255,1.10153,0.3851863737458157,357.358,91.94502,359.826,-3.0230348095339767,0.680327,0.349048993386344,1.57079,84.29319999999996,352.31,-3.092503553232691,0.714815,0.5296863096594839,6.17017,88.57911999999999,9.66586
1687242630779,-3.369010100175355,1.1016,0.3839067432195677,357.199,92.36487,359.85,-3.0231818430250184,0.680547,0.3487255624161012,1.53232,84.3632,352.271,-3.092461883284301,0.714566,0.5302288523908897,6.2654,88.52087,10.2946
1687242630835,-3.370425521478837,1.10146,0.3828756130708243,357.516,92.68977,359.767,-3.0235771077022173,0.680527,0.3490212988611983,1.52363,84.27520000000004,352.334,-3.092712401477654,0.714558,0.5302982111307815,6.12386,88.66103,10.4185
1687242630890,-3.3718890640736445,1.10157,0.3819934752632307,357.61,92.76146,359.479,-3.023926460138988,0.680581,0.3493199859297545,1.5055,84.18520000000001,352.317,-3.09313052504786,0.714683,0.5290082430381381,5.95637,88.39510999999999,9.69563
1687242630946,-3.373675720945511,1.10259,0.3810271126709228,357.278,92.8211,359.224,-3.0238162210067427,0.6806,0.3491250286428379,1.51232,84.25620000000004,352.27,-3.093359678612289,0.714821,0.5287282186750741,5.78868,88.48298,9.67441
1687242631002,-3.3754747089092563,1.1034,0.3796891066072972,356.731,93.25004,359.015,-3.0230890570234896,0.680153,0.348582645769344,1.67532,84.42819999999995,352.236,-3.093421483752348,0.714832,0.5284660410164868,5.84895,88.56916,9.79192
1687242631058,-3.377870866994811,1.10401,0.3781547549921089,356.529,93.64025,358.966,-3.022953222560841,0.680002,0.3485679829334278,1.7258,84.44219999999996,352.164,-3.0935223096822453,0.714827,0.528182014377137,5.79364,88.52189999999999,9.70569
1687242631113,-3.3805608870231127,1.10592,0.3763753908086614,355.759,94.26947,358.551,-3.023268890828227,0.679765,0.3488528303223327,1.76003,84.48119999999994,352.21,-3.0937457270899307,0.714919,0.5280574284150742,5.69964,88.48554999999999,9.66873
1687242631169,-3.384088035989352,1.10756,0.3742713173071034,355.102,94.99653,358.014,-3.0238434393806006,0.679451,0.3492787237960618,1.84947,84.46219999999994,352.185,-3.094054215142559,0.71501,0.5277826992368178,5.73972,88.54388,9.70201
1687242631225,-3.388420160176829,1.10911,0.3719319362128235,354.332,95.80374,357.396,-3.02413040865228,0.67933,0.3495492978656102,1.85343,84.50019999999995,352.199,-3.0944429898172747,0.71516,0.5275122195660475,5.64242,88.43946,9.7646
1687242631281,-3.393178376476534,1.1101,0.3699116753026389,354.232,96.44961,356.993,-3.0233925947815377,0.678873,0.3489291279758702,1.97973,84.82820000000004,352.144,-3.094676877305909,0.715333,0.5271408738475314,5.26149,88.39996,9.61717
1687242631336,-3.3976412445169286,1.11144,0.3682051717122446,353.837,97.09845,356.742,-3.0218868581092124,0.678648,0.3471740330970627,2.1469,85.38620000000003,351.874,-3.094755861038672,0.715532,0.5272883410301819,5.11801,88.242064,9.52542
1687242631392,-3.4022469899786976,1.11213,0.3673115751414171,353.947,97.4491,356.6,-3.0204087412588523,0.678691,0.3450253156129153,2.22403,86.02919999999995,351.687,-3.0948753389027948,0.715303,0.5275950885484842,4.98027,88.10490999999999,9.54871
1687242631447,-3.4067753129757983,1.11359,0.3667421545289283,353.343,97.67,356.536,-3.019444117421195,0.678705,0.3431958305455198,2.41384,86.48720000000003,351.128,-3.095005236878975,0.715043,0.5283168028380645,4.82127,87.651916,9.17709
1687242631503,-3.411818960343423,1.11513,0.3661205742275557,352.768,97.9185,356.365,-3.019160426123089,0.678522,0.3427386989918298,2.48708,86.63819999999998,351.187,-3.0952104202304724,0.715075,0.5288718134616279,4.72498,87.66215199999999,9.43321
1687242631558,-3.416657618653571,1.11755,0.3658311451211453,351.597,97.9658,356.215,-3.018911789373232,0.678409,0.3421750112621242,2.65381,86.88220000000001,351.001,-3.095478584733698,0.714922,0.5293608060988014,4.74691,87.53034799999999,9.55707
1687242631614,-3.4215431470132867,1.11962,0.3655185985223652,350.291,98.0001,356.041,-3.0189203217873057,0.678309,0.3419723904391319,2.6593,86.96019999999999,351.05,-3.096369461628684,0.715696,0.5297435571379642,4.09499,87.27120000000002,9.51343
1687242631671,-3.4258079746534724,1.12087,0.3660672256266059,349.643,97.5672,356.243,-3.019108660504665,0.67831,0.3415476166433966,2.75482,87.0992,350.907,-3.096451625838193,0.715463,0.5299589499017138,4.11767,87.32006670999999,9.80638
1687242631727,-3.4290193303569243,1.12046,0.3665363384018609,349.444,97.26674,356.394,-3.01954667750117,0.678629,0.3410459808484489,2.73357,87.18719999999996,350.793,-3.0970244731205514,0.715972,0.529813998216332,3.82402,86.74919999999997,9.57695
1687242631785,-3.431317029753668,1.11939,0.3665274613412284,349.771,97.06604,356.709,-3.0200077207754648,0.678714,0.3405443681001783,2.71762,87.32848229999999,350.72,-3.098016807460932,0.716634,0.5303751992114318,2.53725,86.44420000000002,10.2226
1687242631837,-3.433299114550472,1.11869,0.3656811296105954,350.02,97.20566,356.753,-3.020537127308301,0.678991,0.3401772050260673,2.67835,87.399604,350.599,-3.0991321275442,0.717737,0.5313180656451642,1.90317,86.27319999999997,11.3174
1687242631892,-3.435517767827416,1.11893,0.3643817373385282,349.9,97.28433,356.712,-3.0219288719847315,0.680248,0.3396474309557068,2.44932,87.31521692,350.378,-3.0997062344657387,0.717424,0.5318628098444367,1.61247,86.00419999999997,12.1486
1687242631949,-3.4376322799929366,1.11876,0.3629770006365573,349.922,97.4884,356.653,-3.022492707642608,0.681207,0.339074832744998,2.34029,87.28620000000001,350.415,-3.1011753371958823,0.718777,0.5313175006034686,0.244569,86.46119999999996,12.6958
1687242632005,-3.4394444308291168,1.11836,0.3618046602265516,350.118,97.6249,356.455,-3.02359272366328,0.685048,0.3380445555763364,1.90237,86.90120000000002,349.924,-3.101939687070116,0.719441,0.5312857158624875,359.447,85.9982,12.6666
1687242632060,-3.4414136252888503,1.11889,0.3604435680475447,349.732,98.0584,356.094,-3.024094517956538,0.690919,0.3360614154559078,1.14239,86.90819999999997,349.568,-3.1020364638871305,0.71944,0.5308296903723134,359.557,86.48419999999999,12.992
1687242632115,-3.4425145004939948,1.11938,0.3590681729978597,349.53,98.5347,356.174,-3.02417170760973,0.697833,0.3328565978249902,0.754333,87.41734079999999,348.012,-3.101864251139326,0.719324,0.5304443233141808,359.842,86.97220000000004,13.1448
1687242632172,-3.442952332974348,1.11978,0.3580922267497763,349.365,98.9285,355.957,-3.0248401484920864,0.705482,0.3296433170970122,0.175047,87.79915,347.598,-3.1023025867450853,0.719764,0.529457741894974,359.691,86.8442,12.536
1687242632227,-3.4422206893513376,1.11999,0.3563210085647668,349.271,99.7152,355.615,-3.0255766546117933,0.712637,0.3264725994218425,0.314671,88.45335999999999,347.128,-3.1017000695595667,0.719377,0.5292897387963271,359.668,86.92319999999995,12.4707
1687242632283,-3.4420287596244017,1.12,0.3553862624655943,349.41,100.8583,355.335,-3.027706358323589,0.717016,0.3242783881877163,359.548,88.35802,348.059,-3.0995941559297635,0.719217,0.5288277303723679,0.142053,87.00319999999999,12.5244
1687242632338,-3.442039025195154,1.12014,0.3548999501091225,349.41,101.7149,355.514,-3.0314121499365165,0.713947,0.3217284713338653,359.361,87.65530799999999,348.376,-3.0975841909230875,0.71847,0.5294314005405367,0.813348,86.46320000000003,12.628
1687242632394,-3.4421826866076093,1.12057,0.3552528169941817,349.187,102.1864,355.781,-3.0337859689558258,0.707612,0.3202151876117677,358.954,86.20219999999995,350.424,-3.0965318054144704,0.718138,0.529319499954065,1.7735,86.70519999999999,12.2696
1687242632450,-3.4419721215061383,1.12168,0.3561436403987028,348.357,101.984,356.174,-3.036042941132556,0.699885,0.3143463022658552,358.001,86.45219999999995,349.409,-3.096840540957819,0.718103,0.5302901221072602,1.03538,86.9212,12.8172
1687242632506,-3.4415194359058274,1.12157,0.3579141509203521,348.078,100.8393,356.61,-3.0373853324980944,0.692661,0.3106244431307283,359.058,86.54920000000004,346.685,-3.0967638691954265,0.717928,0.5307051623954873,1.33551,86.87919999999997,12.7261
1687242632561,-3.440416913148211,1.121,0.3599385332777488,348.133,98.8571,356.932,-3.040102605102059,0.69566,0.3142013661947238,359.843,87.10019999999997,347.839,-3.096116575166601,0.7172,0.5313981959013488,1.3966,86.74120000000005,12.8228
1687242632617,-3.4387629676349505,1.12106,0.3613638510104539,348.44,97.4196,356.871,-3.0445060386197764,0.703623,0.321868701146651,356.556,84.13419999999996,347.953,-3.0954367648786345,0.716827,0.5318885284134005,1.93221,86.43520000000001,12.838
1687242632673,-3.4367860938792787,1.12102,0.3623385795286257,348.703,96.36293,357.105,-3.046055849069558,0.698673,0.3251209731232464,356.848,84.56119999999999,347.629,-3.0955469755484697,0.716485,0.5333229434887028,2.28966,86.4262,13.2994
1687242632729,-3.435003107910843,1.12078,0.3627291002276434,348.792,95.51242,357.736,-3.0460647414434514,0.686456,0.3302497701445455,359.442,83.53319999999997,348.839,-3.0983524550630226,0.71464,0.5393823577915398,1.76547,84.29719999999998,16.0228
1687242632784,-3.433632390860431,1.12033,0.3624636204775516,349.19,95.17657,358.005,-3.043817997170681,0.683312,0.3313982110802377,0.949919,84.26019999999994,350.002,-3.0996915536794942,0.714626,0.5416622209223798,1.76665,82.48619999999994,17.3715
1687242632840,-3.4330794205549764,1.12015,0.3614894176848612,349.439,95.00275,358.402,-3.0430241362549246,0.686318,0.3303721183668659,0.119534,84.23320000000001,348.118,-3.0998939003962938,0.71498,0.540937964195659,1.44994,83.40919999999994,16.2664
1687242632895,-3.433114146235992,1.12034,0.3592399316775524,349.198,94.84286,358.761,-3.043806658885415,0.685471,0.3304505042250935,0.242588,84.2722,348.129,-3.1028627785113185,0.713995,0.5424908040902159,0.853894,84.23919999999998,15.6685
1687242632952,-3.433269251857101,1.12081,0.3560058377431868,348.834,95.15395,358.247,-3.0464603846046177,0.684398,0.3319433186466624,0.503196,83.67520000000002,348.384,-3.106430498872714,0.71466,0.5440476394774307,359.545,84.03719999999998,16.1558
1687242633007,-3.433792434311489,1.12064,0.3519651454857362,348.813,95.87354,357.362,-3.047681361444796,0.685439,0.3325984284128452,0.0996276,83.37720000000002,348.341,-3.1070944637889863,0.714918,0.5442237774629974,358.564,83.04420000000005,16.3245
1687242633063,-3.4346931125286586,1.12048,0.3478171797036792,349.033,96.87255,356.473,-3.047187277344353,0.685518,0.3326295716575267,0.104181,83.54520000000002,348.248,-3.10617270745031,0.714788,0.5427753043869239,359.037,83.2192,14.9298
1687242633118,-3.435455651180782,1.12015,0.3439516840803447,348.852,98.0743,355.381,-3.0461796242408616,0.68456,0.3331736968113515,0.422106,83.63620000000003,348.154,-3.10636340852865,0.714533,0.5441969408027209,358.941,83.32719999999995,15.632
1687242633174,-3.436511524167182,1.11991,0.3409545190037114,348.786,98.8719,354.716,-3.0463251238791096,0.68395,0.3340148120562911,0.582409,83.58719999999994,348.435,-3.1066193857051387,0.71472,0.5446394525936561,359.05,83.27120000000002,16.0772
1687242633230,-3.437432592725177,1.1199,0.3382148407540856,348.678,99.3136,354.203,-3.046970471081356,0.684126,0.3342637004420248,0.442025,83.47220000000004,348.329,-3.106982409449868,0.714877,0.5449307921906268,358.72,83.03719999999998,16.0407
1687242633286,-3.4387525875463667,1.12026,0.3359816583450484,348.5,99.542,353.575,-3.047294306943422,0.684213,0.334338135544223,0.424639,83.53920000000005,348.287,-3.107160141195381,0.714863,0.5451347025303269,358.708,82.8972,16.189
1687242633342,-3.440017153660063,1.12026,0.3346599659624986,348.283,99.5651,353.112,-3.047313705086222,0.684151,0.3343248136803912,0.504063,83.52319999999997,348.318,-3.1081242488370764,0.715344,0.5452427277830472,358.415,82.88319999999999,16.4903
1687242633396,-3.441089374070503,1.11987,0.3337416113297796,348.458,99.4897,352.86,-3.047260887298808,0.68423,0.334009238695114,0.517204,83.56920000000002,348.239,-3.109272552702014,0.715716,0.5455003015273783,357.665,82.54520000000002,16.459
1687242633453,-3.441921415569932,1.12102,0.3332526602144023,347.907,99.3136,352.85,-3.0472691517962973,0.684029,0.3338864177356599,0.625479,83.59619999999995,348.211,-3.1098926358319487,0.715823,0.545231004457266,357.579,82.79920000000004,16.2023
1687242633508,-3.442689129615965,1.12169,0.3330575393710185,347.417,99.2392,352.624,-3.0475751664137625,0.68405,0.3341147547976924,0.588936,83.54420000000005,348.253,-3.110013637071364,0.715704,0.5453564823440035,357.746,82.67319999999995,16.2192
1687242633564,-3.4428861038722545,1.12191,0.3334799888737514,347.32,99.1048,352.404,-3.047868230699047,0.683914,0.3344727394547525,0.601813,83.44420000000002,348.384,-3.1099936990122443,0.715631,0.5451872296518577,357.914,82.72820000000002,16.2829
1687242633620,-3.4425932476836194,1.12191,0.3344947968618842,347.32,98.8284,352.291,-3.047849339041028,0.683611,0.3345610196635044,0.662941,83.44420000000002,348.366,-3.1101638002491616,0.715698,0.5450571313459533,357.773,82.7912,16.4633
1687242633675,-3.441440204947685,1.1219,0.3361671568736966,347.366,98.3517,352.672,-3.0475165866103504,0.683378,0.3348734249609599,0.708118,83.46119999999996,348.537,-3.1107167897080976,0.715712,0.5450012058749635,357.18,81.8872,15.971
1687242633731,-3.4397053582429336,1.12195,0.3382421695172756,347.27,97.8825,352.913,-3.047324639125586,0.683265,0.3352425065956865,0.733361,83.43319999999994,348.598,-3.110987465992378,0.715888,0.5431064722923382,355.83,82.19619999999998,14.3905
1687242633787,-3.4374811948324124,1.12112,0.3405442168089921,347.439,97.4531,353.13,-3.047448169429525,0.683394,0.335657182690981,0.654607,83.28920000000005,348.668,-3.110915377468959,0.715755,0.5418234398512864,355.675,82.02319999999997,13.6222
1687242633843,-3.435056763170841,1.12043,0.3426784473327107,348.005,97.15617,353.483,-3.0474869271745915,0.682224,0.3366132162035721,1.10684,83.31619999999998,349.5,-3.110531136323845,0.7157,0.5422548836395156,356.068,82.43219999999997,14.3604
1687242633898,-3.4325317679115366,1.12,0.3454550844354824,348.489,96.70173,354.183,-3.0474846240294253,0.682391,0.3366923104860605,0.910408,83.25819999999999,349.167,-3.110238643938864,0.716171,0.5416739282154701,355.921,83.0272,14.3123
1687242633953,-3.430008360887957,1.1199,0.3482741937351278,348.752,95.94171,355.068,-3.047304175635821,0.682358,0.3369862720775065,0.932342,83.30020000000002,349.268,-3.1099090216592025,0.716173,0.5410696839331217,356.019,83.10720000000003,14.0595
1687242634010,-3.427515260783111,1.11919,0.3510414287571702,349.073,95.18881,355.591,-3.047080701410736,0.682098,0.3370027423757097,1.01764,83.28520000000003,349.155,-3.109677840081638,0.715992,0.5407291239851024,356.041,83.05020000000002,13.7
1687242634065,-3.4256060038874496,1.11787,0.3534196306738225,349.836,94.45248,356.199,-3.0472060658248754,0.682006,0.3374138287579551,1.00107,83.16920000000005,349.315,-3.108643254440901,0.714931,0.5404842453376453,357.251,83.44320000000005,13.314
1687242634121,-3.4473521875747686,1.11697,0.3567329710073941,350.281,93.79137,356.746,-3.0708452077156414,0.68189,0.3391490050506228,0.989557,83.10619999999994,349.374,-3.1321674633930656,0.714698,0.5422449251521173,357.093,83.29520000000002,13.8548
1687242634176,-3.4792896156126534,1.11587,0.3614930471477257,350.865,93.34502,357.076,-3.1040763382141656,0.681971,0.3427756320640255,0.951954,83.02620000000002,349.423,-3.1651451116891858,0.714474,0.5456533691848261,357.426,83.25819999999999,13.8933
1687242634232,-3.511171180669016,1.1146,0.366453778110174,351.66,93.02532,357.411,-3.137149296074885,0.681992,0.3465751687336334,0.929706,83.03920000000005,349.362,-3.1981280777965697,0.714378,0.5492413834340346,357.598,83.43119999999999,13.611
1687242634288,-3.543493268545529,1.11337,0.3713530645471116,352.443,92.84933,357.638,-3.170502968284301,0.682022,0.3505755224121787,0.956609,83.03620000000001,349.381,-3.231622188123371,0.714364,0.5532691986344859,357.581,83.4022,13.4506
1687242634344,-3.575358285417264,1.11226,0.3760938691416518,352.835,92.76643,357.668,-3.203703969216277,0.682042,0.3549362247562919,0.928703,83.03020000000004,349.436,-3.2647304998268663,0.714136,0.556975920499591,357.772,83.55020000000002,13.1134
1687242634399,-3.607539492105685,1.11037,0.3809316584387339,353.96,92.69557,357.612,-3.2368475719174663,0.682229,0.3593002826900371,0.79711,82.98720000000003,349.537,-3.2977150499262584,0.714093,0.5608722056681373,357.751,83.7382,12.9688
1687242634455,-3.639926322309039,1.10924,0.385842451370787,354.655,92.48073,357.982,-3.269841456562253,0.681888,0.3632359154326156,0.835916,83.15020000000004,349.718,-3.330877450246761,0.713906,0.5646438772048223,357.841,83.56320000000005,12.6666
1687242634511,-3.672311810673776,1.10812,0.3891288761373414,355.139,92.30185,358.065,-3.30289904407309,0.682082,0.3651467995826077,0.83676,83.20519999999999,349.524,-3.364115851694373,0.713784,0.5665251719940929,357.841,83.76419999999996,12.316
1687242634566,-3.7047481199844974,1.10797,0.3913283124332695,355.216,92.06892,358.199,-3.3361537482205463,0.682101,0.3665102432402866,0.801406,83.21019999999999,349.618,-3.397517948945952,0.713731,0.5682142782269278,357.797,83.66819999999996,12.4951
1687242634622,-3.737578759028036,1.10772,0.3934365444625478,355.315,92.02238,358.319,-3.369746310612925,0.682104,0.3681863659078389,0.768884,83.14919999999995,349.608,-3.431042537537956,0.713769,0.5693794209316021,357.712,83.62019999999995,12.1923
1687242634678,-3.7706917342436417,1.10756,0.3943297638836839,355.45,92.09932,358.362,-3.403082855273492,0.682026,0.3690929432210147,0.778001,83.14919999999995,349.682,-3.4645038170738616,0.713675,0.5701063675935116,357.648,83.61620000000005,12.1142
1687242634733,-3.803638614697993,1.10724,0.3943465360049139,355.617,92.1329,358.407,-3.436127374181457,0.68185,0.368832445180893,0.832943,83.2382,349.632,-3.4977697450683616,0.713564,0.5705549899285023,357.658,83.47919999999999,12.326
1687242634789,-3.836722140098697,1.10628,0.3944940964292294,356.118,92.16427,358.418,-3.4693047661938183,0.681772,0.3684511365106153,0.867182,83.35320000000002,349.638,-3.5321269684746395,0.714041,0.5713397746858409,356.668,83.2242,12.8487
1687242634845,-3.8595357847844536,1.1052,0.3945019136392452,356.715,92.23465,358.452,-3.4922375044464244,0.681482,0.3682914001401411,0.963262,83.44920000000002,349.655,-3.55519424363664,0.714128,0.5712952719042658,356.568,83.16920000000005,12.7685
1687242634901,-3.858850259951839,1.10506,0.3946713622564386,356.677,92.30585,358.508,-3.492390331700267,0.681596,0.3684765547795184,0.898823,83.40120000000002,349.638,-3.5553001276955865,0.713995,0.5715896416820302,356.61,83.17520000000002,12.8717
1687242634956,-3.85870862224048,1.10487,0.3950822365543949,356.878,92.18024,358.514,-3.492567211574075,0.681396,0.3688546956398359,0.891694,83.35019999999997,349.794,-3.5551287201775312,0.713936,0.5716277003571791,356.808,83.16020000000003,12.8537
1687242635012,-3.858420092338335,1.10463,0.3957404519413072,357.029,91.9049,358.691,-3.492478307657486,0.681195,0.3689443519481197,0.914638,83.3632,349.749,-3.555206033436223,0.713969,0.5714829258427424,356.772,83.20820000000003,12.8087
1687242635068,-3.8580005607577874,1.10467,0.3961622357519534,356.993,91.77315,358.699,-3.4921922250717308,0.681179,0.3688209975232798,0.891965,83.40819999999997,349.76,-3.555163174038668,0.713994,0.5714869348377762,356.823,83.21019999999999,12.8303
1687242635123,-3.858043668371648,1.10479,0.3961271811712645,356.938,91.79981,358.749,-3.4919973495801706,0.68097,0.3686785562975435,0.929573,83.43920000000003,349.686,-3.555112266578878,0.713967,0.5713832023426855,356.846,83.22320000000002,12.7893
1687242635179,-3.858151143543776,1.10516,0.3958675702559007,356.788,91.91961,358.773,-3.491995008358732,0.680985,0.3687995982682899,0.897594,83.40419999999995,349.701,-3.5551342157569423,0.713941,0.5712960803960686,356.802,83.1952,12.7326
1687242635234,-3.858573963534664,1.10547,0.3956293335137613,356.627,91.95833,358.69,-3.4919693622383394,0.680797,0.3689360471103839,0.901514,83.3972,349.755,-3.555099130445188,0.71398,0.5712736968999363,356.816,83.20219999999995,12.726
1687242635291,-3.8588735626646753,1.10593,0.3953593252522272,356.427,92.03968,358.605,-3.491888959345859,0.680752,0.3688865535261451,0.889077,83.40520000000004,349.716,-3.555088386387806,0.713987,0.5713863226750989,356.8,83.17819999999995,12.795
1687242635346,-3.859163883329557,1.1064,0.3950814423424567,356.166,92.14417,358.543,-3.491680100526075,0.680608,0.3688089372688374,0.900516,83.43119999999999,349.728,-3.555071876036634,0.713986,0.5713330365764974,356.807,83.22220000000004,12.7695
1687242635402,-3.859518577958225,1.10652,0.3948463954314072,356.122,92.2534,358.531,-3.491683190786322,0.680545,0.3688107947648957,0.882021,83.4212,349.698,-3.5551214772152857,0.713964,0.5713447294408327,356.791,83.20320000000004,12.7765
1687242635457,-3.859784322909644,1.10681,0.3947406503568379,355.975,92.3134,358.524,-3.4917538351544084,0.680582,0.3689298208681574,0.831773,83.39319999999998,349.764,-3.5551075059094406,0.713962,0.5713884307292918,356.795,83.21320000000003,12.782
1687242635513,-3.8601130446748,1.10733,0.39459231313591,355.617,92.34343,358.527,-3.491734378876413,0.680378,0.3689205206936128,0.890253,83.4162,349.806,-3.555123655394614,0.71401,0.5711774444877293,356.715,83.25620000000004,12.662
1687242635569,-3.860493478373276,1.10786,0.3945648895864687,355.413,92.3468,358.514,-3.4916820154984314,0.680454,0.3688712158597084,0.83148,83.38419999999996,349.793,-3.554251720850317,0.713592,0.5703012674790936,357.315,83.43319999999994,12.1046
1687242635625,-3.860967251962724,1.10834,0.3945938620896667,355.243,92.32625,358.536,-3.491630278202557,0.68038,0.3688780431736446,0.84713,83.3732,349.8,-3.554191181808668,0.71367,0.5702270177354158,357.397,83.46619999999996,12.0124
1687242635680,-3.861284101832687,1.10869,0.3946666221055026,355.09,92.3391,358.538,-3.491628324495029,0.680329,0.3689004590837733,0.854287,83.36220000000003,349.825,-3.553448042356552,0.713594,0.5681675217401032,357.454,84.13620000000003,10.982
1687242635736,-3.859106430903501,1.10906,0.395557108234579,354.886,92.34227,358.559,-3.489558225999425,0.680511,0.3697322496292557,0.796164,83.32820000000004,349.839,-3.551797924667693,0.714065,0.5665089436136888,356.735,84.7772,8.59881
1687242635793,-3.8313198489309,1.10901,0.4061312148323606,354.918,92.31967,358.543,-3.4618713865617723,0.680556,0.3801766491465756,0.799917,83.30020000000002,349.876,-3.523189868008925,0.713499,0.5781675588744091,357.769,84.35419999999999,9.39608
1687242635849,-3.799261299860919,1.10882,0.4161113650916689,354.991,92.31994,358.597,-3.4301207967237666,0.680672,0.3900268534115568,0.76107,83.28520000000003,349.881,-3.490253025377118,0.713081,0.5883608216609242,358.822,84.20519999999999,9.69791
1687242635905,-3.7664902934054014,1.10891,0.424228673961883,354.899,92.23978,358.7,-3.3976184817599733,0.680719,0.3977421551645768,0.756084,83.28219999999999,349.87,-3.4580606717750344,0.713122,0.5958328597622263,358.339,84.1952,9.53555
1687242635963,-3.733275286838462,1.1089,0.4305386193381659,354.9,92.15471,358.688,-3.3646888564448982,0.680645,0.403735005742598,0.756644,83.27520000000004,349.926,-3.425075012096223,0.713225,0.6013559170239045,358.443,84.01120000000003,9.03397
1687242636016,-3.699970576387522,1.10887,0.4354256838157742,354.941,92.12033,358.748,-3.3315368856539207,0.680693,0.4085103040076259,0.755289,83.26319999999998,349.916,-3.392059916076704,0.713189,0.6060398133910414,358.362,84.06020000000001,9.09288
1687242636072,-3.666396607668293,1.10901,0.4388543219011198,354.858,92.15485,358.748,-3.298272404329426,0.68061,0.4121366832432176,0.782387,83.19719999999995,349.963,-3.358681163271512,0.713126,0.6095775402792347,358.491,84.04219999999998,9.18852
1687242636127,-3.632821361656835,1.10895,0.4410783929732657,354.908,92.14293,358.768,-3.264981633946336,0.680673,0.4143813714651376,0.768908,83.20119999999997,349.982,-3.325197275257197,0.712965,0.6113111015692579,358.574,84.11019999999996,8.86382
1687242636183,-3.599181679687274,1.10895,0.4404948597671965,354.89,92.13865,358.733,-3.231398483308748,0.680774,0.4135940711898316,0.761287,83.24620000000004,349.953,-3.2914551052222736,0.712906,0.6091159982106796,358.712,84.50919999999996,7.39203
1687242636238,-3.566143353104258,1.10872,0.4345766573804008,354.984,92.16074,358.747,-3.198508207211093,0.6807,0.4075751339839106,0.79888,83.26120000000003,349.929,-3.258306861913947,0.712842,0.6015430258448545,358.665,84.7722,5.95697
1687242636294,-3.535719188429178,1.10878,0.4206974607390338,354.971,92.1593,358.829,-3.1683310284731503,0.680753,0.393739032549428,0.772708,83.23019999999997,349.975,-3.2284820513403343,0.712992,0.5863168222246434,358.203,84.94920000000002,4.89123
1687242636350,-3.507513896250632,1.10892,0.4029521198152636,354.917,92.05758,358.855,-3.140286240340355,0.68067,0.3758018746522231,0.802743,83.21019999999999,350.012,-3.2002043725180527,0.712874,0.5682805485529593,358.465,85.07119999999998,5.07854
1687242636406,-3.480745095611581,1.10902,0.383232887277699,354.885,91.95429,358.921,-3.1135045407012285,0.680611,0.3556745988622979,0.81813,83.19820000000004,349.989,-3.173485180944976,0.712884,0.5479702488529054,358.394,85.09619999999995,4.9032
1687242636461,-3.454486569057744,1.10913,0.3626755860276466,354.792,91.94975,358.953,-3.0872628505049287,0.680608,0.334903876579859,0.804785,83.2002,350.017,-3.147336162424067,0.712929,0.5270192949123704,358.319,85.1132,4.88673
1687242636517,-3.428522985628336,1.10909,0.3417372490531306,354.764,91.88178,359.003,-3.0614481554075605,0.680519,0.3137202073518942,0.821496,83.1952,350.013,-3.121630716281224,0.71283,0.5062232401267774,358.281,85.0512,5.29419
1687242636573,-3.402799381504828,1.10915,0.3206483476868761,354.762,91.82445,358.982,-3.0357207179864547,0.68055,0.2924510880458293,0.797194,83.17420000000004,350.063,-3.095787200046894,0.712775,0.4851048149450848,358.433,85.00919999999996,5.44929
1687242636628,-3.377174976956154,1.10935,0.299413070752117,354.646,91.82437,359.03,-3.009837136481839,0.680292,0.2710470485692872,0.893528,83.24620000000004,350.07,-3.07012991254031,0.712668,0.4642362773606538,358.412,85.03319999999997,5.75388
1687242636684,-3.3517727856333366,1.10969,0.2779744428168926,354.454,91.80582,359.048,-2.984017165059243,0.680317,0.2495138574370531,0.887927,83.24919999999997,350.015,-3.044334804206179,0.712608,0.442827859890833,358.494,84.98720000000003,5.73858
1687242636740,-3.327060741662483,1.10994,0.2557779348038563,354.285,91.7348,359.002,-2.9590950606006152,0.680316,0.2273573180551687,0.874137,83.23119999999994,350.074,-3.019361334583836,0.712611,0.4205150519261931,358.407,85.04920000000004,5.71573
1687242636795,-3.303849399444227,1.10997,0.2321648854520763,354.267,91.67973,358.994,-2.935642989157188,0.680173,0.2038005896599557,0.909001,83.21320000000003,350.068,-2.995674893341511,0.712235,0.3978111187041401,358.88,84.90419999999995,6.69527
1687242636851,-3.2841795585818017,1.11008,0.2053004528874894,354.196,91.66099,359.014,-2.9159097819644657,0.680177,0.1770858847086692,0.881786,83.18119999999999,350.113,-2.97600207740032,0.712355,0.3705902351907448,358.632,85.00220000000002,6.22861
1687242636907,-3.265729998386953,1.11015,0.1774868190210009,354.165,91.57486,358.982,-2.8974271864028114,0.679997,0.1493278568179386,0.942813,83.16120000000001,350.101,-2.9575335699764835,0.712308,0.3423420119059387,358.563,85.02419999999995,5.91674
1687242636963,-3.247739350538812,1.11029,0.1494306466365353,354.142,91.53926,358.937,-2.87933551350255,0.680068,0.1215129736144246,0.895423,83.1132,350.123,-2.939291366281238,0.712277,0.3142413565383476,358.582,85.03719999999998,5.84614
1687242637018,-3.229858815625989,1.11036,0.1213950645613005,354.074,91.54288,358.909,-2.861184808727153,0.67989,0.0936147782028667,0.942286,83.11019999999996,350.154,-2.921178583160333,0.712262,0.2862978378643239,358.632,85.11419999999998,5.89578
1687242637072,-3.21258652851664,1.11041,0.0946817403925249,354.071,91.49893,358.895,-2.843813745215816,0.679769,0.0668807513190371,0.979608,83.10019999999997,350.143,-2.90391067098676,0.712232,0.2601846658761966,358.64,85.09320000000002,6.40844
1687242637130,-3.1935230527198746,1.11041,0.0654659821207676,354.112,91.4107,358.895,-2.824836460915244,0.679807,0.0375409259445327,0.960301,83.07920000000001,350.168,-2.884895439669141,0.712192,0.2310179047495807,358.736,85.09619999999995,6.69387
1687242637185,-3.17515688352851,1.11038,0.0377212711086053,354.129,91.35566,358.94,-2.806688118587114,0.679623,0.0096078206180898,1.00994,83.0652,350.214,-2.8670110697481683,0.712285,0.2034201199537645,358.591,85.11919999999998,6.97651
1687242637242,-3.158933110771864,1.11049,0.0087296414297197,354.155,91.31273,359.003,-2.79056129540907,0.679663,-0.0196501350249992,0.986416,83.03020000000004,350.217,-2.85119186383762,0.712364,0.1761993059617978,358.736,84.65120000000002,8.98504
1687242637295,-3.157693691150626,1.11073,0.0066865038705216,354.077,91.27322,359.04,-2.789502743418006,0.679697,-0.0221557381941138,0.995017,83.05619999999999,350.188,-2.850486405621296,0.712663,0.1753123594413398,358.455,84.62220000000002,10.5673
1687242637351,-3.157337425057152,1.11095,0.0071873151330149,354.036,91.13197,359.045,-2.789403498307258,0.679689,-0.0221372761250869,0.979149,83.04319999999996,350.221,-2.8507334492701046,0.712902,0.1749654251023313,358.387,84.62019999999995,10.0735
1687242637407,-3.15718712763054,1.11074,0.0077275360170558,354.148,90.9759,359.143,-2.789407551405974,0.679742,-0.0220720943608365,0.95743,83.00419999999997,350.208,-2.850772530334036,0.712889,0.1755862766710996,358.486,84.43820000000005,10.5797
1687242637462,-3.1570794911446485,1.11029,0.0082081963928982,354.323,90.86024,359.161,-2.789369268259024,0.679721,-0.0220986328359171,0.949206,83.02419999999995,350.22,-2.850894603931125,0.713073,0.1754994720808186,358.393,84.44820000000004,10.5976
1687242637518,-3.157012908994247,1.11024,0.0086099502320186,354.323,90.6906,359.18,-2.7893389014897223,0.67983,-0.0222768075235755,0.913287,83.03620000000001,350.176,-2.851061183916661,0.713211,0.1752514093701613,358.299,84.48419999999999,10.4862
1687242637573,-3.1571938379355218,1.11028,0.0089505606373342,354.356,90.48311,359.141,-2.7893649251107844,0.679886,-0.0224693353946665,0.888284,83.05420000000004,350.18,-2.8503722162232323,0.712741,0.1747550904027507,358.936,84.58619999999996,10.2717
1687242637630,-3.1575799316706368,1.11056,0.0090012578532836,354.209,90.31035,359.018,-2.78936614848819,0.679857,-0.0226142512093581,0.889955,83.06820000000005,350.156,-2.8499925317664987,0.712746,0.1743003512321102,359.164,84.74220000000003,9.94086
1687242637687,-3.141419374547001,1.11095,0.0081719626958277,353.974,90.12419,358.949,-2.7729433896157936,0.67993,-0.0236726334527593,0.872317,83.08119999999997,350.15,-2.833249821395732,0.712436,0.1715828179019511,359.161,84.85220000000004,8.55052
1687242637743,-3.10865493974448,1.1113,0.0026295465142683,353.804,90.01522,358.898,-2.739943536768145,0.679869,-0.029425869448445,0.883527,83.10919999999999,350.143,-2.8000644647907835,0.712402,0.1659728149891342,359.538,84.95119999999997,8.34795
1687242637798,-3.0756732396622275,1.11179,-0.0028771108378739,353.457,89.94779,358.908,-2.707161134675411,0.679941,-0.0351660038259533,0.853085,83.09720000000004,350.135,-2.7670943012170643,0.71234,0.1603918367181947,359.598,84.83219999999994,8.42628
1687242637854,-3.042533214788792,1.11243,-0.0082949777580406,353.171,89.93513,358.977,-2.674314746914276,0.68001,-0.0407973382759218,0.838726,83.09220000000005,350.144,-2.7340893781083726,0.712258,0.1547313853732128,359.683,84.85919999999999,8.43369
1687242637910,-3.009528968230948,1.11294,-0.0136296677107803,352.924,89.8766,359.072,-2.641352328721664,0.680049,-0.0463889658044694,0.828869,83.08019999999999,350.157,-2.7011175982596223,0.712248,0.1491108640841912,359.709,84.75519999999995,8.44739
1687242637965,-2.977031020193293,1.11346,-0.0187065284703445,352.648,89.77919999999999,359.12,-2.608656697200019,0.679915,-0.0517558980210184,0.858138,83.0702,350.198,-2.6684357255944,0.71221,0.1438239759421882,359.777,84.77120000000002,8.62418
1687242638021,-2.9444103680925813,1.11395,-0.0237747491040899,352.415,89.72062,359.166,-2.5755249731850944,0.679922,-0.0571194381402421,0.849346,83.0652,350.172,-2.635289120234288,0.712191,0.1385060818037887,359.797,84.78120000000001,8.65954
1687242638076,-2.911819854037512,1.11465,-0.0284817413260922,352.027,89.58006999999999,359.237,-2.5422729971140887,0.679928,-0.0622014030165435,0.846495,83.06619999999998,350.191,-2.602074646913899,0.712147,0.1335408906561087,359.866,84.77620000000002,8.85739
1687242638132,-2.879365861274268,1.11538,-0.0317354922990821,351.654,89.44198,359.26,-2.50933624087877,0.679869,-0.0657894401544146,0.866326,83.07320000000004,350.221,-2.569483119329921,0.711932,0.1308262624363817,359.908,84.85619999999994,9.67334
1687242638188,-2.8578733082759027,1.11628,-0.0324222250559374,351.153,89.3089,359.236,-2.4873058546438496,0.680013,-0.0667999718915906,0.838977,83.06619999999998,350.223,-2.5474793803572133,0.712024,0.1307483049661767,359.938,84.5652,10.6444
1687242638242,-2.8587243435482264,1.1176,-0.0320192466353952,350.556,89.13745999999999,359.325,-2.487117026749331,0.680081,-0.0667823790497161,0.841244,83.07219999999995,350.22,-2.5471549332148244,0.711884,0.1310551575176669,0.105928,84.76819999999998,10.8943
1687242638297,-2.8617337543036903,1.11938,-0.0263975273379395,349.507,88.84738999999999,359.504,-2.4888830351063795,0.680188,-0.0616319194318571,0.819611,83.05719999999997,350.217,-2.549066018352852,0.712146,0.1374653102480024,359.975,84.53120000000001,12.2882
1687242638353,-2.874376214684116,1.12131,0.0060987026622253,348.396,88.47792,359.646,-2.4998924223020387,0.680336,-0.0298131492040748,0.788484,83.0272,350.214,-2.5598868177205745,0.712286,0.1702380450669275,359.871,84.19920000000002,13.2998
1687242638410,-2.8855563815789296,1.12307,0.0389378197588772,347.379,88.070534,359.903,-2.509269284427844,0.680371,0.0022235333718385,0.809232,83.02520000000004,350.227,-2.5691252614785047,0.712269,0.2017345104962834,359.994,84.31020000000001,12.7513
1687242638465,-2.896080010006681,1.12425,0.0719040116682926,346.573,87.663907,0.233199,-2.518118406106323,0.680398,0.0343799586317547,0.825684,83.03620000000001,350.198,-2.577991196865417,0.712293,0.2339934615539713,359.986,84.30020000000002,12.9874
1687242638521,-2.9066966393690112,1.12505,0.1048815335081927,346.138,87.40243149999999,0.399806,-2.5272563389409632,0.68042,0.0665433506668953,0.864409,83.05719999999997,350.192,-2.5869620451739976,0.712363,0.2660520537267484,0.0966256,84.35720000000003,12.9469
1687242638576,-2.917224276692446,1.12582,0.1377611057070537,345.729,87.18820000000005,0.623115,-2.536761032019644,0.680473,0.0990375459695571,0.87457,83.02319999999997,350.232,-2.5962854946101266,0.7124,0.298224574066078,0.133934,84.39819999999997,12.9341
1687242638633,-2.927970391742493,1.12614,0.1700851499114146,345.555,87.09519999999998,0.704089,-2.546638205405598,0.680578,0.1312805433701344,0.852318,82.97820000000002,350.284,-2.605831535713744,0.71233,0.3300876433002948,0.311411,84.48720000000003,12.845
1687242638688,-2.938791363929558,1.12651,0.2022016347844776,345.393,87.09519999999998,0.772369,-2.556683031552256,0.680565,0.1631533632601569,0.882063,82.99919999999997,350.276,-2.615794021203726,0.712395,0.3615061171699119,0.393847,84.52319999999997,12.4304
1687242638743,-2.952012674110319,1.1268,0.2331549560918572,345.274,87.20320000000004,0.809037,-2.569163048854662,0.68059,0.1940579027215164,0.907634,83.03120000000001,350.272,-2.628410895594743,0.712351,0.3908863874367729,0.342508,84.8872,11.1136
1687242638799,-2.970290544522282,1.12693,0.2608332867886384,345.184,87.43650699999999,0.819536,-2.587035812351372,0.680509,0.2221603451102058,0.93544,83.05719999999997,350.286,-2.6468167615833176,0.712726,0.4171184487698572,359.829,84.85519999999997,9.33258
1687242638854,-2.9960800173318374,1.12708,0.2814462250683273,345.064,87.75435999999999,0.897565,-2.612773140076307,0.680404,0.2433593637087504,0.985655,83.06119999999999,350.307,-2.6728017952360648,0.712723,0.4385619492968282,359.622,84.76419999999996,9.55126
1687242638911,-3.026789659701441,1.12683,0.2898313950120348,345.208,88.11022899999999,0.976017,-2.643857233538613,0.680454,0.2523504830803594,0.975799,83.05319999999995,350.256,-2.704183470407726,0.712696,0.4477509668398723,359.383,84.70320000000004,9.68614
1687242638966,-3.0591292581479683,1.12632,0.2878157490838224,345.551,88.50997,0.902697,-2.676943150226389,0.680466,0.2508415851494575,1.01141,83.07219999999995,350.294,-2.7374855890099536,0.712731,0.4461771857664172,359.397,84.7672,9.53287
1687242639022,-3.091728306811808,1.12571,0.2875848241793952,345.865,88.73534,0.84651,-2.710080035062632,0.680593,0.2506074011571255,1.03036,83.15620000000001,350.087,-2.7713453634885474,0.712944,0.4460520102828437,358.928,84.70519999999999,9.14867
1687242639077,-3.1243190297943286,1.12532,0.2866858627893842,346.064,88.82119,0.855993,-2.7434585064136794,0.680563,0.249902708029796,1.01415,83.16420000000005,350.171,-2.8047413360273854,0.712958,0.4451651992859189,358.982,84.75319999999999,9.02996
1687242639133,-3.156902356873506,1.12476,0.2842760812650247,346.434,88.82088999999999,0.800765,-2.776704648438377,0.68065,0.2473922152945672,0.980917,83.10720000000003,350.165,-2.8381377241336136,0.713116,0.442592310998087,358.64,84.77319999999997,8.93843
1687242639189,-3.1894027095369384,1.12421,0.2795588305233216,346.756,88.7162,0.798592,-2.809486330911937,0.680703,0.2422307200954608,0.957243,83.11620000000005,350.142,-2.870894741310158,0.712977,0.4373744077044985,358.763,84.75120000000004,8.76401
1687242639245,-3.221234328050431,1.12378,0.2717636852604138,347.026,88.67112,0.815742,-2.841495836347001,0.68054,0.2338453087712436,1.00712,83.18520000000001,350.153,-2.903128941712117,0.712963,0.428998597518353,358.774,84.86620000000005,8.61458
1687242639301,-3.2508474982741817,1.12345,0.2577318636463752,347.171,88.57177999999999,1.00378,-2.8715101766382203,0.680645,0.2192796395038734,0.990263,83.16420000000005,350.103,-2.9330125322203293,0.712947,0.4141847720617716,358.764,84.8012,8.35688
1687242639356,-3.276506873240148,1.12319,0.2372162171172444,347.302,88.40296,1.12887,-2.8975970827728568,0.680658,0.1983013903376818,0.943693,83.13819999999998,350.205,-2.9587888332607406,0.71312,0.3921104508927255,358.694,84.85820000000001,7.27324
1687242639412,-3.29389433030217,1.123,0.209815810313697,347.393,88.170293,1.2889,-2.91499258168804,0.680671,0.1701063377460012,0.94432,83.14319999999998,350.188,-2.975933748534607,0.712889,0.3639943048831829,358.725,84.82420000000002,7.38007
1687242639468,-3.2987435345256,1.12325,0.1777826353105203,347.247,87.93934899999999,1.39279,-2.919740253482104,0.680592,0.1372046611044915,0.964012,83.16819999999996,350.171,-2.980586605125969,0.712748,0.3310132760688192,358.719,84.81420000000003,7.12971
1687242639523,-3.292766072421119,1.12346,0.1457734544285104,347.153,87.727578,1.49348,-2.913766090976268,0.680609,0.1045924659584307,0.947531,83.13120000000004,350.209,-2.97398843794631,0.712434,0.2982659187718193,359.184,84.72119999999995,6.97747
1687242639580,-3.277812354205821,1.12347,0.1165991092929359,347.145,87.530018,1.60981,-2.898728656403346,0.68053,0.0748830808352234,0.964134,83.12019999999995,350.233,-2.958926835995467,0.71238,0.2691307924646909,359.096,84.59820000000002,7.52661
1687242639635,-3.256088480213448,1.12349,0.0918203242222396,347.12,87.3725661,1.74503,-2.877050295242424,0.680506,0.0495754082390803,0.971791,83.13919999999996,350.218,-2.9371825105656995,0.712273,0.2449799711836422,359.271,84.1182,8.482
1687242639692,-3.2279603770952385,1.12347,0.0743320207151046,347.143,87.25319999999999,1.76279,-2.849183066760474,0.680438,0.031678506008677,0.955758,83.12819999999999,350.253,-2.90928695591154,0.71222,0.227012616714325,359.299,84.43520000000001,8.50292
1687242639747,-3.1945825346027963,1.12322,0.0711985395680723,347.271,87.18619999999999,1.80085,-2.816091964590428,0.680392,0.0283403395177332,0.94279,83.11519999999996,350.239,-2.8758730356559177,0.711953,0.224348686861087,359.573,84.20320000000004,9.00444
1687242639804,-3.1613703428272304,1.12326,0.0751428710486746,347.238,87.18420000000003,1.78041,-2.7830017677825523,0.680428,0.0322603284438637,0.921666,83.12220000000002,350.243,-2.8426210682479165,0.711915,0.2282346047887722,359.639,84.21619999999996,9.09747
1687242639858,-3.1286796961154364,1.12346,0.0804100609774862,347.139,87.19619999999998,1.74336,-2.750161925544634,0.680345,0.0375931082848914,0.926037,83.10619999999994,350.249,-2.8095996403074555,0.711746,0.2334308282581731,359.792,84.24620000000004,9.0146
1687242639914,-3.0958858286713618,1.12362,0.0865712798331375,347.142,87.19820000000004,1.74425,-2.717259934508216,0.680267,0.0438589787969021,0.915799,83.08820000000003,350.276,-2.7765926793345863,0.711714,0.2397425585831079,359.914,84.17819999999995,9.17484
1687242639970,-3.063227219808048,1.12361,0.0928711173659588,347.144,87.22320000000002,1.71204,-2.6845124290303373,0.68024,0.0503362884016643,0.914121,83.07619999999997,350.259,-2.743942958274771,0.71175,0.2458067425198417,359.883,84.34119999999996,8.90221
1687242640026,-3.030198475366386,1.12364,0.097380323123825,347.148,87.25519999999995,1.70256,-2.6514696435368155,0.68018,0.0549368808968758,0.921797,83.07619999999997,350.26,-2.7109938178699307,0.711801,0.2497561424111596,359.834,84.28920000000005,8.21397
1687242640082,-2.996813176613036,1.12355,0.098663061474188,347.196,87.29819999999995,1.69764,-2.6179764161438266,0.680168,0.0562429127473172,0.926916,83.10320000000002,350.26,-2.6777269169232167,0.711946,0.2502514012787526,359.576,84.62019999999995,7.42208
1687242640137,-2.9638503149136493,1.12349,0.0941756646195494,347.21,87.31219999999996,1.67409,-2.584945818216416,0.680216,0.051737083860422,0.916199,83.11220000000003,350.214,-2.644812999586861,0.711955,0.2444959474562584,359.334,84.5462,6.07289
1687242640193,-2.9333980228730088,1.12347,0.0806600497439556,347.224,87.31020000000001,1.68657,-2.5544713545457887,0.680225,0.0382161802020076,0.898009,83.10220000000004,350.24,-2.614458942301306,0.712106,0.230232599656892,359.223,84.6762,5.57787
1687242640249,-2.9051372168002545,1.12354,0.06345893387009,347.175,87.25919999999996,1.73854,-2.5260568566370125,0.680162,0.0209333132912051,0.924615,83.08519999999999,350.234,-2.586070812774059,0.712164,0.2127004266120785,359.071,84.66920000000005,5.38278
1687242640304,-2.878487050971481,1.12361,0.0435409816603659,347.116,87.22820000000002,1.7455,-2.4994189643601645,0.680116,0.0009011920803331,0.912874,83.06820000000005,350.252,-2.559531538110733,0.712262,0.1922302134401947,358.966,84.65719999999999,5.06455
1687242640360,-2.852878994623945,1.12354,0.0220585547211069,347.162,87.22119999999995,1.76722,-2.4737707244746647,0.680019,-0.0205991850504764,0.933953,83.07619999999997,350.261,-2.5338917123922173,0.712239,0.170610211847865,358.892,84.70619999999997,5.06127
1687242640415,-2.828451221004209,1.12355,-0.0005246340820498,347.156,87.25620000000004,1.78192,-2.4493865624832027,0.679953,-0.0431339706721338,0.954319,83.09519999999998,350.247,-2.5094316295565484,0.712064,0.1480361341733871,359.001,84.75519999999995,5.03376
1687242640472,-2.8052361357376348,1.12356,-0.0251077568931699,347.11,87.20719999999994,1.77663,-2.426465463580864,0.679946,-0.0676109475646167,0.93532,83.05619999999999,350.263,-2.486335891804538,0.711999,0.1231861171862958,358.968,84.78219999999999,4.74746
1687242640527,-2.782610644320374,1.12332,-0.0498697362405742,347.243,87.20920000000001,1.65795,-2.4041513162734494,0.679859,-0.092082080709769,0.961059,83.03120000000001,350.3,-2.4639459913397577,0.711925,0.0985723710713645,358.877,84.71619999999996,4.71253
1687242640583,-2.760009383587769,1.12325,-0.0749129978522559,347.272,87.3581291,1.49007,-2.381822219056067,0.679882,-0.1167198481052386,0.962475,83.03920000000005,350.285,-2.441542000905702,0.711959,0.0738531173819784,358.965,84.73419999999999,4.66753
1687242640638,-2.737342120194429,1.12305,-0.0999344807735846,347.391,87.26919999999996,1.39124,-2.3593891026502605,0.679849,-0.1415704855105912,0.965368,83.03920000000005,350.297,-2.419336070422601,0.712004,0.0491935632216367,358.917,84.77319999999997,4.8967
1687242640694,-2.7145255321629,1.12247,-0.124577218058444,347.806,87.10720000000003,1.30882,-2.3370396982050536,0.679856,-0.1663335454544608,0.965931,83.03719999999998,350.293,-2.3970316929145774,0.712136,0.0244941669638681,358.948,84.7722,4.88623
1687242640750,-2.691544203673809,1.12213,-0.1489985969778033,348.167,86.8632,1.1949,-2.3144997468649846,0.680057,-0.1911591407134466,0.948596,83.05619999999999,350.262,-2.37493424970401,0.712116,0.0010160495137255,358.995,84.79020000000003,5.84255
1687242640806,-2.66862492059383,1.12213,-0.1736204889744622,348.337,86.65319999999997,0.963393,-2.2918408290653023,0.680214,-0.2165639772923819,0.987467,83.14819999999997,350.175,-2.3519594853651795,0.711909,-0.021000005712908,359.655,84.32119999999998,8.53193
1687242640861,-2.648470680027992,1.12184,-0.1978279126233292,348.521,86.6472,0.853172,-2.2718402832788325,0.680401,-0.2412903774755881,1.01782,83.2482,350.08,-2.333963424312747,0.713387,-0.0431972912365919,358.412,84.12220000000002,9.76938
1687242640915,-2.648264465579505,1.12114,-0.1980094062453532,348.948,86.66319999999996,0.610053,-2.271846027439682,0.680619,-0.241509786259861,0.97036,83.29219999999998,350.043,-2.332833892540941,0.712613,-0.0433746552027195,359.093,84.25919999999996,10.0842
1687242640971,-2.647349089372164,1.1209,-0.1977736745448262,348.959,86.50819999999999,0.450897,-2.271769843388503,0.680605,-0.2413195147687072,0.967555,83.27819999999997,350.09,-2.333360813454035,0.712928,-0.043965947305951,358.515,84.38919999999996,9.57492
1687242641027,-2.646810536488584,1.12017,-0.1976381972360701,349.601,86.39620000000002,0.504857,-2.2718187383466697,0.680597,-0.2411732415891224,0.978329,83.2722,350.12,-2.3334309072336605,0.712979,-0.0439442019143044,358.53,84.31219999999996,9.57571
1687242641083,-2.6457898482036994,1.12013,-0.1975456466056033,349.627,86.40419999999995,0.281044,-2.271926582043233,0.680796,-0.2412860090361612,0.939693,83.29020000000003,350.087,-2.333488599919329,0.713087,-0.0437596983804078,358.486,84.3392,9.62885
1687242641138,-2.645043155831897,1.11915,-0.1981694251819363,350.179,86.76120000000003,0.284586,-2.2719063740259533,0.680763,-0.2415465490062956,0.958248,83.34619999999995,350.065,-2.3334169592163536,0.713046,-0.0443489925426707,358.652,84.30819999999994,9.09708
1687242641194,-2.644154954508001,1.11961,-0.1989803699755132,349.859,87.04719999999998,0.184575,-2.27188528541504,0.680818,-0.2415907109864337,0.95644,83.33820000000003,350.031,-2.333226779540287,0.712841,-0.0446904712254769,358.663,84.43319999999994,8.86352
1687242641250,-2.6626582781659875,1.11963,-0.2110869547799913,349.928,87.1132,0.0695154,-2.291219960613213,0.680824,-0.2530122297965516,0.932941,83.31119999999999,350.075,-2.352793039740827,0.712783,-0.0564469882843642,358.568,84.27319999999997,8.88585
1687242641305,-2.689030914837297,1.11907,-0.2311029571763709,350.141,87.18920000000003,359.837,-2.318233649557803,0.680841,-0.2726358859263224,0.918724,83.32719999999995,350.041,-2.3799004594431863,0.712732,-0.0760572136640448,358.543,84.54319999999996,8.989
1687242641361,-2.715629382905146,1.11853,-0.2502453226587563,350.316,87.420071,359.587,-2.345853262561449,0.680898,-0.291127700150084,0.896036,83.34119999999996,350.03,-2.4072377990879663,0.712509,-0.0945696480447972,358.936,84.37720000000002,8.85247
1687242641416,-2.7432978572691566,1.11802,-0.2679727743403344,350.538,87.444245,359.377,-2.3744536337717306,0.680845,-0.3084301731523029,0.888182,83.3012,350.056,-2.436252859539079,0.712645,-0.1130002513956633,358.632,84.5512,8.08397
1687242641473,-2.771107102627496,1.1176,-0.2852381622006286,350.762,87.15319999999997,359.115,-2.4030650454646048,0.680815,-0.3255803536268154,0.851536,83.22820000000002,350.146,-2.4643954222223736,0.712541,-0.1307562660192762,358.902,84.44420000000002,7.71447
1687242641529,-2.7973263127118755,1.1178,-0.3055438463464602,350.526,86.99720000000002,359.068,-2.429503645944288,0.680748,-0.3459469657173728,0.856932,83.18020000000001,350.145,-2.4909126292686503,0.712691,-0.1524587166096862,358.613,84.74919999999997,6.57626
1687242641584,-2.818419979567651,1.11761,-0.3310833879851992,350.686,86.95119999999997,359.03,-2.4501074377630525,0.680697,-0.3716284504014278,0.84537,83.15620000000001,350.158,-2.511736109374149,0.712872,-0.1787078977766189,358.175,84.42920000000004,6.14405
1687242641640,-2.8253254227667464,1.11757,-0.3632365344216538,350.643,86.91319999999996,359.006,-2.4565895928111017,0.680534,-0.4040557990099815,0.892258,83.18119999999999,350.153,-2.517821915764326,0.712666,-0.2124376338050301,358.423,84.83519999999999,4.89411
1687242641695,-2.818982672117654,1.11722,-0.395515300480987,350.75,86.84019999999998,359.056,-2.450080546714751,0.680417,-0.4365465191073068,0.890272,83.16920000000005,350.179,-2.5111820037118955,0.712482,-0.2447727627986916,358.534,84.64319999999998,4.87068
1687242641752,-2.805044108188676,1.11698,-0.4251852217409142,350.789,86.70420000000001,359.142,-2.436276467464108,0.680394,-0.4666282811632863,0.870659,83.1522,350.23,-2.496976965030516,0.712351,-0.2751008408608573,358.734,84.65520000000004,4.88464
1687242641808,-2.783954653932079,1.11696,-0.4503886459782472,350.78,86.46619999999996,359.232,-2.4151633881090104,0.680477,-0.4925030351144864,0.85255,83.14520000000005,350.239,-2.475717212521236,0.71211,-0.2997464895294057,358.866,84.56420000000003,5.96354
1687242641864,-2.7598736858646573,1.11722,-0.4723837204996308,350.631,86.22519999999997,359.409,-2.39089337422202,0.680443,-0.5152322911233127,0.855853,83.14319999999998,350.258,-2.450539932864792,0.711841,-0.3235078406809282,359.531,84.58119999999997,5.02075
1687242641919,-2.733785026391255,1.11739,-0.4920752427507966,350.576,85.96720000000005,359.534,-2.364575394337481,0.680351,-0.5355966440080233,0.86767,83.12519999999995,350.272,-2.424417111705269,0.711915,-0.3440444099471183,359.148,84.6522,4.98084
1687242641975,-2.7068256885833177,1.11771,-0.5108224290413548,350.367,85.64819999999997,359.668,-2.337335573511909,0.680278,-0.5550039740847511,0.87378,83.12419999999997,350.293,-2.397022371375134,0.711758,-0.3616076760371294,359.436,84.41120000000001,6.81292
1687242642031,-2.6765233368209143,1.11811,-0.5242200154041777,350.17,85.3492,359.721,-2.3070555273430484,0.680224,-0.5690284097395867,0.888112,83.10820000000001,350.279,-2.3664329057375806,0.711572,-0.3753345139224945,359.863,84.49120000000005,7.33656
1687242642087,-2.6444436932949382,1.11808,-0.5330851909535022,350.239,85.06619999999998,359.667,-2.275006285647718,0.680152,-0.5784116642180267,0.890915,83.09519999999998,350.312,-2.3344751369465726,0.711659,-0.3852870697866475,359.682,84.39919999999995,6.64839
1687242642142,-2.6110896840920743,1.11811,-0.5359417458265376,350.181,84.77419999999995,359.558,-2.2416642117756305,0.680058,-0.581673971380494,0.929886,83.09519999999998,350.314,-2.301488007269696,0.711777,-0.3887512992814267,359.45,84.52919999999995,6.62609
1687242642197,-2.579876133740112,1.11807,-0.5450514416679677,350.135,84.62019999999995,359.464,-2.21037570757548,0.680083,-0.5909990071688495,0.9157,83.10019999999997,350.302,-2.2703305809783485,0.711689,-0.3975646057743301,359.599,84.56320000000005,7.14921
1687242642253,-2.5717015058831825,1.11793,-0.554907189854786,350.227,84.48419999999999,359.428,-2.2020672551164515,0.680116,-0.6010745066441125,0.900261,83.10820000000001,350.333,-2.2628613416901606,0.711358,-0.403828084832034,359.663,84.30219999999997,11.3293
1687242642308,-2.5861725967846643,1.11785,-0.5554130800697769,350.247,84.42020000000002,359.371,-2.216540142724746,0.680162,-0.6018285224417115,0.915958,83.12919999999997,350.301,-2.2770775705078177,0.711562,-0.4054240176476273,359.699,84.45119999999997,9.92152
1687242642364,-2.618381765648012,1.11798,-0.5469487970013546,350.209,84.42020000000002,359.412,-2.2487876755150897,0.680251,-0.5933423898079522,0.904703,83.14319999999998,350.31,-2.3095950129480047,0.711675,-0.3969033713800196,359.432,84.44119999999998,10.1189
1687242642419,-2.64949569239219,1.11801,-0.5346059315086019,350.198,84.38120000000004,359.382,-2.2798372932487663,0.680333,-0.5810067643958811,0.904103,83.1422,350.311,-2.341089991691272,0.711785,-0.384057317656492,359.172,84.49419999999998,10.9073
1687242642475,-2.680024884945009,1.11793,-0.5212231171803754,350.232,84.4742,359.261,-2.309895244273932,0.680586,-0.5683321943918221,0.905206,83.31320000000005,350.139,-2.3715246324979344,0.711849,-0.370756781025115,359.386,84.45320000000004,10.5637
1687242642531,-2.7096842518273894,1.11796,-0.5061120861162994,350.166,84.60119999999995,359.283,-2.3394591757369274,0.680598,-0.5531149233808016,0.937004,83.41219999999998,350.225,-2.401147049853969,0.711792,-0.3549104570669465,359.529,84.41520000000003,11.109
1687242642586,-2.738405813076273,1.11806,-0.48934537329994,350.202,84.74419999999998,359.298,-2.3683510701328023,0.680756,-0.5359067742321857,0.883476,83.31219999999996,350.197,-2.429718135176756,0.711741,-0.3377548606406658,359.662,84.34019999999998,11.1812
1687242642642,-2.76629891645768,1.1181,-0.4710611711133636,350.159,84.80719999999997,359.271,-2.396185129291367,0.68053,-0.5170726586231063,0.94323,83.30619999999999,350.31,-2.4573742454307728,0.7117,-0.3191506736887178,359.853,84.40419999999995,11.2593
1687242642697,-2.793497432804315,1.11815,-0.4516198912975193,350.123,84.76620000000003,359.258,-2.423237177328516,0.680488,-0.4977021056360919,0.981774,83.31719999999996,350.311,-2.484493560950491,0.71175,-0.2995835517932035,359.943,84.33619999999996,11.5178
1687242642753,-2.820825170446584,1.11808,-0.4319796275560701,350.161,84.78719999999998,359.321,-2.4504694362783344,0.680768,-0.4781532262028579,0.911384,83.30719999999997,350.246,-2.511641280411362,0.711768,-0.2800442287614126,0.0224369,84.41020000000003,11.5051
1687242642809,-2.8477919830891034,1.11804,-0.4124502859565708,350.186,84.84519999999998,359.417,-2.477496901759287,0.680628,-0.4585108577446477,0.955656,83.30719999999997,350.269,-2.5386013681992017,0.711805,-0.260429739443626,0.0695606,84.4162,11.5526
1687242642865,-2.8745490529328785,1.11816,-0.3928835071723269,350.116,84.9452,359.399,-2.504523226042788,0.680664,-0.438639198793309,0.903039,83.23519999999996,350.284,-2.5654896149543416,0.711769,-0.2407489312354394,0.15144,84.45420000000001,11.5681
1687242642921,-2.901636947674966,1.11807,-0.3732051155316365,350.171,85.02419999999995,359.378,-2.531583631878302,0.680631,-0.4187739169174124,0.919123,83.2482,350.296,-2.592530927322115,0.711816,-0.2209065814220241,0.21386,84.47220000000004,11.6047
1687242642976,-2.928587059470172,1.1182,-0.3536248150835348,350.109,85.11419999999998,359.378,-2.558378814846613,0.68053,-0.3990516347979692,0.942649,83.26919999999996,350.302,-2.6193188266487533,0.711813,-0.2011046714898269,0.258795,84.47320000000002,11.6665
1687242643032,-2.9555160010289416,1.11829,-0.334047615107239,350.067,85.1522,359.386,-2.5851186014696603,0.680477,-0.3793065539925361,0.927368,83.24919999999997,350.293,-2.646014182971017,0.711824,-0.1815815555202853,0.311013,84.50720000000001,11.5161
1687242643088,-2.982547315839131,1.11822,-0.3143586957621918,350.076,85.22019999999998,359.336,-2.6120923540593,0.680504,-0.3593118777445983,0.91484,83.23019999999997,350.293,-2.672961934601674,0.711863,-0.1616504327154644,0.329717,84.52919999999995,11.5299
1687242643143,-3.008485135339748,1.11826,-0.2937089447031651,350.008,85.2672,359.366,-2.638081578248472,0.68054,-0.3383382465180798,0.902983,83.20219999999995,350.292,-2.6989569930384363,0.711922,-0.1414287973476812,0.301167,84.52919999999995,10.9052
1687242643199,-3.0297748157212823,1.11825,-0.268280600467802,350.062,85.35619999999994,359.362,-2.659416527774538,0.68046,-0.3125481537022726,0.910479,83.19119999999998,350.304,-2.720333619955419,0.711949,-0.1157534794641824,0.305541,84.61919999999998,10.915
1687242643254,-3.0484979969239427,1.11798,-0.2408671623964709,350.185,85.41819999999996,359.31,-2.678193169325892,0.680478,-0.2848759728963236,0.900819,83.18319999999994,350.288,-2.7391042413603546,0.712005,-0.0880174472069022,0.266438,84.57320000000004,10.8578
1687242643311,-3.057876918300028,1.1182,-0.2094254911184476,350.019,85.55920000000003,359.209,-2.6875232560945355,0.680476,-0.2532008520536917,0.904815,83.21019999999999,350.263,-2.74827354899195,0.711943,-0.0568042119335298,0.33778,84.72619999999995,10.4414
1687242643366,-3.0614405970652188,1.11817,-0.1765562984753544,350.074,85.68520000000001,359.207,-2.691005670776881,0.680412,-0.2200424920864775,0.918022,83.20820000000003,350.265,-2.751754595963466,0.711926,-0.0235467795717393,0.278592,84.65419999999995,10.4599
1687242643422,-3.060627903607276,1.1181,-0.1434239237574056,350.143,85.81320000000005,359.184,-2.69027778087265,0.680424,-0.1865635244665848,0.919352,83.18619999999999,350.299,-2.750799016946244,0.711927,0.0094524123945143,0.25326,84.57320000000004,10.0351
1687242643477,-3.051197085095018,1.11815,-0.1111654425543817,350.18,85.8012,359.167,-2.681043107152004,0.680476,-0.1545246175933984,0.913445,83.17819999999995,350.299,-2.741564215526844,0.711979,0.0411251244784244,0.188733,84.66319999999996,9.65042
1687242643534,-3.039069233367678,1.11817,-0.0794312448166287,350.19,85.68020000000001,359.32,-2.668793187539307,0.680597,-0.1237874817111813,0.89714,83.27120000000002,350.201,-2.729426373272185,0.711868,0.0725454660074386,0.201722,84.54020000000003,9.80881
1687242643590,-3.025769632016249,1.11777,-0.0482613042714513,350.578,85.52319999999997,359.529,-2.655110233786057,0.680723,-0.0936445050207318,0.900529,83.32320000000004,350.15,-2.715668687529874,0.711751,0.1035297587739327,0.323203,84.48019999999997,10.2325
1687242643646,-3.012448121306372,1.1181,-0.017320596031181,350.401,85.43219999999997,359.671,-2.6415218787678127,0.680735,-0.0633356374977254,0.940248,83.37720000000002,350.145,-2.7022164263900565,0.711842,0.1346285254147097,0.287024,84.36419999999998,10.7892
1687242643702,-3.000933905858142,1.11793,0.0141605148196679,350.433,85.43219999999997,359.671,-2.6295976335383937,0.680889,-0.0321940704452849,0.882882,83.36720000000003,350.13,-2.6901893386459648,0.711788,0.1657544855079403,0.252183,84.4262,10.6156
1687242643755,-2.9931858288358004,1.11784,0.0467425654598192,350.473,85.48220000000003,359.857,-2.6213562040051364,0.68082,0.0001867348968508,0.913049,83.39120000000003,350.157,-2.6820092566137195,0.711786,0.1981199046835757,0.285784,84.42920000000004,10.6135
1687242643812,-2.987215886700955,1.11846,0.079753249595584,350.054,85.47519999999997,359.992,-2.615214610076348,0.68085,0.0329501769010197,0.89297,83.41020000000003,350.145,-2.6758976666764176,0.711809,0.2312248170532156,0.345397,84.38120000000004,10.8957
1687242643868,-2.9823719073298403,1.11887,0.1130027973081787,349.858,85.41819999999996,0.0939731,-2.61036025525966,0.680976,0.0659375129277018,0.843382,83.38519999999994,350.161,-2.671031111160377,0.711801,0.2641226257492365,0.302866,84.41719999999998,10.8905
1687242643923,-2.9781815631335973,1.11879,0.1463145270826008,349.886,85.3252,0.166438,-2.606083469191549,0.68083,0.098998080866472,0.849961,83.37519999999995,350.194,-2.66652931603109,0.711687,0.2969103191153757,0.461008,84.42020000000002,10.7421
1687242643978,-2.973824002614393,1.11893,0.1793934269284309,349.749,85.32320000000004,0.172084,-2.6017674552202488,0.680794,0.1321945962268286,0.840044,83.3442,350.199,-2.6621422546662794,0.711634,0.3294233094375109,0.498053,84.4982,10.3045
1687242644034,-2.9691796735720444,1.11924,0.2122538821372632,349.628,85.42520000000002,0.166293,-2.59726903736285,0.680742,0.1653918254830672,0.837253,83.29520000000002,350.219,-2.6577233336478514,0.711585,0.3625651598837799,0.447315,84.47720000000004,10.5377
1687242644090,-2.964548154284818,1.11907,0.2450875830427303,349.724,85.47220000000004,0.177308,-2.5926104868697326,0.680667,0.1984499863324176,0.839001,83.29819999999995,350.217,-2.653037814615232,0.711654,0.3951970155515091,0.42975,84.48720000000003,10.3115
1687242644146,-2.9593895385616444,1.11906,0.2777330125623736,349.685,85.61720000000003,0.12387,-2.58745984352721,0.680574,0.2313020290867453,0.865757,83.31920000000002,350.197,-2.648094561697764,0.711921,0.4261069328460387,0.0284598,84.67020000000002,8.15189
1687242644204,-2.946495097112627,1.11881,0.3086522389196203,349.807,85.81320000000005,0.0317078,-2.5747242210320502,0.680579,0.2627310751532967,0.861763,83.29719999999998,350.202,-2.635311926703671,0.711685,0.4584989316190839,0.283533,84.52819999999997,9.12608
1687242644258,-2.932084147435948,1.11883,0.3381230711004124,349.796,86.06820000000005,359.992,-2.560574495847531,0.680605,0.292741519965794,0.836382,83.26019999999994,350.24,-2.620873294613036,0.711586,0.4884326050853699,0.451528,84.61119999999994,9.15099
1687242644314,-2.9109560991115098,1.11879,0.363608234810179,349.816,86.27419999999995,0.0139403,-2.5395157028652644,0.680463,0.3187500672730117,0.876686,83.2482,350.259,-2.5998434770438648,0.711657,0.5135205897030134,0.469163,84.63620000000003,8.31717
1687242644370,-2.885858409505436,1.11863,0.3855415916224848,349.875,86.41819999999996,359.993,-2.514436356023645,0.680478,0.3409190940789359,0.862883,83.23419999999999,350.248,-2.574635016143972,0.711558,0.5357115794312396,0.558258,84.55719999999997,8.40208
1687242644426,-2.857684436404284,1.1184,0.4034482612226379,349.981,86.48220000000003,0.0414107,-2.486302851448212,0.680374,0.35891607973816,0.883333,83.22119999999995,350.259,-2.547369808958001,0.712131,0.5530318126959697,359.66,84.94719999999995,7.78721
1687242644481,-2.82487417764602,1.11844,0.4090177800642313,349.924,86.48720000000003,0.125058,-2.4536973514870466,0.680272,0.3647193875168547,0.892123,83.17719999999997,350.294,-2.515134031671897,0.712329,0.5587350183590745,359.382,84.58119999999997,7.74835
1687242644537,-2.812398900308083,1.11862,0.4075848224427825,349.863,86.57820000000004,0.02421,-2.4413942220689213,0.680268,0.3635977189149756,0.873153,83.14819999999997,350.322,-2.5028839739262536,0.712374,0.5578488252072531,359.27,84.66719999999998,8.25989
1687242644592,-2.8125087933273893,1.11863,0.4074538191882131,349.911,86.61519999999996,0.0555074,-2.441354090780256,0.68016,0.3635744704812627,0.942652,83.1182,350.271,-2.5030265937445404,0.712454,0.5585429142414784,359.197,84.62220000000002,8.70341
1687242644647,-2.812730371414096,1.11893,0.4073369877408571,349.706,86.63620000000003,0.103275,-2.4413064446593693,0.680094,0.3636045318711912,0.968652,83.0892,350.302,-2.503090770934423,0.712525,0.5585879618640441,359.126,84.61019999999996,8.66806
1687242644703,-2.813091404733771,1.1191,0.4071795893365307,349.619,86.66319999999996,0.0388365,-2.4412932597772663,0.680099,0.3636222679610625,0.937213,83.06619999999998,350.278,-2.503322607251143,0.71269,0.5586431789107733,358.908,84.6522,8.72556
1687242644758,-2.813432056423489,1.11937,0.4069610573116645,349.479,86.76019999999994,0.00875063,-2.441231816756124,0.679893,0.363763896754579,1.0061,83.04920000000004,350.342,-2.503354886259886,0.712708,0.5586056280706417,358.833,84.5652,8.63301
1687242644813,-2.813758960663446,1.11977,0.4065750650108369,349.245,86.95119999999997,359.974,-2.441276071959978,0.679833,0.3638110784982072,0.997171,83.03719999999998,350.333,-2.50332939913089,0.712705,0.5585958094019148,358.853,84.58019999999999,8.65897
1687242644870,-2.8141672847717496,1.12034,0.4060678619104144,348.877,87.14819999999997,359.959,-2.441274928062052,0.679884,0.3638080286625504,0.989051,83.03219999999999,350.336,-2.503364781837376,0.712738,0.558902490122016,358.864,84.55219999999997,8.8559
1687242644926,-2.814627425997832,1.1209,0.4054443579552869,348.591,87.43346799999999,359.865,-2.441201963849249,0.679752,0.3637891206311863,1.02204,83.07119999999998,350.347,-2.503306377595152,0.712707,0.5588952138255499,358.904,84.55920000000003,8.83255
1687242644981,-2.815262180183697,1.12195,0.4044300593683186,348.026,87.86169299999999,359.79,-2.441213960070845,0.679839,0.3637887591517049,0.990336,83.06219999999996,350.336,-2.503104171063743,0.712577,0.5590238121095806,359.057,84.51819999999998,8.8896
1687242645036,-2.816102996873626,1.1229,0.4032711646388725,347.486,88.48509,359.723,-2.4411791527213564,0.679701,0.3637936925502896,1.00664,83.07719999999995,350.367,-2.5030533405127167,0.712454,0.5592424287948596,359.124,84.48220000000003,9.07702
1687242645092,-2.817113918447123,1.1238,0.4018518287863563,347.016,89.10347999999999,359.59,-2.441190274311848,0.679835,0.3637746515360058,0.98911,83.07420000000002,350.339,-2.502979855816059,0.712378,0.5592979265367698,359.176,84.48220000000003,9.07528
1687242645149,-2.8180225414081006,1.12477,0.4004926434440338,346.434,89.74521999999999,359.376,-2.441069981334494,0.679788,0.3636856804755459,1.04173,83.12819999999999,350.334,-2.502869835884425,0.71233,0.5593000747088114,359.28,84.49720000000002,9.04677
1687242645204,-2.818971225826373,1.12551,0.3991188683916592,346.0,90.33636,359.147,-2.441091471490834,0.679883,0.3636315160667476,1.00817,83.14419999999996,350.337,-2.502917856870385,0.712266,0.5593849215408523,359.289,84.47919999999999,9.10738
1687242645260,-2.819753828348698,1.1259,0.3978690969837405,345.692,90.81488,359.021,-2.441197402915516,0.680044,0.3635848103576231,0.988935,83.13919999999996,350.312,-2.502979852489125,0.712313,0.5593619968106021,359.315,84.46619999999996,9.1149
1687242645316,-2.8203911225779708,1.12659,0.3969325647016831,345.352,91.18108,358.851,-2.441388299451769,0.680199,0.3635567510909417,0.986132,83.14419999999996,350.31,-2.5031332930789176,0.712355,0.5593678265107794,359.283,84.46119999999996,9.13651
1687242645371,-2.8210864308350807,1.12685,0.3959735944479241,345.144,91.59345,358.676,-2.44152090867509,0.68038,0.3635239127918053,0.948445,83.16319999999996,350.326,-2.5032828616618925,0.712437,0.5593978638040469,359.287,84.4262,9.15269
1687242645426,-2.821795852435046,1.12679,0.3952112793073798,345.249,91.79765,358.583,-2.441605565752228,0.680449,0.3634932196445178,0.964667,83.17520000000002,350.296,-2.503431628406933,0.71253,0.5592397326699521,359.254,84.43619999999999,9.09498
1687242645482,-2.822314967194012,1.12705,0.3946627991646002,344.988,91.90008,358.441,-2.441696214945196,0.68052,0.3635477394924123,0.952465,83.15419999999995,350.285,-2.503541511350351,0.712613,0.5591705175072652,359.23,84.4262,9.09207
1687242645538,-2.822763063782778,1.1271,0.3941604911941913,344.961,92.01362,358.357,-2.4418619965494908,0.680625,0.3636460932400641,0.919132,83.13419999999996,350.304,-2.5036253125050707,0.712713,0.5591215443874171,359.237,84.43119999999999,9.10488
1687242645593,-2.82299902522219,1.12718,0.3936452910397749,344.879,92.18666,358.332,-2.4419040815456827,0.680666,0.3636469257636482,0.930589,83.13620000000003,350.31,-2.503769041277306,0.712825,0.5588985779324701,359.195,84.41719999999998,9.03356
1687242645650,-2.8230814666053066,1.1272,0.3933320923514798,344.902,92.31992,358.285,-2.4417936359589847,0.68069,0.3634903201048138,0.927895,83.16020000000003,350.275,-2.5037612872179897,0.712948,0.5588398763603948,359.223,84.41319999999996,9.05306
1687242645705,-2.822958737486891,1.12722,0.3931782642542642,344.839,92.37115,358.334,-2.441702558475359,0.68072,0.3634480336770099,0.940981,83.17420000000004,350.244,-2.5036975944448265,0.712988,0.5587837940044638,359.224,84.41319999999996,9.04004
1687242645761,-2.82282806626314,1.12754,0.3931605565925564,344.61,92.5183,358.311,-2.441693581071077,0.680649,0.363683911709502,0.94502,83.12519999999995,350.286,-2.503671205280594,0.713073,0.5587119496448303,359.239,84.43820000000005,9.02847
1687242645816,-2.822755396692689,1.1278,0.3930581433925744,344.476,92.67049,358.339,-2.4416783997604425,0.680473,0.3639155752970755,0.989849,83.10320000000002,350.359,-2.5036079768976656,0.713043,0.5587299266187754,359.229,84.4262,9.01543
1687242645873,-2.82278981651529,1.1282,0.3930919705386572,344.315,92.7497,358.429,-2.441564740362777,0.680394,0.3640324192157121,1.01009,83.09320000000002,350.34,-2.503510438295685,0.713055,0.5588275955551044,359.253,84.44820000000004,9.05949
1687242645928,-2.8227125530549952,1.12833,0.3933297445021252,344.156,92.66479,358.408,-2.441391983183681,0.680288,0.3642126966604208,1.03318,83.0752,350.362,-2.503404848304536,0.713082,0.5588815932751411,359.273,84.46019999999999,9.08407
1687242645984,-2.82255806657846,1.1283,0.3938980920969716,344.231,92.41314,358.437,-2.4413218513602235,0.680147,0.3643825627469081,1.0718,83.06119999999999,350.392,-2.5034052258052046,0.713174,0.558825514246144,359.244,84.47919999999999,9.07072
1687242646040,-2.822368749666832,1.12883,0.3943148028203414,343.895,92.25902,358.437,-2.441297879667294,0.680115,0.3645547724096397,1.06507,83.02919999999995,350.396,-2.503409595601357,0.713242,0.5588333184041119,359.245,84.50120000000004,9.10505
1687242646095,-2.822263383240234,1.12953,0.3946622111912053,343.499,92.03295,358.607,-2.441337515899539,0.679874,0.364824013210956,1.10987,82.97619999999995,350.431,-2.503394825849391,0.713234,0.5589241085711282,359.27,84.5122,9.16205
1687242646151,-2.822415210296627,1.13009,0.3950526372596833,343.202,91.69527,358.609,-2.4413820798616044,0.679783,0.365177115311325,1.11721,82.90520000000004,350.462,-2.5034992164754524,0.713332,0.558823115515968,359.198,84.55920000000003,9.15681
1687242646206,-2.822943567648226,1.13074,0.3954733855443042,342.841,91.34151,358.576,-2.4414122676130243,0.679613,0.3655866515730457,1.16746,82.83420000000001,350.494,-2.5034736792478056,0.713322,0.5588763682154688,359.22,84.55520000000001,9.15088
1687242646262,-2.8234643185814017,1.13077,0.3957274071292074,342.838,91.01584,358.57,-2.4414536357490304,0.679456,0.3659570220461174,1.20409,82.76019999999994,350.542,-2.503479839741815,0.713228,0.5589651772708267,359.237,84.60019999999997,9.22052
1687242646318,-2.82362021774545,1.13033,0.3960273437069185,343.068,90.71427,358.709,-2.4415536252538548,0.679563,0.3662110233432106,1.17358,82.69719999999995,350.54,-2.503520166812792,0.713238,0.5590353679208196,359.256,84.62019999999995,9.20784
1687242646373,-2.8233697224217926,1.12987,0.3966597519080243,343.28,90.38815,358.802,-2.4417059533681247,0.679585,0.3662999960671376,1.18994,82.68219999999997,350.554,-2.503539997955861,0.713162,0.5591595763173336,359.281,84.62419999999997,9.21026
1687242646429,-2.823089681873536,1.12939,0.3972833323289259,343.518,90.14794,358.771,-2.4419294689964155,0.679645,0.366177507806844,1.17306,82.68920000000003,350.554,-2.5037913380136327,0.713191,0.559332009421346,359.279,84.63519999999994,9.34743
1687242646485,-2.8228628014729376,1.12898,0.3978812983261402,343.779,89.9666,358.82,-2.442050630545025,0.679711,0.3660712245572773,1.15761,82.6762,350.512,-2.503906218812007,0.71318,0.5591984901262426,359.279,84.61220000000003,9.2949
1687242646540,-2.822590417729032,1.12864,0.3983925977453223,343.884,89.81738999999999,359.055,-2.44205429006998,0.679666,0.3660210985373166,1.18594,82.71519999999998,350.533,-2.503940201629041,0.71325,0.5591118058246278,359.285,84.65719999999999,9.34437
1687242646596,-2.8221987593069144,1.12809,0.3988922631137285,344.186,89.68359,359.137,-2.442165843422589,0.679703,0.3659447974919652,1.15234,82.71019999999999,350.528,-2.50405437087086,0.713277,0.559155513766955,359.32,84.66020000000003,9.46123
1687242646652,-2.8215172532212502,1.12764,0.3993976914619667,344.417,89.47876,359.218,-2.442263755539406,0.679742,0.365897866613213,1.15186,82.71820000000002,350.534,-2.504316738878369,0.713399,0.5588579166758474,359.286,84.70820000000003,9.36857
1687242646708,-2.821160075718732,1.12695,0.399746478978507,344.98,89.2873,359.258,-2.4425035262835624,0.679824,0.3658445938223478,1.13362,82.73519999999996,350.533,-2.5045462934266456,0.713368,0.5589713041062161,359.252,84.66020000000003,9.41187
1687242646763,-2.8207627017668617,1.126,0.4000043470501549,345.436,89.01921,359.28,-2.4426427723486266,0.679828,0.365654172648724,1.11668,82.76520000000005,350.494,-2.5045032369614204,0.713207,0.5591635283003289,359.309,84.63919999999996,9.43163
1687242646819,-2.8203281587681035,1.12551,0.3999409019382054,345.563,88.97417999999999,359.359,-2.442672435468159,0.679792,0.3654966128209138,1.11879,82.78920000000005,350.523,-2.5043927025409003,0.713136,0.5591546885107219,359.323,84.64319999999998,9.45476
1687242646874,-2.819922121259689,1.12516,0.3995604766738485,345.829,89.12720999999999,359.357,-2.442612430282981,0.67989,0.3653910037883846,1.07875,82.77120000000002,350.48,-2.5042887027232448,0.713083,0.5589433214415565,359.287,84.65819999999997,9.38529
1687242646930,-2.819224866668017,1.12522,0.3991073926149899,345.874,89.35188,359.353,-2.4423594806192503,0.679814,0.3652269551443224,1.11181,82.81219999999996,350.461,-2.50418152914759,0.71332,0.5588352158233791,359.338,84.73119999999994,9.48845
1687242646986,-2.818568104518285,1.12497,0.3987258929967987,346.06,89.50854,359.307,-2.4422230247516667,0.679786,0.3651562600511262,1.13381,82.80319999999995,350.423,-2.504333028678693,0.71344,0.5586499271510981,359.257,84.72720000000004,9.38571
1687242647042,-2.81771844506578,1.12458,0.3986098059830226,346.162,89.51655,359.262,-2.442275784371444,0.67984,0.3652995492081512,1.10559,82.75419999999997,350.432,-2.504121568195853,0.713092,0.5593505843170483,359.281,84.62519999999995,9.45192
1687242647097,-2.817253104397418,1.1242,0.3986711378863724,346.4,89.50619999999999,359.233,-2.44239426461532,0.67984,0.3653711860828115,1.08147,82.73919999999998,350.483,-2.5038685344403526,0.712779,0.5596337290125257,359.301,84.53020000000004,9.44583
1687242647153,-2.817025032583934,1.12414,0.39891867610139,346.511,89.52033999999999,359.217,-2.442376506777105,0.679931,0.3652057355790892,1.03909,82.74419999999998,350.456,-2.503166514370505,0.712292,0.5601200959743264,359.279,84.35419999999999,9.32614
1687242647210,-2.8168436033410007,1.12423,0.3992857635975113,346.518,89.5363,359.323,-2.4419897471422884,0.679786,0.3648136959447714,1.13956,82.88120000000004,350.452,-2.502809306888458,0.712517,0.5593329417233888,359.59,84.79319999999996,9.89756
1687242647265,-2.816694731753927,1.12409,0.399719601367377,346.697,89.54328,359.393,-2.44172978109457,0.679816,0.3646922220626667,1.1088,82.88419999999996,350.398,-2.503201949918657,0.71287,0.5576056868346025,359.169,84.83019999999999,8.90921
1687242647320,-2.816278478570477,1.12408,0.4003674792781507,346.578,89.41559,359.504,-2.441531674466033,0.679483,0.3650366648064281,1.1825,82.86919999999998,350.483,-2.502991932834932,0.712483,0.5590641057814568,359.384,84.69719999999995,9.5331
1687242647376,-2.8159883952014098,1.12368,0.4010951433276889,346.895,89.11793,359.646,-2.441714768983214,0.679536,0.3656330538470536,1.12904,82.74519999999995,350.565,-2.503041848172745,0.712501,0.5596383996601034,359.44,84.63319999999999,9.66161
1687242647432,-2.815820554107865,1.12323,0.4015835280298629,347.042,88.91315,359.696,-2.441833368856858,0.679629,0.3658355283145101,1.06142,82.70820000000003,350.639,-2.5031138095589904,0.712298,0.5600634991295099,359.295,84.47220000000004,9.40511
1687242647488,-2.815811874033434,1.12342,0.4018043757065722,346.971,88.84080999999999,359.686,-2.441790798061269,0.679715,0.3656318965700227,1.04841,82.7672,350.604,-2.5030843001921044,0.712218,0.560566429738308,359.331,84.4212,9.62351
1687242647543,-2.816019019344914,1.12358,0.4018774671556748,346.978,88.97402,359.588,-2.4417655073086046,0.679841,0.3653269457250827,1.03141,82.83820000000003,350.603,-2.502906601845692,0.712216,0.5603204718197893,359.373,84.5222,9.6756
1687242647598,-2.816359119005315,1.12343,0.4020041988052136,347.09,89.06823999999999,359.661,-2.4417638842975897,0.67985,0.3651426199107341,1.04966,82.91520000000003,350.612,-2.5029678890401708,0.712412,0.5595127213138824,359.292,84.60019999999997,9.5647
1687242647654,-2.8166132032191173,1.12341,0.4022010302617868,347.025,89.0547,359.777,-2.441766924394306,0.67993,0.3649082211952685,1.0315,82.96519999999998,350.579,-2.502982889258907,0.71247,0.5591916683689685,359.309,84.63319999999999,9.56469
1687242647710,-2.816760505467305,1.12317,0.4025931698385689,347.086,88.85015999999999,359.897,-2.441889776378591,0.680022,0.3647097579997958,1.00337,82.98419999999999,350.585,-2.503106596539152,0.712498,0.5592038957486738,359.229,84.56119999999999,9.58731
1687242647766,-2.8168242303477227,1.12314,0.4028124292730654,347.131,88.67394,359.942,-2.442081531505297,0.680047,0.3646786552445843,0.981151,82.95420000000001,350.582,-2.5033501758188588,0.71257,0.5591464402485236,359.052,84.40620000000001,9.41182
1687242647821,-2.816807268665703,1.12295,0.4028243356303193,347.243,88.62785,359.945,-2.442190637379317,0.680217,0.364635605061606,0.926617,82.9262,350.562,-2.5033609165493065,0.712534,0.5590978847471932,359.052,84.40419999999995,9.31097
1687242647877,-2.8167483809918643,1.12263,0.4027490074691185,347.412,88.66091,359.914,-2.442134547580859,0.680354,0.3642715300356718,0.910933,82.98619999999994,350.517,-2.5035745554709936,0.712702,0.5594272529471463,358.809,84.30920000000003,9.60153
1687242647932,-2.816679916185784,1.12264,0.4026765303670219,347.396,88.7832,359.879,-2.4419782311244984,0.680456,0.3638621932483305,0.907299,83.06719999999996,350.451,-2.5035662199948305,0.712564,0.5588430034115563,358.84,84.30020000000002,9.24843
1687242647989,-2.816925284118088,1.12246,0.4026962136008736,347.495,88.87728999999999,359.879,-2.442354657768514,0.680472,0.3636812270513717,0.898567,83.10919999999999,350.454,-2.5036766096871585,0.712377,0.5587102329647933,359.266,84.43119999999999,9.10698
1687242648044,-2.842265455136442,1.12238,0.4027769998051163,347.577,88.88403,359.96,-2.4679194642229123,0.680406,0.3634752928850908,0.915749,83.12220000000002,350.482,-2.529596687339406,0.712153,0.5595494259371797,359.327,84.23019999999997,10.1206
1687242648100,-2.8751895371002774,1.12231,0.4066990036262684,347.622,88.77234999999999,0.065826,-2.5011931807485985,0.680338,0.3668916903641551,0.924224,83.1182,350.487,-2.562471871195122,0.712018,0.5626644336337919,359.518,84.52120000000002,10.0332
1687242648155,-2.907874088044689,1.12221,0.4112216042248706,347.706,88.59245,0.145185,-2.534213726004173,0.680283,0.3708589681891687,0.902298,83.0992,350.503,-2.5955341934124565,0.711963,0.5665832043926591,359.521,84.5172,10.0234
1687242648211,-2.940670462288425,1.12185,0.4156928844479982,347.929,88.50712999999999,0.195899,-2.5672812542478187,0.680163,0.3748760690222608,0.933273,83.1182,350.513,-2.6286935207744047,0.711837,0.5707221449642554,359.597,84.61720000000003,10.2119
1687242648267,-2.973443406620421,1.1217,0.4201972926581937,347.995,88.44247999999999,0.254816,-2.60026270786464,0.680074,0.379065780492496,0.965836,83.14419999999996,350.513,-2.6617327245207525,0.711816,0.5750120650296293,359.682,84.64620000000002,10.2297
1687242648323,-3.006586137780292,1.12151,0.4245189755213956,348.088,88.37455,0.30585,-2.6334749702062723,0.68008,0.3833929172316494,0.953435,83.10419999999999,350.51,-2.6950104435557325,0.711775,0.5792405322633823,359.736,84.59720000000004,10.2086
1687242648378,-3.0397340810703457,1.12139,0.4286376244056616,348.141,88.34770999999999,0.261555,-2.6666482930957884,0.679981,0.3877286166075783,0.968033,83.08519999999999,350.573,-2.728072076039544,0.711788,0.5832861381142656,359.863,84.64620000000002,10.0744
1687242648434,-3.0730810663176755,1.12151,0.4326033615432501,348.058,88.36228,0.255673,-2.6998881676512,0.679988,0.391938230393653,0.950336,83.07820000000004,350.553,-2.761164299619932,0.711749,0.5873570059469775,359.949,84.61019999999996,10.0337
1687242648490,-3.106283600985387,1.1215,0.4364462646205831,348.06,88.42992,0.221954,-2.7329410743348466,0.679865,0.3960534298286269,0.970528,83.08119999999997,350.543,-2.7942122672102774,0.711783,0.5913667209501268,0.0117503,84.61119999999994,10.0224
1687242648546,-3.1396040012171547,1.12144,0.4403496597298182,348.134,88.4717,0.159237,-2.7661293391397743,0.6797,0.4003033844117968,1.01049,83.08719999999994,350.562,-2.8274455715687856,0.711823,0.5953171411469346,0.0650804,84.6712,9.94374
1687242648602,-3.1727547662618254,1.1214,0.4442469135447924,348.13,88.52302999999999,0.0641769,-2.7992550842045514,0.679755,0.4046626140384821,0.976035,83.04920000000004,350.554,-2.86047914600956,0.711912,0.5995252163291898,0.155033,84.62519999999995,9.93207
1687242648657,-3.205848116382646,1.12131,0.4482934794967829,348.131,88.58783,0.060771,-2.83236599577428,0.679631,0.4091098971544578,1.01386,83.00919999999996,350.586,-2.8935570789714893,0.711933,0.6038668262630063,0.133198,84.63019999999995,9.98732
1687242648713,-3.2389756098138465,1.12124,0.4524881538234686,348.225,88.60176,0.0444882,-2.8654306888064687,0.679699,0.4134364530942819,1.01249,83.01120000000003,350.586,-2.92684492152722,0.712269,0.6082982598941815,359.828,84.46019999999999,9.92303
1687242648769,-3.257685015591479,1.12121,0.4548163769411842,348.208,88.56684,0.029811,-2.884042842920621,0.679679,0.4156867395457214,1.03359,83.01120000000003,350.54,-2.945682897774203,0.712425,0.6104325573188829,359.536,84.48119999999994,9.82038
1687242648824,-3.257482201027752,1.12129,0.4549319894523577,348.16,88.56154,359.99832012,-2.884033678429471,0.67955,0.415918621955796,1.03271,82.96820000000002,350.589,-2.945882495135149,0.712676,0.6103551370792608,359.3,84.42020000000002,9.68368
1687242648880,-3.2573641778548548,1.12103,0.4550753665100045,348.371,88.57742999999999,0.0561433,-2.883991558057482,0.679531,0.4160880774492551,1.03727,82.94920000000002,350.577,-2.9459527392756075,0.712779,0.6104869959459758,359.158,84.40419999999995,9.77917
1687242648935,-3.257253365850178,1.1209,0.4552423321041236,348.397,88.57763,0.0608496,-2.883838883864948,0.679395,0.4161413766137314,1.0837,82.96720000000005,350.563,-2.946023765162636,0.712891,0.6105927897235425,359.056,84.43020000000001,9.81024
1687242648992,-3.2571837388285694,1.12083,0.4554293933985217,348.419,88.51431,0.0637115,-2.8838452007147586,0.679364,0.4162549054092349,1.07108,82.9502,350.581,-2.946155988222283,0.712825,0.6107227476494164,358.925,84.39419999999996,9.79058
1687242649047,-3.2570675256886754,1.1207,0.4554617643131829,348.475,88.51379,0.0824681,-2.883905757147297,0.67932,0.4164150483406376,1.07153,82.92420000000004,350.599,-2.946135448849593,0.712803,0.6107116962165009,358.898,84.38220000000001,9.67097
1687242649102,-3.2569752912672003,1.12062,0.455366974537916,348.56,88.57105,0.0577507,-2.8839694773245914,0.679241,0.4165144768526729,1.06868,82.90620000000001,350.624,-2.9456914502796403,0.712469,0.6104441700124008,359.325,84.38120000000004,9.28977
1687242649159,-3.256785273674091,1.12066,0.4552705564674675,348.566,88.59505,0.0626794,-2.883938501896512,0.679146,0.4165157269947747,1.08084,82.90919999999994,350.628,-2.9455814236292577,0.71247,0.610275131152355,359.384,84.48320000000001,9.31933
1687242649213,-3.256315542249574,1.12067,0.4551480097911878,348.6,88.5885,0.0366763,-2.8834504313791327,0.679116,0.4164505008006372,1.0894,82.92920000000004,350.631,-2.944683133442783,0.712197,0.609274067459991,359.794,84.52020000000005,8.4603
1687242649271,-3.2291003590638385,1.12071,0.4549948647633243,348.553,88.64872,359.967,-2.856149523077112,0.679141,0.4164271072831225,1.07072,82.92719999999997,350.619,-2.9174379654367013,0.712276,0.6093720997610184,359.616,84.6372,8.51405
1687242649327,-3.1958290861332017,1.12079,0.4546118980567068,348.508,88.77183,359.914,-2.822832505670744,0.67917,0.4163029633787078,1.04899,82.9262,350.652,-2.883988753098596,0.712202,0.6094179248538442,359.802,84.57820000000004,8.67345
1687242649382,-3.162493326527372,1.12066,0.4551923007085331,348.581,88.8378,359.977,-2.789476428195736,0.679219,0.4169048398329934,1.04169,82.92920000000004,350.625,-2.8502157030045554,0.712027,0.6099446215570171,0.201677,84.53520000000003,8.54832
1687242649438,-3.129122314455252,1.12076,0.4577980896716759,348.549,88.79419,0.0105253,-2.75612589595248,0.679307,0.4191654932045063,1.02615,82.95519999999999,350.616,-2.816850101011447,0.712022,0.6123324189124199,0.180113,84.5652,8.51838
1687242649494,-3.0955494386590967,1.12066,0.4606139652407679,348.614,88.69444999999999,359.989,-2.722784341925768,0.679333,0.4217562030369027,1.00531,82.93619999999999,350.606,-2.7833277631525664,0.71193,0.6151244045904273,0.384868,84.50220000000002,8.62574
1687242649549,-3.062331365435452,1.12023,0.463492379561778,348.873,88.69350999999999,359.992,-2.6897164195767527,0.679411,0.424602259131017,0.992531,82.92819999999995,350.632,-2.7501917314625186,0.711942,0.6179055752650383,0.412124,84.55520000000001,8.62089
1687242649606,-3.028882619611986,1.12025,0.4664464174003275,348.854,88.68925,359.987,-2.656396003364516,0.679511,0.4274320588076274,0.997721,82.93420000000003,350.627,-2.7168017800956634,0.711965,0.6208966036682214,0.452297,84.52319999999997,8.68469
1687242649661,-2.9956540306328647,1.12044,0.4694348858470657,348.737,88.66270999999999,359.992,-2.623240082540728,0.679648,0.4301594427102033,0.973757,82.92920000000004,350.614,-2.6835318958580503,0.711931,0.6237343386030052,0.487702,84.53419999999994,8.6952
1687242649716,-2.96233881821636,1.12041,0.4724887338406821,348.763,88.63629999999999,0.0410518,-2.589838065808243,0.679811,0.4328154152575713,0.961702,82.95619999999997,350.595,-2.650392241235425,0.712059,0.6266270991638159,0.248312,84.5512,8.71799
1687242649772,-2.9290314747825112,1.12039,0.4741307075099509,348.791,88.60284,0.0853631,-2.556446073575664,0.679885,0.4341483098416962,0.963139,82.98320000000001,350.572,-2.617204716649755,0.7122,0.6280507297461295,0.138427,84.5222,8.69429
1687242649828,-2.916358106869089,1.12051,0.4737220999451788,348.757,88.59783999999999,0.097815,-2.5438113138044995,0.679966,0.433458889187216,0.95517,83.00720000000001,350.576,-2.606137998424566,0.713129,0.6286083338348264,358.514,84.38419999999996,9.86543
1687242649882,-2.91627205268083,1.12048,0.4738469614952377,348.776,88.56495,0.130804,-2.5438347403099177,0.680013,0.4334460794704398,0.952782,82.99720000000002,350.57,-2.6056601539609163,0.712738,0.6281952313432347,359.25,84.37019999999995,9.34009
1687242649938,-2.9162313324401543,1.12048,0.4739843163713771,348.743,88.53617,0.153767,-2.5438676313692525,0.680033,0.4334643611064674,0.956199,82.9982,350.587,-2.605717519179687,0.712804,0.6280734149581488,359.187,84.36620000000005,9.26748
1687242649993,-2.916180235597083,1.12038,0.4740711012354272,348.78,88.54404,0.143644,-2.543901182568694,0.680034,0.4334539804987754,0.959732,83.01620000000003,350.595,-2.605820794003292,0.712805,0.6281196352005703,359.119,84.34320000000002,9.29828
1687242650050,-2.916033994492313,1.1203,0.4741335094822836,348.847,88.55403,0.187092,-2.5439449660371065,0.68007,0.4334483264830577,0.962004,83.02919999999995,350.573,-2.605875813982351,0.712847,0.6280760140829289,359.081,84.34720000000004,9.31795
1687242650105,-2.91593092750584,1.12022,0.4742627715660484,348.856,88.52355,0.194244,-2.544011599401023,0.680071,0.4335030698371129,0.959409,83.03819999999996,350.599,-2.605898608378253,0.712863,0.6279428021633591,359.08,84.33719999999994,9.25223
1687242650161,-2.915856741898816,1.12018,0.4742904716691262,348.861,88.47395999999999,0.225132,-2.54410096573115,0.680005,0.43361571329693,0.973108,83.0272,350.611,-2.605858431668109,0.712853,0.6279827249884344,359.11,84.32619999999997,9.2914
1687242650216,-2.915901488525414,1.12016,0.4742818693782672,348.859,88.45452999999999,0.249793,-2.544218599406951,0.680072,0.4336692699801506,0.949275,83.00819999999999,350.594,-2.605930245955576,0.712885,0.6279343131291887,359.072,84.35720000000003,9.29952
1687242650272,-2.915930278037874,1.12002,0.4742061399654056,348.931,88.43047,0.225741,-2.544230093853379,0.67995,0.4337437138361853,0.996749,83.00919999999996,350.594,-2.605951400014453,0.712851,0.6278302097872971,359.065,84.35320000000002,9.22132
1687242650328,-2.9157134229309496,1.12019,0.4739855412287799,348.848,88.41995999999999,0.168578,-2.5443370202302726,0.679905,0.4339534422317936,0.979863,82.9502,350.621,-2.6059705629808705,0.712831,0.6278973870209266,359.073,84.3682,9.30631
1687242650384,-2.9155500954850635,1.11989,0.4738455271029913,349.128,88.47227,0.0903708,-2.5443761439503283,0.679839,0.4340834546332366,1.00676,82.92719999999997,350.642,-2.605905410303682,0.712755,0.6280025494127556,359.111,84.36919999999998,9.34185
1687242650440,-2.915299558883278,1.11975,0.4736196979835988,349.164,88.56075,0.0189776,-2.544254101743204,0.679707,0.434106788293048,1.05631,82.95420000000001,350.625,-2.6058893643427448,0.712773,0.6280233226440303,359.08,84.39020000000005,9.31413
1687242650494,-2.9151566659161445,1.11965,0.4735269798626955,349.206,88.57011999999999,359.993,-2.5442048707524543,0.679699,0.4342099037601216,1.0618,82.92219999999998,350.607,-2.605908771213428,0.712701,0.6282026111639367,359.119,84.38919999999996,9.41068
1687242650551,-2.9149766948683533,1.11942,0.4735553284421466,349.304,88.52086,359.971,-2.5442825636182715,0.679584,0.4344794649379664,1.06237,82.87919999999997,350.641,-2.605822524556815,0.712675,0.6281565947079331,359.159,84.40819999999997,9.31608
1687242650606,-2.914598803868344,1.11914,0.4735793293194579,349.457,88.51204,359.945,-2.5442549584542813,0.679491,0.4346809766123703,1.09951,82.83820000000003,350.638,-2.605835259771538,0.712693,0.6281720159370012,359.14,84.40819999999997,9.33913
1687242650662,-2.9139344985750104,1.11865,0.4736460730626058,349.718,88.51876,359.965,-2.544251846190853,0.679371,0.4348924536177783,1.13473,82.7962,350.665,-2.605785621866852,0.712657,0.6282664409253165,359.211,84.43719999999996,9.39981
1687242650717,-2.9131384550233457,1.118,0.4738048791829327,350.057,88.47363999999999,359.99431679,-2.5442599517293853,0.679232,0.4350655639590208,1.15393,82.76520000000005,350.681,-2.605822551302048,0.712692,0.6282426876767789,359.181,84.44119999999998,9.39179
1687242650773,-2.9123494439092967,1.11748,0.4740026990805849,350.297,88.39603,0.0161057,-2.544314593548877,0.679192,0.435120768683118,1.15235,82.73220000000003,350.684,-2.6058282373601407,0.712708,0.6281503206440056,359.184,84.46219999999994,9.34126
1687242650829,-2.911620583944876,1.11713,0.4741702725040895,350.517,88.38185999999999,0.00675181,-2.5441995677257405,0.679194,0.4351015275809719,1.16097,82.73119999999994,350.677,-2.6057349783378125,0.712666,0.6281897256532614,359.118,84.48019999999997,9.39423
1687242650885,-2.91098513366387,1.11705,0.4742524835761476,350.651,88.42053,0.0163324,-2.5440123113144173,0.679256,0.4349721442883165,1.16032,82.7672,350.68,-2.6056798147166687,0.712695,0.6282944203279219,359.122,84.49519999999995,9.46458
1687242650941,-2.910558718591422,1.11697,0.4743818693403925,350.732,88.41641999999999,0.0294162,-2.5434969854768723,0.679412,0.4344213441692547,1.16593,82.87720000000002,350.643,-2.605552596230725,0.712678,0.6282713453017188,359.127,84.50419999999997,9.4403
1687242650996,-2.9102268093564696,1.11688,0.4745668957972935,350.899,88.46959,0.012396,-2.5431506504422985,0.679492,0.4339946759095648,1.16194,82.97320000000002,350.574,-2.6054990896461554,0.712698,0.6283259076092917,359.124,84.48619999999994,9.46003
1687242651052,-2.909853225078918,1.11623,0.474911646268746,351.33,88.54263999999999,0.145267,-2.543046886492364,0.679547,0.4338097267200723,1.13848,83.02120000000002,350.566,-2.605467732699134,0.712767,0.6283403900770885,359.12,84.49019999999996,9.45699
1687242651107,-2.9093798494206853,1.11595,0.4750643539836531,351.508,88.66386999999999,0.32876,-2.543101926497908,0.679597,0.4336810115391894,1.11331,83.03219999999999,350.533,-2.605545507021126,0.712782,0.6283337451663602,359.078,84.46619999999996,9.42338
1687242651163,-2.9088221009882185,1.11534,0.4752431364942091,351.982,88.74795999999999,0.156578,-2.543151355247666,0.679705,0.4334965978501711,1.06083,83.04819999999995,350.569,-2.6055685753934616,0.7128,0.6283346672280812,359.09,84.45119999999997,9.43885
1687242651218,-2.908397330955918,1.11421,0.4754632446032369,352.725,88.70096,0.10567,-2.5430784637631536,0.679761,0.4330088733464955,1.06952,83.14819999999997,350.476,-2.605631085501087,0.712873,0.6283227304594793,359.034,84.43219999999997,9.44645
1687242651274,-2.9076648956231934,1.11297,0.4755330782869143,353.237,88.73073,0.0811585,-2.5430481564468463,0.6798,0.4327678270717301,1.05304,83.18719999999996,350.437,-2.6055521719583394,0.712797,0.6283264254251113,359.068,84.45719999999994,9.45027
1687242651330,-2.9067933615076527,1.11155,0.4755719840120556,354.096,88.63665999999999,359.959,-2.5430529191578604,0.679611,0.4329336858266507,1.06335,83.14819999999997,350.484,-2.6055515204812374,0.712762,0.6282483704728176,359.037,84.44420000000002,9.4384
1687242651386,-2.905365646112413,1.10996,0.4756670647682411,355.072,88.47994999999999,359.768,-2.543031527913464,0.679578,0.4330968649143525,1.04067,83.1232,350.509,-2.605484359947158,0.712756,0.6282465096498253,359.052,84.43219999999997,9.44951
1687242651441,-2.903637741552728,1.10787,0.4758228523242856,356.211,88.27619999999999,359.685,-2.5429072018638794,0.679603,0.4328576180264006,1.01571,83.16719999999998,350.501,-2.605415552357307,0.712648,0.6281025703724238,359.074,84.43319999999994,9.41001
1687242651497,-2.9014335845739687,1.10661,0.4762259857178257,356.69,88.02785999999999,359.598,-2.5427976896375024,0.679619,0.4324002395482516,1.04648,83.22820000000002,350.404,-2.605340203445843,0.712436,0.6279899713424937,359.072,84.42719999999997,9.35203
1687242651552,-2.899275972831929,1.10408,0.4765220949839985,357.868,87.64940399999999,359.449,-2.542736739663644,0.679667,0.4322744526225135,1.00043,83.24419999999998,350.398,-2.605094352378494,0.712169,0.6279133864047868,359.136,84.46119999999996,9.32244
1687242651609,-2.89692053973963,1.10097,0.4770340429072314,359.612,87.18119999999999,359.165,-2.542430463189444,0.679528,0.432339849268848,1.03524,83.26620000000003,350.401,-2.604895069046949,0.71201,0.6279547524992167,359.072,84.42819999999995,9.26263
1687242651665,-2.895064179785238,1.09831,0.4774610453590149,0.935435,86.57719999999995,358.875,-2.542219204980585,0.67954,0.4322109891540347,1.04977,83.31020000000001,350.365,-2.6047629763865303,0.711744,0.6283193296914042,359.093,84.40120000000002,9.28966
1687242651720,-2.893967450520958,1.09622,0.4778260307079971,2.14857,85.94719999999995,358.67,-2.542187477154323,0.679755,0.4320037463132882,1.01915,83.30319999999995,350.276,-2.604867390495769,0.711366,0.6286678274586737,359.019,84.2962,9.14255
1687242651775,-2.893463972527575,1.09373,0.4779922211162009,3.3524,85.32320000000004,358.612,-2.542010148272033,0.679921,0.4316160159591685,1.032,83.36419999999998,350.186,-2.604689224561948,0.711218,0.6290105356436144,359.067,84.20219999999995,8.93286
1687242651832,-2.893635719029272,1.09269,0.4777561498821318,3.82499,84.99720000000002,358.533,-2.541477259719686,0.679991,0.4309894543654061,1.06823,83.48320000000001,350.035,-2.6045022656102352,0.710927,0.6294647771546795,359.148,84.20820000000003,8.93947
1687242651887,-2.89431734914534,1.09105,0.4773388922263966,4.51785,84.7142,358.526,-2.5411172620401588,0.680019,0.4304634163812884,1.12661,83.59619999999995,349.858,-2.6044118830809344,0.710659,0.6297152786484818,359.128,84.08719999999994,8.751
1687242651943,-2.8956081454730325,1.09062,0.4767334769021654,4.84773,84.50819999999999,358.561,-2.541168898414953,0.68004,0.4303261510367978,1.15889,83.61720000000003,349.785,-2.604425039241109,0.710509,0.6297396900279895,359.115,84.05219999999997,8.47569
1687242651998,-2.8975892545546555,1.09029,0.4762190840798874,5.11094,84.18920000000003,358.411,-2.5416815848801093,0.680212,0.4303074513457513,1.11612,83.5702,349.755,-2.604542966919827,0.710351,0.6298422866292593,359.163,83.93520000000001,8.3092
1687242652054,-2.9002781783686777,1.09065,0.4755622997146775,5.08924,83.85720000000003,358.293,-2.541956699433381,0.680495,0.4298972348266078,1.09174,83.6182,349.572,-2.604691613441081,0.710312,0.6298953922948617,359.082,83.81820000000005,8.17421
1687242652110,-2.9032877063804574,1.09185,0.4745752587092918,4.62238,83.72320000000002,358.187,-2.541838004633626,0.680397,0.429478928593674,1.17142,83.79020000000003,349.514,-2.60495193353873,0.710364,0.6296609601154155,358.841,83.70119999999997,7.98913
1687242652166,-2.906758918125824,1.09391,0.4731964952637243,3.7624,83.58219999999994,358.003,-2.541758727589285,0.680184,0.4293893384701085,1.23741,83.8442,349.487,-2.6050592774368218,0.710312,0.629494757565668,358.748,83.62519999999995,7.86947
1687242652222,-2.9100905582510443,1.09605,0.4712742650548218,2.6894,83.61419999999998,357.645,-2.5419252301693587,0.680017,0.4296099923412023,1.26728,83.82119999999998,349.495,-2.6051916140015074,0.710309,0.6292422916597576,358.603,83.5122,7.74439
1687242652277,-2.9130367763476706,1.0987,0.4686892363321355,1.30195,83.72619999999995,357.236,-2.5420343801795,0.679856,0.4297389283147947,1.30955,83.8392,349.513,-2.605994112702509,0.71048,0.6291486549421211,358.082,83.19820000000004,7.5952
1687242652333,-2.915960816613959,1.10122,0.4655450329463595,359.981,84.05619999999999,356.771,-2.5422074761565336,0.679961,0.4297369301319647,1.32574,83.84519999999998,349.491,-2.6064709180778265,0.710724,0.6291333371724093,357.742,83.20219999999995,7.48545
1687242652388,-2.9187707684357043,1.1036,0.4621236623424248,358.875,84.58019999999999,356.347,-2.542356958508842,0.680186,0.4295940822536172,1.33833,83.87419999999997,349.397,-2.606291215396096,0.710523,0.629614268504492,357.845,83.03819999999996,7.65047
1687242652444,-2.921187755776592,1.1057,0.4585946535631798,357.635,85.12919999999997,355.896,-2.5424555882745032,0.680164,0.4297335217721392,1.39085,83.84820000000002,349.367,-2.60632667820852,0.710547,0.6295805729716273,357.637,83.03419999999994,7.40563
1687242652500,-2.92341646080697,1.1074,0.4552457481752108,356.818,85.5892,355.476,-2.542505630489971,0.680267,0.4299684383034244,1.39464,83.78520000000003,349.319,-2.6061771130173583,0.710338,0.6297857929842794,357.686,82.94219999999996,7.37386
1687242652555,-2.9256087716218366,1.10938,0.4520132724272709,355.836,86.04319999999996,355.146,-2.5425080673612994,0.679995,0.4303198088651653,1.49471,83.71619999999996,349.231,-2.605983144897105,0.710292,0.6296627305272685,357.767,83.00919999999996,7.16649
1687242652611,-2.9277667529214333,1.11128,0.4492320962299416,354.924,86.43420000000003,354.939,-2.5427065757623417,0.679847,0.4309246862615983,1.53046,83.54920000000004,349.242,-2.605655684291861,0.7101,0.6298102078204809,358.009,83.0172,7.17548
1687242652667,-2.9299844013580008,1.11278,0.4467545616021737,354.205,86.8202,354.762,-2.542633072356997,0.679898,0.4309797844412669,1.55547,83.4882,349.131,-2.605516365303868,0.710132,0.6295714627271611,358.058,83.06820000000005,6.974
1687242652723,-2.932086254383488,1.11399,0.4448913151989166,353.523,87.01319999999998,354.712,-2.542022204346003,0.679788,0.4303127257608318,1.70059,83.61220000000003,348.917,-2.6054540021652604,0.710204,0.6294582556649118,358.082,83.00419999999997,6.85504
1687242652778,-2.9340183940316384,1.11563,0.4431129995295134,352.655,87.12120000000004,354.655,-2.541876215743624,0.679742,0.4300812005182004,1.7645,83.65719999999999,348.865,-2.6055664708608424,0.710383,0.6291876992151382,358.014,83.01319999999998,6.65865
1687242652833,-2.936234252976045,1.11735,0.441493087177411,351.797,87.3513127,354.426,-2.5420195176078786,0.680156,0.4300843014376124,1.69828,83.6132,348.793,-2.605729974023628,0.710373,0.6292801530725972,357.865,82.88919999999996,6.61393
1687242652890,-2.938595301046189,1.11874,0.4400213462387713,350.918,87.575722,354.189,-2.5421770968032744,0.680271,0.430071617306645,1.70262,83.59119999999996,348.754,-2.6056650050414936,0.71055,0.6291540537809245,358.0,82.98320000000001,6.43248
1687242652945,-2.9411187294901007,1.1196,0.4389238200302199,350.518,87.734264,354.045,-2.542315902587741,0.680283,0.4300642170229574,1.71863,83.5992,348.731,-2.6057610670398987,0.710518,0.6292386533817649,358.009,82.9452,6.4002
1687242653005,-2.943487126479388,1.12037,0.437978911933559,350.101,87.73433399999999,354.003,-2.542327240645927,0.680475,0.4299642773489707,1.67989,83.61919999999998,348.67,-2.605802322826465,0.710674,0.6291576351117585,357.938,82.90719999999999,6.16479
1687242653056,-2.94565437262783,1.12186,0.4371210072231956,349.385,87.711749,353.995,-2.542147776996652,0.680527,0.4296592373375151,1.71467,83.6952,348.595,-2.605865798440594,0.710664,0.6291876991502583,357.838,82.8442,6.1272
1687242653113,-2.947654641922481,1.12305,0.4366095915029862,348.736,87.712364,353.896,-2.5421799891423134,0.680769,0.4294064540752688,1.6799,83.72320000000002,348.537,-2.605840725538302,0.710671,0.6290156835998837,357.876,82.82920000000001,5.92221
1687242653168,-2.9492068536183744,1.12338,0.4361501891291008,348.46,87.69301499999999,353.809,-2.542384610412109,0.681077,0.4292439056949419,1.61421,83.71320000000003,348.516,-2.6057703812005424,0.710568,0.6290099674696243,357.821,82.87120000000004,5.93446
1687242653224,-2.950597445668994,1.12333,0.4354247548393452,348.529,87.627646,353.85,-2.542500010376541,0.681038,0.4291214742520473,1.64921,83.71519999999998,348.48,-2.605604472653712,0.71059,0.6289516634895823,357.925,82.82920000000001,5.84773
1687242653280,-2.9516608670016944,1.12356,0.4344039996879217,348.493,87.818855,353.643,-2.542569082491162,0.681185,0.4289503563599911,1.64656,83.74919999999997,348.457,-2.6056578789761,0.710645,0.6287239163387133,357.889,82.78620000000001,5.73452
1687242653335,-2.952606084076088,1.12355,0.4334671649947799,348.53,87.944285,353.439,-2.5425416456080328,0.681377,0.4287064727249433,1.62929,83.77419999999995,348.379,-2.605678328067411,0.71074,0.6283695721068361,357.824,82.74720000000002,5.46692
1687242653391,-2.9537346454695794,1.12319,0.4327044455239903,348.733,88.064392,353.234,-2.542456598942967,0.681376,0.4285150410014459,1.66796,83.82119999999998,348.351,-2.6056946212595493,0.710693,0.6283968398880064,357.799,82.77919999999995,5.47598
1687242653447,-2.954686288318971,1.1227,0.4319476072736346,349.147,88.13166899999999,353.169,-2.5424435563527106,0.681461,0.4284075333699056,1.68997,83.82320000000004,348.264,-2.605583425316245,0.710723,0.6282028283878507,357.867,82.75620000000004,5.19693
1687242653502,-2.955533703551972,1.12241,0.4311883412709203,349.388,88.150838,353.077,-2.5424111009292414,0.681495,0.4283557947432573,1.72003,83.82820000000004,348.183,-2.6055532777151136,0.710713,0.6280720953692744,357.871,82.77120000000002,5.1048
1687242653558,-2.955868052810011,1.12203,0.4304824306365985,349.828,88.34420999999999,352.721,-2.5422622933750136,0.681486,0.428277869446949,1.74277,83.84619999999995,348.207,-2.6054287685969344,0.710667,0.6278716995622071,357.934,82.68619999999999,4.87195
1687242653613,-2.95611981104788,1.12155,0.4302361859825135,350.372,88.72634,352.582,-2.542137220328197,0.681653,0.4280868102337195,1.71653,83.83019999999999,348.183,-2.6054118940528297,0.710613,0.6276182113972738,357.844,82.73519999999996,4.73984
1687242653670,-2.9561075128517005,1.12087,0.4304011417170932,350.707,88.80211,352.912,-2.542181151294768,0.682089,0.4273146104149056,1.65365,83.8972,348.066,-2.6051743114688035,0.710647,0.627311988413539,357.856,82.75319999999999,4.43049
1687242653725,-2.955842982014176,1.11997,0.4307808298075024,351.085,88.52099,353.023,-2.54205768762683,0.682298,0.4260675202125948,1.69715,84.10519999999997,347.843,-2.6052248413630443,0.710562,0.6271724723578751,357.818,82.79020000000003,4.44439
1687242653782,-2.955662416723719,1.11895,0.4312219579248132,351.405,88.16769,352.879,-2.541967477299343,0.682396,0.4254664817306199,1.67134,84.30619999999999,347.846,-2.60499887486435,0.710156,0.6270929541746223,358.318,82.73919999999998,4.3376
1687242653836,-2.980307035921091,1.118,0.4302089705881636,351.73,87.871983,352.866,-2.567206965717868,0.682525,0.4239022680795361,1.60029,84.32219999999995,347.858,-2.630881229143172,0.710006,0.6267936569024604,358.266,82.41719999999998,5.30337
1687242653892,-3.013146284850696,1.11742,0.4288479840758291,351.98,87.68803199999999,352.933,-2.6007324869073325,0.682609,0.4227662296175303,1.51654,84.23220000000003,347.977,-2.6639806143456126,0.709957,0.6248308447346782,358.381,82.56820000000005,4.9454
1687242653948,-3.045217980522212,1.11744,0.4283265528138845,352.092,87.685018,352.982,-2.634173505812635,0.682567,0.4223907124447409,1.5137,84.19119999999998,348.012,-2.697107626729716,0.709822,0.6242701114863327,358.556,82.71119999999996,4.92175
1687242654004,-3.0773651970292635,1.11701,0.4284816681844725,352.336,87.63783699999999,353.074,-2.6676982150924107,0.682656,0.4222034253896767,1.48826,84.18719999999996,347.98,-2.7304242102203045,0.709621,0.6242560484073091,358.735,82.61620000000005,4.8981
1687242654059,-3.109300971250533,1.11646,0.4285560314277212,352.618,87.61498999999999,353.137,-2.7007057949358373,0.682573,0.4220133690642232,1.51179,84.19920000000002,347.935,-2.7636760982908823,0.709696,0.6239172025319998,358.644,82.6422,4.79094
1687242654115,-3.1415229301022354,1.11615,0.4287266602839711,352.856,87.61377399999999,353.053,-2.73382430465336,0.682376,0.4221961780270805,1.51791,84.1902,348.003,-2.797016717125816,0.70966,0.6238619625503878,358.651,82.67420000000004,4.76825
1687242654171,-3.17373779553955,1.11573,0.4293470842751776,353.042,87.67989899999999,353.058,-2.7669979317575724,0.682185,0.4229601161503002,1.54316,84.11720000000003,348.065,-2.829926514114718,0.709428,0.6241653364215694,358.815,82.74720000000002,4.58178
1687242654226,-3.205709688408496,1.11532,0.4302410929736575,353.308,87.717429,353.186,-2.800345588887295,0.682136,0.423645850057292,1.50806,84.05719999999997,348.163,-2.8631559636267605,0.709268,0.624849397270799,358.835,82.74720000000002,4.74227
1687242654282,-3.238333088265123,1.11462,0.4314155563719155,353.686,87.669907,353.21,-2.8338714353194625,0.682175,0.4240390494679661,1.4675,84.06920000000002,348.196,-2.896675803285125,0.709258,0.6253494946172273,358.842,82.80719999999997,4.81934
1687242654338,-3.2710229426747204,1.11391,0.4326285586800703,354.104,87.620025,353.393,-2.867305907868867,0.682064,0.4244140075554086,1.507,84.08719999999994,348.179,-2.930289330528292,0.709358,0.6258497150958401,358.787,82.7912,4.87049
1687242654393,-3.303669214603813,1.11312,0.4338504422081485,354.397,87.609543,353.62,-2.9007048660913664,0.681931,0.4251198218694092,1.48253,84.0652,348.291,-2.963959032849011,0.709556,0.6261802555454711,358.605,82.81420000000003,4.93901
1687242654449,-3.336305097577091,1.11241,0.4350700777148691,354.799,87.505866,353.787,-2.934192548157753,0.68189,0.4257379589929405,1.45229,83.9932,348.336,-2.997563304858134,0.709662,0.6265730929902347,358.379,82.68020000000001,4.90976
1687242654505,-3.366702639126881,1.11168,0.435551859236495,355.033,87.3584501,353.994,-2.965664401537505,0.681826,0.4256026177293741,1.42966,83.97919999999999,348.422,-3.0291414397266654,0.709852,0.6261419570425668,358.047,82.60820000000001,4.85481
1687242654561,-3.368912473448297,1.11092,0.4361339782193569,355.591,87.23320000000001,354.138,-2.968925687845017,0.681769,0.4258490911686433,1.40251,83.90520000000004,348.456,-3.031619434802654,0.709585,0.6253315096680485,358.62,82.53819999999996,4.15261
1687242654616,-3.36751254704835,1.11028,0.4364248735351153,355.705,87.36510419999999,354.213,-2.9689726130874456,0.681747,0.4261457210249003,1.36687,83.8392,348.53,-3.0313168064574896,0.709405,0.6251754933717745,358.74,82.7672,4.17537
1687242654672,-3.3655963800071778,1.10938,0.4364660346153436,356.171,87.751958,354.37,-2.968421814434389,0.681711,0.4264193759216783,1.3288,83.78020000000004,348.668,-3.030536502598589,0.709335,0.6248664449130702,358.972,82.70519999999999,4.07819
1687242654729,-3.341147680671291,1.10873,0.4372993779041071,356.6,88.00644799999999,354.606,-2.945168109180517,0.681755,0.4270428976578032,1.32034,83.74919999999997,348.633,-3.007197451340663,0.709315,0.6252921419298294,358.911,82.72619999999995,4.03085
1687242654785,-3.30691042541314,1.10827,0.4389534985145216,356.949,87.920749,354.78,-2.9117934104844,0.681695,0.4282055371421397,1.30672,83.77919999999995,348.701,-2.9726282551850995,0.708756,0.6259375840926574,359.751,82.37019999999995,3.24071
1687242654841,-3.272819187270011,1.10814,0.4418178580311223,356.875,87.771363,354.78,-2.8783320327042867,0.681677,0.4307314666318471,1.31013,83.73220000000003,348.723,-2.9389270290282874,0.708486,0.6279378564258503,359.839,82.47119999999995,2.91833
1687242654896,-3.239314983771974,1.10796,0.4449789157662975,357.06,87.72892999999999,354.771,-2.8451847625237123,0.681791,0.4336774946553894,1.25942,83.70119999999997,348.795,-2.90558018754066,0.708413,0.6309404806807263,0.059349,82.4982,3.12389
1687242654952,-3.2054865226746965,1.10769,0.4477485220863964,357.188,87.963461,354.9,-2.8117879295361763,0.681751,0.436407669834483,1.26124,83.70119999999997,348.797,-2.872091075068815,0.708348,0.6337523613478586,0.174335,82.55819999999994,3.19153
1687242655007,-3.1717922078195087,1.10787,0.4504809508402767,357.117,88.12482999999999,354.97,-2.778540855073034,0.681775,0.4388953124945537,1.23073,83.73220000000003,348.865,-2.8387463122368786,0.708287,0.6358854850766967,0.303467,82.53920000000005,2.91835
1687242655063,-3.138449422182279,1.10797,0.4532436456500818,357.077,88.139715,355.05,-2.7453845162404606,0.68188,0.441207794155913,1.20263,83.7432,348.876,-2.8053321113276266,0.708217,0.6377151990512635,0.437947,82.72220000000004,2.58616
1687242655118,-3.1052783519961995,1.10815,0.4534786345076932,356.966,88.176554,355.181,-2.712133319356892,0.681862,0.4409737173333159,1.19156,83.76319999999998,348.924,-2.7711069923890888,0.70802,0.6354530547271161,1.11509,83.50519999999995,1.22108
1687242655174,-3.072433513485737,1.10829,0.4494064407288202,356.853,88.146552,355.345,-2.67918900508076,0.681814,0.4362821984200873,1.17584,83.75919999999996,348.97,-2.7376873981970484,0.708101,0.6278803122731789,1.24241,84.88019999999995,358.571
1687242655230,-3.041750362714476,1.10861,0.4377342228439217,356.733,87.980228,355.577,-2.6483921656431075,0.681806,0.4237875979374071,1.13866,83.74419999999998,349.002,-2.706739701091532,0.708091,0.6144515453149458,1.21483,85.48119999999994,357.836
1687242655286,-3.012417377590708,1.10903,0.4224030694102844,356.509,87.849465,355.756,-2.6191496882044363,0.681736,0.4076292059777458,1.14175,83.76419999999996,348.981,-2.67759327807898,0.70826,0.5973513299975242,1.34021,86.69619999999998,357.064
1687242655342,-2.98430129860464,1.10951,0.4046887846261323,356.322,87.812134,355.903,-2.591162248410713,0.681696,0.3892691978409162,1.13037,83.77419999999995,349.003,-2.649496356195926,0.70812,0.5788552936573108,1.44102,86.34019999999998,356.927
1687242655397,-2.956914628753927,1.10981,0.3860615251923605,356.173,87.731892,356.087,-2.563894098413856,0.681616,0.370040937297127,1.15948,83.76319999999998,349.004,-2.622337507099181,0.708117,0.5592246805899375,1.23428,86.29219999999998,356.719
1687242655453,-2.9296248168791967,1.10983,0.3674357234842954,356.179,87.61769199999999,356.225,-2.5367694990816463,0.681498,0.3509604106658461,1.18755,83.73519999999996,349.04,-2.5951153323416367,0.708137,0.5398989493780088,1.42878,86.44719999999995,356.852
1687242655509,-2.901920029556632,1.10979,0.3486845123419836,356.236,87.507987,356.322,-2.509467592027384,0.681354,0.3318337452261654,1.20978,83.6952,349.119,-2.5678182633947144,0.708161,0.5204480027598466,1.31088,86.54020000000003,356.818
1687242655564,-2.874229206982425,1.10978,0.3300513534755157,356.194,87.40141639999999,356.435,-2.482273805084328,0.68128,0.3127770756616429,1.23546,83.67319999999995,349.097,-2.540707469805914,0.708148,0.5013892491729126,1.34293,86.61220000000003,356.884
1687242655620,-2.8464388845776147,1.10974,0.3113059056303163,356.256,87.35855199999999,356.51,-2.454857399016794,0.681279,0.2936041713008568,1.24812,83.68119999999999,349.107,-2.5133281604610387,0.708098,0.4833293277783789,1.38827,86.72220000000004,358.091
1687242655676,-2.8184143718934447,1.10975,0.2925071994722305,356.239,87.30819999999994,356.592,-2.427248388219778,0.681129,0.2744087972946021,1.30069,83.68619999999999,349.118,-2.4858508100155112,0.708129,0.4637387632967251,1.37235,86.68820000000005,357.766
1687242655731,-2.790508322425742,1.10968,0.2739087024801936,356.311,87.22019999999998,356.738,-2.3997406574666744,0.681013,0.2554528790922257,1.33691,83.65620000000001,349.138,-2.458442775455653,0.708224,0.4450947234505267,1.3434,86.80719999999997,358.148
1687242655787,-2.762461857225249,1.10972,0.2556531143099854,356.254,87.06420000000003,356.886,-2.372122629475385,0.680853,0.2367796951632148,1.36921,83.62519999999995,349.144,-2.4312212119608096,0.708229,0.4288595643599984,1.42481,86.52319999999997,1.09827
1687242655843,-2.7347796173056853,1.10972,0.2364966379503026,356.293,86.97720000000004,356.845,-2.344915576584319,0.680689,0.2173638095940816,1.37102,83.60019999999997,349.232,-2.4039771024324934,0.708304,0.4083101714880057,1.40961,86.71119999999996,0.0654275
1687242655898,-2.711803629455266,1.1094,0.2189198970163283,356.477,86.97119999999995,356.945,-2.32222498435646,0.680632,0.199493799264119,1.40617,83.58219999999994,349.143,-2.3823390605597576,0.709301,0.3927577679495261,0.307818,85.91120000000001,1.60128
1687242655953,-2.711397079244705,1.10927,0.2190651710549351,356.405,86.9742,357.036,-2.322095284960386,0.68059,0.1993963588892316,1.42781,83.62519999999995,349.147,-2.381695504616948,0.708862,0.3920981462788135,0.890516,86.23320000000001,1.5856
1687242656009,-2.711179485274414,1.10919,0.2194274447692631,356.399,86.87919999999997,357.104,-2.321875921180556,0.680849,0.1989447246432999,1.36477,83.69420000000002,349.079,-2.381892709966466,0.708983,0.3920979224010315,0.649904,86.23619999999994,1.52339
1687242656064,-2.711151784968403,1.10891,0.219958321349126,356.525,86.68820000000005,357.191,-2.3217406872752595,0.681053,0.1983656159912678,1.29381,83.91719999999998,348.842,-2.382084750400645,0.709084,0.3920729129700069,0.557891,86.1472,1.50971
1687242656120,-2.710876193643873,1.10904,0.2202022782138456,356.421,86.63620000000003,357.227,-2.321829878540898,0.680992,0.1984531401486976,1.27747,83.73320000000001,348.796,-2.382105710718788,0.709117,0.392092954553362,0.54493,86.1232,1.53323
1687242656175,-2.7106889289346783,1.10893,0.2203228688796962,356.497,86.6232,357.286,-2.321995193151804,0.68098,0.1987980856073155,1.23192,83.67420000000004,348.777,-2.38206946276798,0.708922,0.3919174578694553,0.584023,86.0652,1.50876
1687242656231,-2.7108936512549526,1.10881,0.2203187165628056,356.564,86.63319999999999,357.224,-2.322512979200757,0.681062,0.1989205293084727,1.16261,83.63419999999996,348.752,-2.382479693063439,0.708704,0.3919877750908717,0.890112,86.18020000000001,1.73269
1687242656287,-2.7312771732712853,1.1087,0.2200718301206479,356.631,86.70820000000003,357.178,-2.3430204293419483,0.680978,0.1987611422941368,1.18425,83.61919999999998,348.685,-2.402974308548824,0.708388,0.3923453541408093,1.20212,86.08820000000003,2.10347
1687242656343,-2.764405529546207,1.10862,0.2198817128099914,356.625,86.79719999999998,357.144,-2.3764551032459265,0.680996,0.1987951432561159,1.16492,83.59119999999996,348.728,-2.4364993978196248,0.708336,0.3925785442125367,1.17863,86.15620000000001,2.36696
1687242656398,-2.797662552586292,1.10858,0.2203114700101159,356.674,86.78920000000005,357.11,-2.4099126858719435,0.680865,0.1994630806033785,1.19312,83.4982,348.763,-2.469956915591697,0.70832,0.3930526724893357,1.19967,86.16920000000005,2.33733
1687242656454,-2.8308871534657443,1.10843,0.2208823537588133,356.733,86.75019999999995,357.101,-2.4432365609427174,0.680752,0.2000866788181876,1.22975,83.44719999999995,348.885,-2.5033824625339847,0.708163,0.3936027348588521,1.17861,86.10320000000002,2.45216
1687242656510,-2.864001145063022,1.10816,0.2215451907555652,356.857,86.73320000000001,357.104,-2.476819232650549,0.680809,0.2004901109499673,1.23083,83.41920000000005,348.837,-2.536790525529191,0.708044,0.3939544771707888,1.29847,86.12120000000004,2.46623
1687242656565,-2.896471424766688,1.10743,0.2224489180047915,357.225,86.58820000000003,357.097,-2.5102591619429764,0.680862,0.2008483890860642,1.2244,83.39919999999995,348.826,-2.5698164040522125,0.707931,0.3940861732017796,1.5339,86.1232,2.33474
1687242656621,-2.929263584224413,1.10555,0.2235431210407376,358.269,86.30619999999999,357.137,-2.543917254489609,0.680838,0.2012602441861767,1.22585,83.37419999999997,348.929,-2.60334543392458,0.707967,0.3942217624406071,1.57887,86.13519999999994,2.31225
1687242656676,-2.953490968864265,1.10459,0.2249257314440331,358.886,85.90819999999997,357.11,-2.568838195410909,0.680827,0.2014583194213731,1.2772,83.42020000000002,348.859,-2.628231336273403,0.707998,0.3942487892953998,1.57886,86.08519999999999,1.90384
1687242656734,-2.9528374369943595,1.10368,0.2262680672980643,359.355,85.28120000000001,357.043,-2.5687180099760645,0.680813,0.2012219820539275,1.30313,83.48119999999994,348.822,-2.628284385121606,0.708026,0.3939920271102862,1.44368,85.96219999999994,1.40729
1687242656788,-2.9519270394086163,1.10233,0.2277176345562049,0.0127328,84.60720000000003,356.875,-2.568642085146024,0.680759,0.2012895070876806,1.32181,83.45920000000001,348.826,-2.628236952141481,0.708039,0.394005260114344,1.39537,85.95420000000001,1.37927
1687242656844,-2.9411837501725824,1.1008,0.2298701123864879,0.914362,84.04719999999998,356.794,-2.5590513790496456,0.680612,0.2022344551103887,1.35766,83.4212,348.874,-2.618506510065049,0.707992,0.394445992016843,1.3227,85.89319999999998,0.973946
1687242656901,-2.9068470655448992,1.0993,0.2329564748177773,1.73372,83.74120000000005,356.962,-2.5263658544408667,0.68052,0.2042764469982541,1.37113,83.36720000000003,348.917,-2.585632503593525,0.707833,0.3961827654953419,1.46175,85.90120000000002,0.880392
1687242656956,-2.871965263869131,1.09797,0.2354045525929287,2.39839,83.67819999999995,357.195,-2.4931966538349366,0.680535,0.2056966986326651,1.34208,83.37120000000004,348.921,-2.5523331720063687,0.707867,0.3977315442386642,1.46394,85.8872,1.03231
1687242657012,-2.837287176516212,1.0971,0.2380060001092275,2.79328,83.73320000000001,357.364,-2.459957507201405,0.680537,0.2074186819392954,1.338,83.3922,348.919,-2.519264967939079,0.707935,0.3998331477226384,1.30105,85.86119999999994,1.31709
1687242657068,-2.8028099212635933,1.09661,0.2402971757961462,3.1208,83.82219999999995,357.44,-2.426669833486688,0.6805,0.2091342889555195,1.31644,83.3492,348.972,-2.4860255792383925,0.708142,0.4021096101635666,1.10031,85.75419999999997,1.98391
1687242657124,-2.785611756074045,1.09651,0.2408053930992169,3.24649,83.88220000000001,357.566,-2.410316325400988,0.680428,0.2091279370534103,1.32471,83.3632,348.991,-2.470247400231159,0.708462,0.4030375716411491,0.456534,85.58420000000001,3.30534
1687242657178,-2.7847475164345186,1.09638,0.2414276961166211,3.21918,83.9642,357.762,-2.410134136343297,0.680493,0.2089784947994867,1.31263,83.40520000000004,349.008,-2.469998298432169,0.708452,0.4024425713943089,0.658658,85.72919999999999,2.69985
1687242657233,-2.7841255665709665,1.09614,0.2422386733094124,3.36314,84.06020000000001,357.964,-2.409822471075976,0.680451,0.20882190054306,1.3233,83.42819999999995,349.042,-2.4699650405443063,0.708573,0.402395074942916,0.589192,85.79020000000003,2.84141
1687242657290,-2.7830171841141804,1.09655,0.2431907562151978,3.25782,84.13419999999996,358.149,-2.40971393113973,0.680483,0.2088770374838516,1.27856,83.42920000000004,349.062,-2.469891662698819,0.708578,0.4021962894007064,0.600755,86.00419999999997,2.92588
1687242657346,-2.7825667598655346,1.09664,0.2442678679481691,2.93616,84.3392,358.163,-2.4108521310811635,0.680616,0.2089361324229059,1.19035,83.42520000000002,349.258,-2.470747327230011,0.708691,0.4016305151518819,0.966072,86.1952,2.76056
1687242657401,-2.8059687795464043,1.09647,0.2442610270851236,3.13006,84.72320000000002,358.383,-2.4355657766866887,0.680652,0.2075970866042431,1.13239,83.43319999999994,349.272,-2.4957105789479703,0.70878,0.4001916856239491,0.82644,86.48720000000003,3.14945
1687242657456,-2.8371379854865104,1.09702,0.2460101462530139,2.65797,85.12620000000004,358.559,-2.4687339002725386,0.680645,0.2075124060596416,1.07656,83.55219999999997,349.404,-2.528975514100173,0.709069,0.3996731021747477,0.816082,86.47619999999995,3.00111
1687242657512,-2.8684815576458336,1.09808,0.2492808814503857,2.07799,85.5172,358.701,-2.5022432400083257,0.680838,0.2087327005959026,0.964121,83.60419999999999,349.554,-2.562454534961533,0.709556,0.3997327445642164,1.09742,87.23119999999994,3.12034
1687242657568,-2.898748834151858,1.09959,0.2534716270011581,1.15601,85.87220000000002,358.992,-2.5356636995348727,0.680915,0.2104889020088355,0.834176,83.60720000000003,349.708,-2.595112804516308,0.709945,0.4002626528609128,1.59847,87.15020000000004,2.99696
1687242657624,-2.9298689572285865,1.10135,0.2587345609810766,0.497771,85.8732,359.594,-2.569107580753978,0.680953,0.2126797877948388,0.611621,83.6182,350.104,-2.6279421977333937,0.710125,0.3992717972219456,1.96541,87.33369619999999,1.5916
1687242657679,-2.9605289647212767,1.104,0.264811102422224,359.205,85.65120000000002,0.0158447,-2.602090027119674,0.680732,0.2148564768012458,0.585715,83.66420000000005,350.174,-2.6608484987506413,0.710929,0.4014043994286309,1.85458,88.13981799999999,1.98418
1687242657735,-2.9913566218197003,1.10646,0.2727845424322738,357.965,85.45320000000004,0.411649,-2.6345703550524227,0.680175,0.2188373791433116,0.62218,83.74419999999998,350.419,-2.693123416915835,0.711418,0.4052530644182085,2.35358,88.63176,2.80871
1687242657791,-3.000202124491528,1.10992,0.2785941226708871,356.122,85.23720000000003,1.01154,-2.644764390058481,0.679878,0.2209450748833034,0.520661,83.79819999999995,350.723,-2.7035178174297143,0.711708,0.4061665818158764,2.20441,88.78204,2.45611
1687242657846,-2.9991096165462574,1.11452,0.2829233990842295,353.709,84.60119999999995,1.71154,-2.6443899648816185,0.679829,0.2212226912137518,0.435623,83.90719999999999,350.844,-2.703190744630341,0.713321,0.4075624071573537,1.47896,89.06371999999999,3.48324
1687242657902,-2.999185019367089,1.11841,0.2869903932653798,350.984,83.75919999999996,2.36414,-2.6442803893137343,0.679947,0.221383992778911,0.325139,83.92219999999998,350.911,-2.702917422190044,0.713539,0.4084171263180316,1.15307,89.39407,5.13457
1687242657957,-3.000350875486985,1.12023,0.289929781026071,349.634,83.21820000000002,2.65229,-2.644090902647735,0.67985,0.2216132062458116,0.245126,83.92819999999995,351.135,-2.7034591095930502,0.714375,0.4080984419013677,1.03893,89.7905,4.75434
1687242658013,-3.0021746393782043,1.12312,0.2919581002413539,347.653,83.05219999999997,2.92514,-2.644065670786486,0.67972,0.2217371219961338,0.239953,84.01620000000003,351.395,-2.7035411168527386,0.71469,0.408631189317465,1.31255,89.96280999999999,5.09571
1687242658070,-3.0047129576904483,1.12254,0.29314557830672,347.321,82.9742,3.30485,-2.644705645862721,0.680169,0.2215933318998212,0.0811878,84.10820000000001,351.537,-2.7045461293958035,0.715612,0.4082017131385184,0.912923,89.82383,5.03069
1687242658125,-3.007057888400332,1.12109,0.2936707766462503,347.928,83.03319999999997,3.45143,-2.645896818349798,0.680698,0.221248441270736,359.9,84.22119999999995,351.765,-2.705904503964691,0.715851,0.4077717090331902,359.905,90.47701,4.67618
1687242658180,-3.0096728257555045,1.12041,0.2932041608744171,348.026,83.08119999999997,3.51266,-2.6471940771049223,0.681523,0.2200690755589,359.78,84.4882,351.668,-2.7053832257946664,0.715509,0.4088042200837151,0.923618,89.48267,4.29597
1687242658236,-3.0128782812573403,1.1201,0.292238779708374,347.664,83.10419999999999,3.50715,-2.648452846226203,0.682398,0.2187518592101898,359.593,84.73720000000003,351.627,-2.706582063140299,0.715257,0.4100555178175568,0.866356,89.48389999999999,5.2845
1687242658292,-3.0160029689175447,1.12017,0.2906174583348742,347.435,83.0992,3.32158,-2.649533273884914,0.683048,0.2186929612960295,359.477,84.64819999999997,351.637,-2.7071713439948253,0.715316,0.4102401582099101,0.714381,89.38279,5.12342
1687242658348,-3.0189066220949616,1.1206,0.2887375921733416,346.992,83.09019999999998,3.04734,-2.650842583961856,0.683754,0.2189469005258031,359.272,84.48519999999996,351.803,-2.707777449294806,0.715041,0.4107413581354246,0.508913,88.85718,4.68299
1687242658404,-3.0216014457555667,1.12141,0.2863360223766787,346.395,83.28319999999997,2.81723,-2.6510972681000635,0.684014,0.2187417640109026,359.264,84.44420000000002,351.706,-2.7075745111803573,0.715056,0.4111322777201273,0.526271,88.68355,4.63826
1687242658459,-3.023525589769998,1.12223,0.2840384423962147,345.694,83.73320000000001,2.38423,-2.650795875089804,0.684488,0.2181203806402156,359.203,84.48419999999999,351.552,-2.707404620513486,0.715385,0.411715862470879,0.636021,88.68938999999999,4.97746
1687242658514,-3.0245596728789206,1.12319,0.2821003354981719,345.112,84.24519999999995,1.89874,-2.6503151228080424,0.684535,0.2178589801742988,359.292,84.5512,351.454,-2.7076906448991647,0.716141,0.4115172672775909,0.375549,88.60892,4.86012
1687242658570,-3.024606917476661,1.12349,0.2804218188259627,344.891,84.76319999999998,1.43435,-2.650207786914057,0.684605,0.2179612123407744,359.316,84.53520000000003,351.478,-2.707629036761896,0.716319,0.4112919021573477,0.339509,88.62137,4.78992
1687242658626,-3.024438052845805,1.12298,0.2791693562251054,345.08,85.31719999999996,1.07964,-2.650631441234732,0.684705,0.2183073761409807,359.325,84.48320000000001,351.466,-2.7078051281055053,0.717153,0.4112255934949743,0.279217,88.75788999999999,5.30096
1687242658682,-3.024038552223694,1.12202,0.2783320251836813,345.201,85.76319999999998,0.908627,-2.651373554711612,0.68481,0.218784188040406,359.266,84.3632,351.657,-2.708206006479446,0.717606,0.4105080584579854,0.0735966,88.84209,5.16696
1687242658737,-3.023968656919144,1.12121,0.2778334586780856,345.521,85.98019999999997,0.917496,-2.651592144651658,0.685066,0.2187489256225865,359.192,84.36919999999998,351.648,-2.708600079665903,0.717964,0.4100941740251837,359.72,88.87234,5.03075
1687242658793,-3.024202633641408,1.12065,0.2779258362827238,345.614,85.96219999999994,1.03797,-2.6516912968129907,0.685172,0.2183863913498576,359.247,84.47919999999999,351.661,-2.7091926010766296,0.718894,0.4100914578089119,359.273,88.86363,5.17465
1687242658849,-3.0245550856214005,1.12045,0.2778973202907323,345.698,85.88819999999998,1.01299,-2.652226534493561,0.685347,0.2183789492199743,359.194,84.38419999999996,351.604,-2.7092890138304715,0.71892,0.4100338854119095,359.273,88.86744999999999,5.02063
1687242658905,-3.0252598802953203,1.11987,0.2773419280149357,345.991,86.00919999999996,0.899253,-2.652590745581,0.685291,0.2187384078320384,359.186,84.31820000000005,351.726,-2.710017753858383,0.719366,0.4098616124548925,358.886,88.92188,4.96382
1687242658960,-3.025987215607066,1.11995,0.2765794868814499,345.9,86.18219999999997,0.791546,-2.652749337778395,0.685275,0.2190253041807872,359.201,84.24419999999998,351.747,-2.710072463070095,0.719113,0.4094906476288593,358.987,88.82894999999999,4.67356
1687242659016,-3.026489889603208,1.1201,0.2757205034879827,345.841,86.33719999999994,0.609479,-2.652959318428045,0.685446,0.2190199771954661,359.163,84.2242,351.73,-2.709550055465478,0.718267,0.4094300151735361,0.0211933,89.01043999999999,4.45547
1687242659072,-3.0390427240489086,1.12005,0.2741952188008121,345.915,86.62720000000002,0.438343,-2.665467888102945,0.68562,0.2179091239996229,359.15,84.33019999999999,351.717,-2.721693610595149,0.718075,0.4095460770651258,0.31332,88.90929,5.39301
1687242659128,-3.0713831396205973,1.12045,0.2726915029882664,345.701,86.8202,0.379889,-2.698039167802478,0.685758,0.2166002154716914,359.168,84.40419999999995,351.555,-2.754739766072108,0.71778,0.4085013468974233,0.0873061,89.02677,5.27277
1687242659183,-3.103539314119654,1.12055,0.2718081634619598,345.786,86.94619999999998,0.322019,-2.730849339056782,0.685655,0.2161162845052908,359.197,84.41819999999996,351.549,-2.7872887144048675,0.717224,0.4076339140728007,0.466043,88.85567999999999,4.58522
1687242659239,-3.134823946135034,1.12032,0.2714063818070723,346.087,87.01919999999996,0.200324,-2.763855114194878,0.685382,0.2161048992797247,359.263,84.35820000000001,351.566,-2.8204920343817586,0.716697,0.4079075012084653,0.373868,89.14452999999999,5.20921
1687242659294,-3.1659717021732425,1.12006,0.2714938755485382,346.602,87.10919999999999,0.100585,-2.7965703148626693,0.684943,0.2166142125822519,359.37,84.27620000000002,351.564,-2.853334773527424,0.716377,0.4081687778672048,0.680578,89.19389,5.28622
1687242659350,-3.196614235899948,1.11993,0.2723023044183282,346.672,87.20719999999994,0.10384,-2.8291918281289905,0.684484,0.21766881058776,359.479,84.22119999999995,351.601,-2.8860178927921183,0.715713,0.4088286624818019,0.92976,89.30870999999999,5.17904
1687242659406,-3.2271548572539563,1.12003,0.2746359693281215,346.92,87.24720000000002,0.158663,-2.861606165423438,0.684037,0.2199653879977123,359.575,84.20619999999997,351.583,-2.918438705960215,0.714785,0.4112421649663126,1.23149,89.33913,5.18774
1687242659461,-3.25746482248399,1.11985,0.2782661153314475,347.251,87.1132,0.307102,-2.89378215008428,0.683494,0.2232871695959151,359.699,84.11919999999998,351.562,-2.950790461346276,0.714,0.4149611601747502,1.3278,89.30453999999999,5.07272
1687242659517,-3.287640399985246,1.11981,0.2818406360273397,347.553,86.93219999999997,0.491472,-2.925787493866882,0.682833,0.2264995866967931,359.896,84.10320000000002,351.621,-2.982493678191944,0.712562,0.4193324765654622,1.58953,89.1385,4.80256
1687242659573,-3.303481013956415,1.11952,0.2831765812177317,347.794,86.73720000000003,0.575828,-2.9439099810041114,0.682468,0.2272513304140275,359.958,84.04920000000004,351.636,-3.000686525772463,0.711982,0.4204109870160399,1.26608,89.14518,4.52464
1687242659630,-3.30065016080204,1.11888,0.2842658061228871,348.391,86.48419999999999,0.743973,-2.9434671465532096,0.682213,0.2277997427215978,359.987,83.93020000000001,351.669,-2.999607988479772,0.711005,0.4210661490633797,1.55054,89.07996,4.528
1687242659685,-3.2978573368928665,1.118,0.2853009573805954,348.953,86.32420000000002,0.791768,-2.94252019391664,0.68176,0.2279187668052335,0.0296319,83.91020000000003,351.736,-2.998111264548005,0.71045,0.4194711110323365,2.09629,89.43521,3.49778
1687242659742,-3.2737576290574264,1.11708,0.284911914277224,349.53,86.17219999999998,0.950347,-2.9196746442986328,0.681486,0.2260477527062806,0.0818546,84.00220000000002,351.736,-2.975940758585998,0.710415,0.4173500503327367,2.01563,89.46596,3.64439
1687242659796,-3.2395222634809047,1.1161,0.2851638597827529,350.093,85.95619999999997,1.28461,-2.886196878888571,0.681352,0.2248238287663027,0.0803348,84.0752,351.683,-2.942477045149298,0.710105,0.4152503106689649,2.37221,89.56631999999999,3.43259
1687242659853,-3.205361015080614,1.11481,0.2864944157630403,350.784,85.69420000000002,1.56825,-2.852504116547899,0.681064,0.2252045233250959,0.118975,84.08420000000001,351.688,-2.908918933881957,0.71002,0.4153210681721313,2.52466,89.57432,3.21576
1687242659909,-3.17168361845511,1.11358,0.2889610184257776,351.456,85.48419999999999,1.80434,-2.819224709735728,0.680928,0.2274798620025065,0.0915942,84.00319999999999,351.737,-2.8756032110029803,0.709979,0.4175904989487554,2.61875,89.53562,3.21444
1687242659964,-3.138416937862249,1.1129,0.2923686951037029,351.712,85.33019999999999,1.97967,-2.786266961002932,0.681,0.2306714629345981,0.0649618,83.93920000000003,351.757,-2.842645665527462,0.709908,0.4214064736861003,2.6305,89.43168999999999,3.28681
1687242660020,-3.105599202031662,1.11294,0.295576315040321,351.668,85.29719999999998,1.99836,-2.7531150995854805,0.681232,0.2335207483388254,0.00243448,83.97820000000002,351.708,-2.809338250983494,0.70984,0.4251669317604789,2.68295,89.23111999999999,3.14374
1687242660075,-3.07341720784308,1.11349,0.2990213784884314,351.416,85.37220000000002,1.89291,-2.7201944776248945,0.681384,0.236606205124004,359.971,84.0752,351.685,-2.7766121619253368,0.709791,0.4292213503353441,2.51187,89.26238,3.38855
1687242660131,-3.041055917867728,1.11396,0.3023235020435671,351.207,85.54819999999995,1.86957,-2.687029450826584,0.681479,0.2396312976487133,359.951,84.19619999999998,351.67,-2.7435049808091225,0.709783,0.4323700726180519,2.55828,89.21199,3.23537
1687242660187,-3.0081829839569982,1.11368,0.305215875551739,351.408,85.90419999999995,1.88178,-2.653727505720365,0.681515,0.2424800189742943,359.944,84.30319999999995,351.597,-2.710778182835934,0.709927,0.4352084820394708,2.31751,89.32073,3.26157
1687242660243,-2.9747967274198177,1.11341,0.3074981182585085,351.591,86.05619999999999,2.04055,-2.620286118787189,0.681453,0.2446388952126154,359.962,84.40520000000004,351.564,-2.6775974254175177,0.709959,0.4373960996423448,2.24835,89.35839,3.22912
1687242660298,-2.9409680026860765,1.11377,0.3082518649492017,351.509,85.86119999999994,2.10975,-2.586942782013866,0.681546,0.2451372900190776,359.945,84.40520000000004,351.499,-2.64453014604189,0.709911,0.437782360050973,2.13883,89.5242,2.9648
1687242660354,-2.914991502660097,1.11355,0.3075772724385995,351.69,85.6182,1.95191,-2.561588501143203,0.681607,0.2440594239094651,359.935,84.37019999999995,351.41,-2.6196646182143657,0.710267,0.4377140389640426,1.82671,89.46564,3.40066
1687242660408,-2.914138086545465,1.11335,0.3075755162535165,351.71,85.49919999999997,1.78974,-2.5613905935914723,0.681477,0.2442370748057986,359.966,84.30219999999997,351.422,-2.61952010769556,0.710142,0.4379630705081377,2.15674,89.52382999999999,3.76906
1687242660464,-2.918922711091174,1.11333,0.306598641648194,351.609,85.52020000000005,1.60229,-2.5669520335727,0.681471,0.243633615873342,359.936,84.27520000000004,351.42,-2.625495246372959,0.710361,0.4378138593041133,1.89489,89.64115,4.14081
1687242660520,-2.949555483734869,1.11147,0.3026625365218331,352.728,85.72720000000004,1.43952,-2.5982989015457654,0.681583,0.2401083108602604,359.877,84.23320000000001,351.384,-2.657204401236523,0.710252,0.4351841896906072,1.66435,89.79656,5.32831
1687242660575,-2.981840837645774,1.1108,0.3013054596234888,352.953,86.04520000000002,1.34699,-2.631533656737791,0.681489,0.2391780359241975,359.906,84.28319999999997,351.375,-2.690550614855046,0.710341,0.4339617819437156,1.77648,89.81893,4.88683
1687242660631,-3.014576070740439,1.11041,0.3012980405444562,353.316,86.35919999999999,1.27961,-2.6649452138756646,0.681575,0.2394631841929277,359.874,84.3202,351.383,-2.7239241902589746,0.710286,0.434547535664636,1.87208,89.82141999999999,5.01034
1687242660687,-3.047332008775478,1.11023,0.3030484610939873,353.266,86.37720000000002,1.17199,-2.6982241176509127,0.681581,0.2410488344130061,359.857,84.39520000000005,351.345,-2.7571528300798684,0.710317,0.436321142515065,2.02215,89.81125,5.05444
1687242660742,-3.0804514451444867,1.10953,0.3056220579057162,353.647,86.3202,1.09066,-2.731068111915408,0.681347,0.2433372019712188,359.952,84.55420000000004,351.346,-2.790358541181496,0.710393,0.4390012206421105,2.05542,89.87277999999999,5.18743
1687242660798,-3.1134303466539874,1.10896,0.3081548612383094,353.895,86.33420000000001,1.0386,-2.763971995868856,0.68125,0.2455079177366631,0.0185781,84.72619999999995,351.236,-2.823523930004587,0.710453,0.44147593807392,2.12845,89.79974999999999,5.07299
1687242660854,-3.1463692771154057,1.10838,0.3106971244720364,354.119,86.37620000000004,1.08235,-2.797411988514812,0.681458,0.2479115036639312,359.892,84.80619999999999,351.139,-2.8569494128434947,0.710543,0.4441041484778139,2.17947,89.84214,5.16061
1687242660911,-3.178734282928662,1.10828,0.3133959319348844,354.048,86.4882,1.11073,-2.8301598646428205,0.680556,0.2503740851000989,0.303508,84.92219999999998,350.896,-2.8902286032936884,0.71069,0.4470313879506509,2.12603,89.62087,4.99448
1687242660966,-3.1880634760159494,1.1075,0.3146949553453104,354.38,86.57119999999998,1.03641,-2.8403985166002097,0.68147,0.2514029358820198,359.982,84.97820000000002,350.863,-2.9001528906616745,0.710784,0.4481880820152646,2.14382,89.51107999999999,4.75762
1687242661021,-3.1875537440185733,1.1072,0.3146164004157976,354.338,86.6522,1.14172,-2.840604263718145,0.681723,0.2512002909623663,359.9,85.03020000000004,350.865,-2.9002951128230485,0.711111,0.448424688982225,2.02721,89.46719999999999,5.02723
1687242661076,-3.18756459212529,1.10732,0.3148865687022056,354.209,86.5512,1.36335,-2.8410022678352744,0.681366,0.2513407293216128,0.0634813,85.10019999999997,351.296,-2.9003946826353384,0.71135,0.4482848789236437,1.93333,89.26257,4.88324
1687242661133,-3.187996939111056,1.10753,0.315454728883404,354.088,86.27319999999997,1.41939,-2.841508536659299,0.681599,0.2516767179640118,359.925,84.82320000000004,351.35,-2.901476534001179,0.712268,0.4475294521421291,1.15059,89.41205,4.35624
1687242661189,-3.188993202798518,1.10757,0.3163542763811184,354.03,85.82719999999995,1.46428,-2.841764260577178,0.681655,0.2520069186875491,359.888,84.7672,351.595,-2.901644624119151,0.712589,0.4476557284749872,1.19986,89.12723,4.52897
1687242661244,-3.1902011096874907,1.10747,0.3167494930254694,354.022,85.6762,1.46205,-2.8419527838106893,0.681854,0.2520564553449494,359.875,84.70719999999994,351.461,-2.9018119792622694,0.712975,0.4478090688025978,1.15428,89.15647,4.73644
1687242661300,-3.1910123521038884,1.1075,0.3168896331936474,353.72,85.68020000000001,1.57962,-2.8420426131483736,0.681618,0.2520293241803743,359.922,84.75019999999995,351.624,-2.9021763158771248,0.713455,0.4477649799029078,0.9327,89.02703,4.53356
1687242661354,-3.19173781711354,1.10781,0.316666657926472,353.492,85.74919999999997,1.5678,-2.8426246905320447,0.681872,0.2522525437122675,359.862,84.69219999999996,351.519,-2.902275701864601,0.713044,0.4472577763683251,1.55576,88.97744999999999,4.09273
1687242661411,-3.2061304108105007,1.10813,0.3151539576024161,353.237,85.8492,1.59004,-2.856919153728423,0.681681,0.2515838768266816,359.903,84.6132,351.761,-2.916376574441396,0.713213,0.4464099679967313,1.55042,89.13852999999999,4.39203
1687242661467,-3.240050386044605,1.10829,0.3114740808794783,353.102,86.02620000000002,1.46275,-2.8905175071354825,0.681757,0.248781242959496,359.843,84.57619999999997,351.713,-2.9499090314360896,0.713252,0.4433972863425132,1.46807,89.10819,4.27193
1687242661522,-3.274002448214668,1.10829,0.3071303997132483,353.052,86.19619999999998,1.33163,-2.9238852501267374,0.681882,0.2452761091069442,359.798,84.56219999999996,351.694,-2.9834270552582134,0.713401,0.4398518795229323,1.25491,89.1625,4.36069
1687242661578,-3.307514719188018,1.10867,0.3028963810397762,352.829,86.3732,1.1766,-2.95680527013917,0.681629,0.2418630394707409,359.932,84.61419999999998,351.668,-3.01643894115471,0.713367,0.4363268906777205,1.41791,89.13181999999999,4.15175
1687242661633,-3.3407639782591207,1.1093,0.2988831723656066,352.559,86.5512,1.01711,-2.990049169405593,0.681814,0.2386611343709002,359.871,84.61620000000005,351.626,-3.049526154630409,0.713131,0.4334560763856429,1.51265,89.16968999999999,4.38778
1687242661690,-3.373678345553818,1.10923,0.2952505224954942,352.595,86.75319999999999,0.805062,-3.023181977936697,0.681518,0.2357469138750739,359.968,84.57320000000004,351.682,-3.0824674478883605,0.712966,0.4304925594381273,1.72084,89.08256,4.44042
1687242661745,-3.4064218356887284,1.10861,0.2924752274142576,352.978,86.87220000000002,0.716624,-3.056522285072856,0.681692,0.2333899025058911,359.941,84.53719999999998,351.663,-3.1156137060745497,0.712979,0.4280962810978893,1.77847,89.12702999999999,4.44303
1687242661801,-3.439075740857968,1.10842,0.2913653107593384,353.13,86.87519999999995,0.619976,-3.0896878001591634,0.681661,0.232274641027436,359.953,84.55420000000004,351.74,-3.14869699963725,0.712871,0.4274485769539459,1.90725,89.12496,4.8547
1687242661856,-3.4718635044672057,1.10825,0.2915971189241746,353.166,86.91319999999996,0.493445,-3.122900865873014,0.681702,0.2321309371238995,359.978,84.62220000000002,351.665,-3.1819816471626607,0.712799,0.4274653006174101,1.93978,89.15307,4.7424
1687242661913,-3.50482380395022,1.10798,0.2929891267522538,353.289,86.92219999999998,0.581825,-3.1563330159300858,0.681855,0.2333740126997265,359.929,84.60320000000002,351.631,-3.2153103908088623,0.712708,0.4288517696177408,1.96983,89.23761999999999,4.90933
1687242661968,-3.53772215906457,1.10785,0.294683820648661,353.279,86.91420000000005,0.549736,-3.18982647898386,0.681631,0.235302964747179,359.962,84.57820000000004,351.778,-3.248559330388268,0.712678,0.4304759248796413,2.07621,89.20953,4.94487
1687242662024,-3.5708621210561287,1.10761,0.2964197764837413,353.336,86.9262,0.504897,-3.223159266155477,0.681842,0.2372679939143806,359.878,84.53319999999997,351.772,-3.281686068370047,0.712722,0.4323592018519672,2.12416,89.22166,4.94321
1687242662080,-3.604550159899073,1.10768,0.2984004934952305,353.303,86.9212,0.514218,-3.256531079314846,0.681819,0.2392961838982182,359.919,84.56820000000005,351.788,-3.315134731780551,0.712705,0.4343823919457604,2.22936,89.2492,4.8499
1687242662135,-3.637873403303506,1.10802,0.3018359558698383,353.028,86.9212,0.510303,-3.2895822316039625,0.68202,0.2427467549763307,359.881,84.59019999999998,351.756,-3.3481817241197818,0.712727,0.4380220645437424,2.29491,89.26888,4.87567
1687242662191,-3.6708443025952886,1.10794,0.3098197898064913,353.053,86.9502,0.461718,-3.3222086856101187,0.682176,0.2510434205719483,359.853,84.56320000000005,351.737,-3.380698198247272,0.712744,0.4461506901849185,2.28699,89.25860999999999,4.76152
1687242662247,-3.703156363236881,1.10808,0.3187148692046007,352.887,86.98419999999999,0.422073,-3.3542761495014584,0.682197,0.2603505210941108,359.866,84.53620000000001,351.764,-3.4129128125913857,0.712858,0.4552865207907252,2.19173,89.35544999999999,4.83612
1687242662303,-3.735455756098324,1.10834,0.3292341040953762,352.792,86.98919999999998,0.358445,-3.386294093427763,0.682267,0.2711382747004923,359.877,84.56320000000005,351.739,-3.44509971988409,0.712984,0.4660053963104985,1.97141,89.29191999999999,4.79478
1687242662357,-3.7673356848607615,1.10862,0.3389647136275152,352.578,87.07619999999997,0.239141,-3.417977256055289,0.682467,0.2813167875059528,359.837,84.53819999999996,351.714,-3.477427304227888,0.713414,0.4760709447782322,1.39135,89.4951,4.85521
1687242662413,-3.800635754394453,1.10871,0.3437323669546348,352.585,87.24919999999997,0.161328,-3.4508983704807226,0.682318,0.2867720277061474,359.894,84.54319999999996,351.744,-3.510272864637641,0.713404,0.4815161077409716,1.3205,89.38826999999999,4.89054
1687242662469,-3.8342362368326746,1.10877,0.3421707205320876,352.553,87.479581,0.0998078,-3.484208508491319,0.682322,0.2859068133631648,359.887,84.51819999999998,351.701,-3.5432980498640143,0.713187,0.4802309615573729,1.49838,89.3506,4.49909
1687242662525,-3.867574367933917,1.10871,0.3390897024333944,352.608,87.648901,0.0504385,-3.5173698562469102,0.682276,0.2832728629940163,359.902,84.53020000000004,351.738,-3.576544545075992,0.71319,0.477320225782773,1.54036,89.34897,4.21325
1687242662581,-3.9006849415288216,1.10869,0.3354159777718103,352.6,87.759901,0.019151,-3.550556905770205,0.682083,0.2798234669261888,359.955,84.53319999999997,351.749,-3.609482199423838,0.712961,0.4730343789474385,1.86539,89.11627999999999,3.17388
1687242662636,-3.923820506913684,1.10835,0.3252293895213184,352.78,87.73492399999999,0.0252193,-3.5739398728668155,0.682133,0.2695691231215037,359.937,84.50120000000004,351.733,-3.632488056355079,0.712822,0.4616533401826267,1.78688,89.11643,2.12344
1687242662692,-3.924128462675879,1.10827,0.3175440898898347,352.801,87.62348,0.0459943,-3.574383484757403,0.681886,0.2615846612181182,359.983,84.51319999999998,351.772,-3.633142149320247,0.712863,0.4535245757940114,1.75675,89.07005,2.04791
1687242662749,-3.9089705185192063,1.10824,0.3038315324578369,352.864,87.504696,0.154529,-3.5596182125357467,0.681734,0.2475629895522991,359.979,84.47019999999998,351.793,-3.6177441525994274,0.712711,0.4380697292790695,2.02143,89.06761,0.589044
1687242662804,-3.8800406819431306,1.10801,0.2869844090787183,353.075,87.43938999999999,0.201223,-3.5309214156477866,0.681721,0.2304974574813594,359.955,84.4452,351.834,-3.588851397719232,0.712554,0.4205179303315292,1.91172,88.97035,0.204962
1687242662860,-3.8494379177003744,1.10803,0.2736915707924509,353.034,87.35339689999999,0.260904,-3.500340663288412,0.681685,0.2166463286708216,359.989,84.50620000000004,351.793,-3.5582337513977764,0.712472,0.406969258122113,2.19147,89.03031999999999,0.241187
1687242662917,-3.816944244765269,1.10791,0.2644878809839537,353.131,87.20719999999994,0.24824,-3.4679883276692047,0.681788,0.206775197828873,359.955,84.53819999999996,351.773,-3.525517955339698,0.7122,0.3981230486183044,2.48842,89.09384,1.14609
1687242662972,-3.783896318722331,1.10725,0.2607241805022537,353.394,87.07320000000004,0.252705,-3.435103005107052,0.681913,0.2024005624987992,359.918,84.56020000000001,351.753,-3.492649904848803,0.712248,0.3938607283609254,2.48424,89.03699999999999,0.916453
1687242663027,-3.750546810684545,1.10712,0.2589462985067805,353.429,87.11720000000003,0.292493,-3.4016457168506173,0.681726,0.2004994807399169,359.99772867,84.61019999999996,351.729,-3.459410720862778,0.712284,0.3923202401228238,2.45388,88.98235,1.02879
1687242663087,-3.71691338695164,1.10775,0.2581437983686351,353.222,87.00220000000002,0.139198,-3.3683700558737137,0.681906,0.1996642946520849,359.871,84.53319999999997,351.751,-3.4259901003261466,0.712233,0.3915748322954089,2.53518,88.95353,1.23832
1687242663138,-3.683702549869885,1.10758,0.258503179458456,353.4,86.62419999999997,0.22877,-3.335194898923673,0.681913,0.1993681745432601,359.864,84.53419999999994,351.77,-3.3926697386267537,0.712311,0.3914915365760831,2.49461,88.94704,1.3383
1687242663194,-3.650194268622994,1.10697,0.2585459474385055,353.53,86.64919999999995,0.210592,-3.3014145700956696,0.681774,0.1989480590781405,359.954,84.63419999999996,351.65,-3.359168296982636,0.712235,0.3914687118718232,2.48983,88.86994,1.31094
1687242663250,-3.616444845251275,1.10707,0.2582923701392263,353.444,86.89020000000005,0.218151,-3.2679121552719828,0.681873,0.1990160056392886,359.928,84.65520000000004,351.627,-3.325791561920288,0.712261,0.3918261970445413,2.51633,88.95863999999999,1.6623
1687242663306,-3.582427631749915,1.10668,0.2581070159862965,353.735,87.1522,0.216217,-3.2345508120782944,0.681729,0.1994753258348011,359.945,84.62620000000004,351.678,-3.292285675402711,0.712214,0.3922345219704742,2.55082,88.89471999999999,1.71072
1687242663362,-3.5481980098507613,1.10665,0.2580930227949141,353.749,87.23119999999994,0.284434,-3.2011690949502456,0.681788,0.1998157525571334,359.922,84.5992,351.674,-3.25875207584194,0.712219,0.3925596357365141,2.56789,88.83572,1.66324
1687242663417,-3.5140082064424147,1.10661,0.2581129573403344,353.676,87.41819029999999,0.125689,-3.1676107664830333,0.681846,0.1999251398320757,359.97,84.67920000000004,351.636,-3.225403140872082,0.712203,0.3934208521165501,2.74358,88.79343999999999,2.16023
1687242663474,-3.479212587108856,1.10694,0.2603438247991645,353.412,87.47681,0.103971,-3.1337323558295,0.681865,0.2020684520461465,359.938,84.6952,351.695,-3.191477920220675,0.71226,0.3967452462854822,2.89233,88.68377,3.24194
1687242663529,-3.445737991080894,1.10685,0.2644551955793585,353.502,87.31563329,0.266269,-3.1011566018203527,0.682014,0.2059651274802916,359.838,84.59619999999995,351.715,-3.1586318602550087,0.712227,0.4002140961829066,2.95208,88.72993,2.91416
1687242663584,-3.412292220111557,1.10693,0.2691662835093968,353.481,87.19920000000002,0.242104,-3.0679162250466456,0.681732,0.210483137467516,359.911,84.57920000000001,351.848,-3.126040829006441,0.71231,0.4051091477977824,2.86741,88.70118,3.60278
1687242663639,-3.381196363545867,1.1071,0.2800113375950765,353.397,87.11620000000005,0.347401,-3.036468644226014,0.681946,0.2209895396813425,359.862,84.55719999999997,351.755,-3.094306067350686,0.712086,0.4164736210214548,3.29248,88.79572999999999,4.4723
1687242663695,-3.364734556446172,1.1076,0.2957759898961632,353.079,86.93520000000001,0.343242,-3.0191306193490703,0.681775,0.2362825640446754,359.929,84.60919999999999,351.806,-3.07729550706482,0.712324,0.4315123510050015,3.21588,88.77987999999999,3.97168
1687242663750,-3.3660205259935627,1.10813,0.2960494514589694,352.811,86.76319999999998,0.356615,-3.0194498560718115,0.681857,0.2363299309244102,359.887,84.57320000000004,351.816,-3.078223843071439,0.712563,0.4317827733764391,2.63114,88.74611,4.18689
1687242663806,-3.3943421136476872,1.1087,0.2938592884790388,352.58,86.75720000000001,0.424363,-3.046880290386696,0.681906,0.2341616173680554,359.875,84.5512,351.828,-3.10578933609737,0.712616,0.4295697940102258,2.64811,88.78773,4.341
1687242663862,-3.428660665249981,1.10899,0.2923092943444658,352.403,86.7722,0.497802,-3.08037465199541,0.68183,0.2326289840741294,359.891,84.55819999999994,351.866,-3.1400152767772096,0.713002,0.4279255213294699,2.07123,89.12395,4.39681
1687242663917,-3.462775222749765,1.10904,0.2914603663717535,352.416,86.7382,0.542539,-3.113876146278925,0.682003,0.231632696050395,359.838,84.53819999999996,351.824,-3.1730139044847725,0.712943,0.4263879608726758,2.57361,88.28518899999999,3.4693
1687242663973,-3.496701951914728,1.10887,0.2926333265134157,352.476,86.61720000000003,0.561111,-3.1473692913149947,0.681893,0.2326835820687859,359.858,84.5752,351.859,-3.2061073823397286,0.712662,0.4272842708439545,2.70308,88.63717,3.45199
1687242664029,-3.517295113014546,1.10908,0.2929184280505504,352.35,86.66020000000003,0.578533,-3.1679052070268825,0.682049,0.2329776048343496,359.789,84.55520000000001,351.826,-3.2260714308688567,0.712665,0.4272738075913139,3.07374,88.63753,2.98761
1687242664084,-3.5099943927954804,1.10917,0.2932823747478017,352.324,86.67219999999998,0.611311,-3.160636916679251,0.681913,0.2334483335926541,359.803,84.56719999999996,351.87,-3.2176445687844386,0.712073,0.4266048775012255,3.21828,88.60938999999999,1.95664
1687242664142,-3.4761908121967187,1.1091,0.2955730261262521,352.4,86.63120000000004,0.637229,-3.1269086945188653,0.681872,0.2356615015300247,359.798,84.58619999999996,351.854,-3.184328709560939,0.712434,0.4288161564487659,3.44465,88.40043999999999,1.77691
1687242664196,-3.442724888878397,1.10906,0.2985147378056553,352.443,86.60519999999997,0.654266,-3.0936137591547874,0.681772,0.238487776475792,359.816,84.62519999999995,351.835,-3.1511102683564896,0.712341,0.4318222504245128,3.48076,88.42944,2.04513
1687242664253,-3.408876027157564,1.10879,0.3017486331675594,352.557,86.66020000000003,0.595064,-3.060067334529459,0.68174,0.2417282165980538,359.828,84.6422,351.799,-3.117658309528664,0.712432,0.435348384881864,3.41761,88.35846,2.2532
1687242664308,-3.375297641208768,1.10845,0.3048993395344656,352.726,86.68119999999999,0.650198,-3.026945616358612,0.681923,0.2450642486986177,359.772,84.63220000000001,351.76,-3.085853333622768,0.713222,0.4398454012621198,2.11562,88.40240999999999,3.22118
1687242664364,-3.341469477081067,1.10838,0.3068830035149741,352.709,86.70820000000003,0.608482,-2.993837963725198,0.682148,0.2473541441078483,359.701,84.55020000000002,351.727,-3.052392862963004,0.71308,0.4426605734367631,2.18968,88.18923699999999,3.84431
1687242664418,-3.336568711961554,1.10811,0.3067379200561688,352.927,86.77319999999997,0.568056,-2.9892714909359244,0.682193,0.2473037007965853,359.64,84.58719999999994,351.732,-3.047955359272122,0.713265,0.4427347343857004,1.97111,88.312146,3.93654
1687242664473,-3.3365320039002966,1.10798,0.3065354924193014,352.962,86.93020000000001,0.503999,-2.9884897693222703,0.68216,0.2467079112290822,0.10616,84.69420000000002,350.912,-3.047962298185768,0.713384,0.4428615486257424,1.96633,88.39103,4.03244
1687242664530,-3.3366570494484016,1.10805,0.3064009816162997,352.889,86.9882,0.533445,-2.9873526077007666,0.681904,0.2461537918046085,1.85774,84.42520000000002,350.239,-3.047995636244448,0.713329,0.4428679964039211,1.93677,88.39107,4.00138
1687242664587,-3.3368761139066336,1.108,0.3063715774156572,352.916,86.95219999999995,0.489023,-2.987488621905075,0.681917,0.2461936738334724,0.72171,84.41020000000003,350.875,-3.047987414467962,0.713289,0.4427993057758019,1.94948,88.42463,4.0144
1687242664643,-3.3369937502257145,1.108,0.3063204263835841,352.895,86.8922,0.511195,-2.987274637564022,0.681992,0.245963830709181,1.22174,84.50919999999996,351.266,-3.048002090676494,0.713305,0.4427065177975767,1.93937,88.40656999999999,4.00126
1687242664698,-3.3371280443705937,1.10794,0.3060948022938527,352.903,86.95519999999999,0.4943,-2.9877579922001773,0.682548,0.2455538747289743,0.726828,84.35119999999995,351.229,-3.0480250888588145,0.713266,0.4425562777110152,1.98695,88.40275,3.97342
1687242664754,-3.337191836581942,1.10783,0.3056976049315599,352.955,87.0122,0.493389,-2.9878339618252374,0.682511,0.2456155890390503,0.663736,84.39419999999996,351.252,-3.048051163928765,0.71326,0.4423648486360891,2.08744,88.41413,3.9078
1687242664810,-3.3372058555862165,1.10767,0.3053064211288289,353.001,87.10320000000002,0.333968,-2.9877708035674444,0.682534,0.2454854005815262,0.761532,84.52919999999995,351.218,-3.048044599188854,0.713256,0.4422460256408824,2.06282,88.41081,3.85947
1687242664866,-3.337212973057525,1.10774,0.3049281943027018,352.935,87.22720000000004,0.330323,-2.9874637070433225,0.682956,0.244571163476136,0.582838,84.72019999999998,350.88,-3.0480959309210296,0.713223,0.4422946780125806,2.05814,88.40213,4.00196
1687242664921,-3.33711928839311,1.10767,0.304868710997032,352.986,87.25720000000001,0.327277,-2.986703481451218,0.683108,0.2432371606054085,0.792088,85.56420000000003,350.941,-3.048098008903056,0.713187,0.4422535357959327,2.02947,88.37196,3.96502
1687242664976,-3.337023075696924,1.10773,0.3049690408305448,352.973,87.2382,0.307153,-2.985791140496325,0.684586,0.2400013911463731,0.369567,87.18020000000001,349.914,-3.0481448973221297,0.713228,0.4422072921352129,1.94543,88.39513,3.95681
1687242665033,-3.336754587007523,1.10761,0.3051295041178214,353.011,87.24519999999995,0.333459,-2.983491865643191,0.686288,0.2341910733926059,0.0351437,90.61243,349.045,-3.048017792406104,0.713112,0.4421011208569771,2.09705,88.45259,3.87256
1687242665088,-3.336546281446469,1.10739,0.3054464137510518,353.125,87.21619999999996,0.381126,-2.9809153296521607,0.687413,0.2267567463096127,359.904,94.42837,348.091,-3.04806045473599,0.713123,0.4422853270610223,2.01275,88.46695,4.04186
1687242665144,-3.3363564759226536,1.10722,0.305630332561207,353.229,87.19619999999998,0.517397,-2.979804464979353,0.687706,0.223150957197822,0.162049,95.58472,347.27,-3.047959221168377,0.71309,0.4423040824546037,2.04886,88.43825,3.96826
1687242665199,-3.336052543492415,1.1071,0.3056495790660692,353.213,87.18219999999997,0.432383,-2.9802464084239983,0.687951,0.2241015270436171,0.029618,95.07145,347.538,-3.04788194463572,0.713013,0.4423427391163897,2.05279,88.45814999999999,3.99928
1687242665255,-3.33606807800189,1.10695,0.30545111529251,353.345,87.27919999999995,0.342761,-2.981337160038078,0.687732,0.2278122717406265,359.745,93.13084,348.118,-3.0477871054207006,0.712959,0.4424552980933511,2.10727,88.47528,4.0549
1687242665311,-3.33613291300079,1.10679,0.3051937812230254,353.381,87.34512769999999,0.337397,-2.9820940112079604,0.686612,0.231340533826505,0.107525,91.89558,348.761,-3.04770151024119,0.712933,0.4424873365896412,2.11482,88.47479,4.03176
1687242665366,-3.3362612260043103,1.10694,0.3052060232011221,353.297,87.30319999999995,0.332367,-2.982483437716617,0.685543,0.2327944107966628,0.393602,91.10308,349.372,-3.047672097679792,0.712846,0.4426288671560642,2.10947,88.46321999999999,4.10799
1687242665422,-3.3364048726085582,1.10687,0.3053661498447143,353.324,87.1902,0.370604,-2.9820680585006927,0.685103,0.2319408046128884,0.790015,91.44045,349.245,-3.047657595185511,0.712866,0.4426826042722841,2.12958,88.46508999999999,4.09565
1687242665478,-3.336516524760796,1.10691,0.3054972111147402,353.315,87.13419999999996,0.458953,-2.981927397488824,0.682165,0.2331700288274807,2.11833,90.63513,349.973,-3.047627003285509,0.712823,0.442692045440342,2.11921,88.43901,4.08873
1687242665534,-3.33663850823647,1.10706,0.3054747611690324,353.215,87.13220000000001,0.417361,-2.9827286648955345,0.68062,0.2367702922876935,2.85935,90.44704,352.026,-3.047625616833554,0.712797,0.4426410544828007,2.05311,88.41741999999999,4.03173
1687242665588,-3.336794965029465,1.107,0.3053696884250608,353.259,87.1182,0.398518,-2.984640823243786,0.680513,0.2387814583701468,1.75745,89.14726999999999,350.671,-3.047683252701824,0.71287,0.4427174423528378,1.96617,88.45405,4.12772
1687242665643,-3.336913205308482,1.10708,0.3053164698820698,353.206,87.14520000000005,0.377493,-2.9851515069509427,0.680805,0.2406014646232253,1.73902,88.32517999999999,351.789,-3.0477775540745387,0.71292,0.4427430597513017,1.87103,88.43460999999999,4.1075
1687242665700,-3.336859998119058,1.10715,0.305328251367274,353.161,87.16719999999998,0.445257,-2.984986813582773,0.681045,0.2395642324725084,1.57462,89.0115,351.49,-3.047861007800756,0.712916,0.4427721883554643,1.80615,88.44426999999999,4.15464
1687242665754,-3.33673187431636,1.10718,0.3055167502298228,353.169,87.10919999999999,0.449445,-2.984902949518365,0.681025,0.2391414922937922,1.69511,88.7526,351.148,-3.047897011782417,0.712883,0.4425362461733422,1.68717,88.42233999999999,3.8909
1687242665811,-3.336550299100254,1.10709,0.3056711918346322,353.226,87.0702,0.448808,-2.984988894826853,0.681046,0.2391596924022767,1.58044,88.75945999999999,351.246,-3.0473831699260945,0.712291,0.4419316177364566,2.14953,88.51937,3.2682
1687242665867,-3.3351489547966247,1.10687,0.3057945295995951,353.328,87.05520000000001,0.467976,-2.9842169910364014,0.68058,0.2402911534394497,1.62582,88.35421,351.427,-3.046013255474973,0.712247,0.4417726365045892,2.53206,88.49423,3.05412
1687242665923,-3.303561209900991,1.10667,0.3081369457793026,353.448,87.0992,0.453455,-2.9531933431868653,0.681024,0.2429966031341163,1.33703,88.10025399999999,351.435,-3.013947183509214,0.711776,0.4431250614205045,3.08356,88.35234,2.16912
1687242665979,-3.270136422921845,1.10664,0.3118066621861673,353.429,87.07320000000004,0.521155,-2.9199851127473755,0.680884,0.2465876297020103,1.35654,88.09104099999999,351.506,-2.980711894411042,0.711838,0.4466727060913638,3.03343,88.32673,2.20269
1687242666035,-3.2364544691086605,1.1067,0.3160000147935218,353.426,86.99220000000003,0.512002,-2.886346360323614,0.680886,0.2502775607638864,1.36934,88.160855,351.352,-2.947145101396829,0.711852,0.4509159770608711,3.12435,88.39219999999999,2.4791
1687242666091,-3.2036308867675003,1.10659,0.3200893938110291,353.514,87.03920000000005,0.446336,-2.853527393526593,0.681043,0.2543308173722645,1.31125,88.179667,351.366,-2.9143056687440674,0.711816,0.4550452741107839,3.10979,88.34832,2.35209
1687242666146,-3.1705200724050977,1.10651,0.3240658571469731,353.567,87.14620000000002,0.420191,-2.820231525094428,0.680727,0.2586953026542739,1.44128,88.217029,351.464,-2.8810860137439094,0.711857,0.4591345936195189,3.14815,88.31465399999999,2.24067
1687242666202,-3.1375862066387668,1.10658,0.3280822927989501,353.493,87.18219999999997,0.385207,-2.7873622764314234,0.68108,0.2630377127984396,1.28154,88.098237,351.38,-2.8482065040575644,0.711907,0.4633647608512135,3.03609,88.36791,2.25965
1687242666257,-3.104401990245651,1.1065,0.3320965209525074,353.486,87.12720000000002,0.372895,-2.754048080021665,0.680843,0.266993406280446,1.31457,88.170864,351.482,-2.8150087191991187,0.711909,0.4671341056258971,3.0659,88.308674,1.94801
1687242666313,-3.0712640589776297,1.10661,0.3353083396524513,353.437,87.11220000000003,0.405278,-2.720804585630785,0.680963,0.2699882649087354,1.31662,88.17855,351.328,-2.7819297148542503,0.711966,0.4702424950198984,2.90764,88.311301,1.7778
1687242666369,-3.0378559062511616,1.10664,0.3351626575567589,353.432,87.13319999999999,0.416131,-2.6873646122519115,0.680991,0.2698599901701227,1.25787,88.17136699999999,351.383,-2.7486310220452443,0.711944,0.4696679239217017,2.73932,88.3352,1.24349
1687242666425,-3.0047426923173344,1.10655,0.3338965057865595,353.512,87.09820000000002,0.437206,-2.654078168583672,0.680735,0.2686378788496876,1.33024,88.156711,351.394,-2.715587484738008,0.712183,0.4680318984679197,2.54878,88.47838,1.04357
1687242666480,-2.971669073938514,1.10667,0.3288646453275018,353.428,87.10919999999999,0.377608,-2.6211941962490792,0.680855,0.2637821610893398,1.22217,88.08931299999999,351.511,-2.682455064717122,0.711964,0.4624882481620592,2.44153,88.33156,0.458245
1687242666536,-2.9398616097417936,1.10665,0.3183415854696849,353.431,87.12519999999995,0.407132,-2.5892710047430776,0.68074,0.2530217642559239,1.32121,88.201509,351.411,-2.6511456708163275,0.712256,0.4509822269528064,1.97653,88.82148,359.615
1687242666592,-2.9121465795392525,1.10656,0.3002627370704099,353.51,87.1132,0.436912,-2.561606277204109,0.681049,0.234550533693398,1.21032,88.226078,351.369,-2.623465308248631,0.712151,0.4325833068036155,1.94878,88.50881,359.37
1687242666647,-2.886009949975636,1.10664,0.2792591247533563,353.455,87.07219999999995,0.4318,-2.5356202372737644,0.680796,0.213399927170843,1.28151,88.221282,351.388,-2.597677520565604,0.712282,0.4108989435420553,1.92357,88.70541999999999,358.877
1687242666703,-2.861142138200888,1.10671,0.2570034256547347,353.478,87.02020000000005,0.44233,-2.5109890625823623,0.680892,0.19119721113399,1.21189,88.17004999999999,351.424,-2.572978983465522,0.712242,0.3882838268312251,1.79086,88.78338,358.645
1687242666758,-2.8395195951458345,1.10668,0.231570340529317,353.521,87.00720000000001,0.484876,-2.489266160047463,0.680835,0.1657609264922113,1.23063,88.15644599999999,351.441,-2.55136378694763,0.712215,0.3625607907746281,1.78835,88.67228,358.448
1687242666814,-2.8189355000672336,1.10685,0.2053998513051382,353.428,87.00319999999999,0.5053,-2.4685237877378454,0.680721,0.1393979274840066,1.27312,88.194637,351.407,-2.5307296920261844,0.71221,0.3363294715568646,1.74216,88.77168999999999,358.487
1687242666871,-2.802369224701158,1.10723,0.1764438832712792,353.182,86.89319999999998,0.473331,-2.4520011017795427,0.680975,0.1102867738642869,1.18576,88.16099,351.376,-2.514108046264607,0.712205,0.3072428733303585,1.75431,88.74947999999999,358.491
1687242666925,-2.792337271941305,1.10808,0.1450170480971515,352.765,86.79920000000004,0.402411,-2.441801476866756,0.680546,0.0788024540937323,1.37738,88.20789099999999,351.452,-2.5040503956230946,0.71224,0.275989866327061,1.73288,88.77445999999999,358.811
1687242666981,-2.790425897818585,1.10996,0.1116172620821997,352.224,86.85919999999999,0.0741487,-2.439753571485922,0.680802,0.0456638977687509,1.25878,88.127281,351.377,-2.5019814163217613,0.712305,0.2427647008808813,1.74268,88.80055,358.801
1687242667036,-2.796358526953401,1.11064,0.0787521569465477,351.769,86.90520000000004,359.993,-2.445415629441464,0.680669,0.0127950496153445,1.39197,88.199547,351.432,-2.5079323887232645,0.712477,0.2108493832424113,1.71726,88.83699,359.63
1687242667092,-2.8117606632917376,1.1097,0.048950235701964,352.17,86.72619999999995,0.264597,-2.459924640108006,0.681034,-0.0174654444682939,1.2679,88.17421399999999,351.414,-2.522618283411647,0.712057,0.1816085318818957,1.76048,88.82190999999999,0.884241
1687242667147,-2.832657100179269,1.10992,0.0221493354479346,351.841,86.46820000000002,0.258197,-2.479551169767099,0.681441,-0.0452095952702441,1.13879,88.269241,351.411,-2.5420082389088607,0.712355,0.1543066300549938,1.70175,88.77541,0.410067
1687242667203,-2.858092286921626,1.11032,-0.001284699655531,351.66,86.16420000000005,0.158297,-2.5031168532399857,0.681459,-0.0694295175676063,1.19839,88.34219999999999,351.323,-2.565690378026642,0.712427,0.1329587040272623,2.06239,88.60164999999999,3.15213
1687242667258,-2.88724665539969,1.1109,-0.0191633585858342,351.559,85.68820000000005,0.224742,-2.5310812833218126,0.681526,-0.0875270295479735,1.17223,88.273291,351.357,-2.593442341871518,0.712245,0.1147920537929714,2.29292,88.79182,3.78641
1687242667314,-2.9194939818616685,1.11145,-0.0298249428052879,351.259,85.51520000000005,0.160712,-2.5626249955274414,0.681462,-0.0980719668627906,1.18767,88.23252099999999,351.442,-2.6250307915912634,0.712563,0.1038128487671389,2.12339,88.77399,3.58156
1687242667371,-2.953083792382439,1.11196,-0.0344556219501788,350.863,85.54819999999995,0.341844,-2.5956729564639183,0.681504,-0.1027744113119769,1.17715,88.21098099999999,351.422,-2.657688284220176,0.712346,0.1001357893679642,2.49702,88.6079,4.61963
1687242667426,-2.986226466222032,1.11229,-0.0366953337398917,350.658,85.5752,0.448484,-2.628746378573531,0.681378,-0.1052103087841306,1.21916,88.258612,351.454,-2.6911781263836625,0.712448,0.0978060313735328,2.26265,88.72022,4.62653
1687242667482,-3.0192978229485274,1.11252,-0.0363888807813355,350.639,85.44920000000002,0.421452,-2.6621280919551213,0.681286,-0.1051130206482341,1.24526,88.24212999999999,351.419,-2.724535722388663,0.712491,0.0979655155876529,2.37402,88.66297999999999,4.79987
1687242667537,-3.051782024570212,1.11271,-0.0325721727425317,350.572,85.49220000000003,0.387589,-2.695222159992463,0.681241,-0.1010162506101268,1.26834,88.20321,351.51,-2.7576689214263874,0.712553,0.1018717468769215,2.31526,88.65738999999999,4.88149
1687242667592,-3.083242790196881,1.11248,-0.0238219442750589,350.592,85.57820000000004,0.317358,-2.727176965344836,0.681019,-0.0920287195258831,1.3016,88.17460299999999,351.545,-2.7896114105327934,0.71247,0.1109810873207616,2.46668,88.66257999999999,5.26586
1687242667649,-3.1135464388483425,1.11211,-0.0102176914286961,350.713,85.5992,0.418481,-2.757773093376826,0.68109,-0.0786541077604827,1.24463,88.17910599999999,351.563,-2.8201891487143715,0.712541,0.1245188377492736,2.50651,88.74776,5.43425
1687242667704,-3.143094775189203,1.11224,0.0047800790311497,350.667,85.55420000000004,0.422781,-2.7874488605784404,0.680931,-0.0641012343541531,1.32861,88.24431299999999,351.578,-2.850140068016391,0.712509,0.1392609489204465,2.45251,88.81097,5.47687
1687242667760,-3.17280644554015,1.11233,0.0200570591707365,350.691,85.46019999999999,0.361832,-2.817393109577921,0.681051,-0.0493796301182087,1.28769,88.26153699999999,351.517,-2.88003530641377,0.712435,0.1535986252974361,2.65471,89.02853999999999,5.04209
1687242667815,-3.203904350085937,1.11209,0.0313674008331771,350.721,85.4642,0.418878,-2.848530015187316,0.680914,-0.0381621141905482,1.33988,88.27794999999999,351.586,-2.9122748664978064,0.712811,0.1632008003602781,1.61966,89.41089,3.72511
1687242667872,-3.2374032167639406,1.11171,0.0306436004392962,350.799,85.41319999999996,0.520894,-2.88214189339483,0.680948,-0.0387685819193369,1.30584,88.21051,351.603,-2.9454449221758003,0.712601,0.1615394429631315,1.99335,89.18739,2.80293
1687242667927,-3.27046251355322,1.1114,0.0257009358011266,350.9,85.45519999999999,0.485288,-2.915334714166116,0.68107,-0.0435513667316092,1.27062,88.197108,351.597,-2.978623456261601,0.712723,0.1567722434201177,1.77578,89.26776,2.76251
1687242667983,-3.302703362210971,1.11124,0.0161033169210212,351.062,85.67219999999998,0.44932,-2.947521344078992,0.680981,-0.0526200208111804,1.34335,88.211193,351.583,-3.0107395078483736,0.712666,0.1470942235227618,1.772,88.97312,2.29662
1687242668038,-3.3328224127840085,1.11127,0.0008643549560816,350.996,85.82320000000004,0.337534,-2.97782186596276,0.681185,-0.0671155268660072,1.30762,88.149581,351.53,-3.040918707647257,0.712763,0.131889115324675,1.56034,89.07194,1.62915
1687242668094,-3.360615140776406,1.1113,-0.0178888434379008,351.065,85.7912,0.183329,-3.0056250233254627,0.681084,-0.0852803791761792,1.33029,88.142218,351.574,-3.068532294025111,0.712601,0.1133530232918124,1.6508,88.93082,1.47661
1687242668150,-3.3858765579972463,1.11116,-0.0402121147060022,351.199,85.8732,0.00815239,-3.030743032989934,0.681088,-0.1072455411133824,1.33501,88.137502,351.481,-3.093576461453861,0.712589,0.0911150164825233,1.66839,88.90568999999999,1.02397
1687242668206,-3.409922258940464,1.11106,-0.0634613267545958,351.355,85.97720000000004,359.97,-3.054757396685399,0.680892,-0.1302254227110365,1.39668,88.124241,351.554,-3.1175900701155475,0.712539,0.0680976291529874,1.71318,88.85408,0.993334
1687242668261,-3.429549997280565,1.11089,-0.0899595780209093,351.481,85.98919999999998,359.968,-3.0744627929217607,0.680796,-0.1568140510787881,1.43875,88.142597,351.538,-3.1371081631364293,0.712389,0.0412289547971002,1.85285,88.86138,0.595061
1687242668316,-3.4443593651929274,1.11026,-0.1193108604013076,351.823,85.94719999999995,0.0696122,-3.0894326124327187,0.68096,-0.1866789771853597,1.38358,88.141961,351.533,-3.151973833948896,0.712373,0.0117053734701908,1.90183,88.90397,0.845185
1687242668373,-3.4401850350640046,1.10936,-0.1512199366897603,352.186,85.81719999999996,0.16717,-3.085606150679068,0.680721,-0.2192532488618713,1.4517,88.163353,351.582,-3.148053828524343,0.712254,-0.0208783333339934,1.99665,88.89889,0.819959
1687242668429,-3.425318799280655,1.10886,-0.1805704276231632,352.381,85.7002,0.298198,-3.0712560341865345,0.680981,-0.2492482649460999,1.37608,88.15349499999999,351.489,-3.133156922525833,0.712165,-0.0505567286258638,2.39821,88.90378,1.21204
1687242668485,-3.397972653007004,1.10858,-0.1989170695539189,352.565,85.28120000000001,0.356904,-3.044275323073106,0.680744,-0.2684878561464523,1.43235,88.182271,351.589,-3.10582324427814,0.712051,-0.0697659777411066,2.76302,88.82884999999999,0.971341
1687242668541,-3.3665770723994872,1.10823,-0.2097346338553486,352.801,84.80619999999999,0.330096,-3.0132299574232846,0.68078,-0.2802967955592836,1.42929,88.162438,351.532,-3.074275939245418,0.711901,-0.0800438650105105,3.05965,88.42483999999999,2.25649
1687242668596,-3.3330233667759086,1.10806,-0.2112443132670114,352.835,84.50319999999999,0.34843,-2.9799821166189275,0.680925,-0.2824835918273771,1.40182,88.178674,351.501,-3.0405513440828136,0.712117,-0.0811238513708547,3.53617,88.3729,3.41044
1687242668653,-3.299227561591845,1.10808,-0.2087663110060581,352.761,84.51019999999994,0.299414,-2.9465300423897265,0.680683,-0.2800856640865234,1.50546,88.226664,351.502,-3.0074256648199307,0.711971,-0.0784899314141079,3.33125,88.41937999999999,3.46277
1687242668708,-3.2657404441966253,1.1079,-0.2034396076752006,352.926,84.88120000000004,0.218969,-2.913860725673133,0.680887,-0.2738672748403132,1.399,88.108942,351.477,-2.974761920818591,0.71203,-0.0712331664195076,3.25537,88.07357599999999,4.52233
1687242668764,-3.235460971641644,1.10767,-0.189031995350124,352.938,85.23519999999996,0.0815479,-2.8846388188614283,0.680619,-0.2583134923171216,1.49449,88.118545,351.529,-2.9455016803943463,0.711914,-0.0542531300815447,3.51586,88.44543999999999,6.73865
1687242668819,-3.2237444734191283,1.10777,-0.1588793328025843,352.95,85.32820000000004,359.855,-2.8737333888064427,0.680914,-0.2276737717861547,1.36611,88.05255299999999,351.53,-2.9342386302403667,0.711724,-0.0229768864364685,3.92647,88.296695,7.14996
1687242668873,-3.231840515468944,1.10776,-0.1271112143760984,352.942,85.25519999999995,359.755,-2.882391188349649,0.680799,-0.1960458511539434,1.41592,88.098525,351.533,-2.9431116434970006,0.711837,0.0086505677704198,3.79204,88.36452,6.75558
1687242668930,-3.25003675908983,1.1077,-0.0997124762591104,352.931,85.37819999999999,359.784,-2.900882568029997,0.680992,-0.1686104869737617,1.36077,88.11436499999999,351.475,-2.9617298027653725,0.711755,0.0365058618210092,3.94845,88.6074,7.07978
1687242668985,-3.273769223023874,1.10765,-0.0761981539118706,352.962,85.36220000000003,359.897,-2.9246105582288497,0.681062,-0.1449779059604825,1.30005,88.076781,351.492,-2.985649477933356,0.711746,0.0601058417206704,3.79621,88.63188,7.25505
1687242669041,-3.3002969076707744,1.10783,-0.0548860201640574,352.946,85.37620000000004,0.011859,-2.950827106295283,0.68109,-0.1233513957684252,1.26253,87.93213399999999,351.525,-3.011786486245175,0.711763,0.0810812595710157,3.78618,88.76744,7.14248
1687242669096,-3.327273882899867,1.10805,-0.0342006415116871,352.811,85.34720000000004,0.134263,-2.9771736777743607,0.681552,-0.1028010097857347,1.0297,87.839253,351.402,-3.0380186058105565,0.711825,0.1014108570362258,3.83664,88.82070999999999,7.05172
1687242669152,-3.3551405572288635,1.1085,-0.0135077438519853,352.591,85.28719999999998,0.32598,-3.003894697194037,0.681643,-0.0822813174341207,1.0685,87.779389,351.393,-3.065005751015742,0.711892,0.1217345877684165,3.71398,88.94690999999999,7.0462
1687242669209,-3.3831448768783967,1.10861,0.0068767856438853,352.584,85.17819999999995,0.472164,-3.03091035797169,0.681719,-0.0620096101375407,1.00602,87.739381,351.484,-3.091904625971027,0.711946,0.1417356611578565,3.74487,88.96007,7.08003
1687242669264,-3.4109050201872284,1.10903,0.0271957462786832,352.398,85.0462,0.535444,-3.058056501212969,0.68202,-0.0419093309894874,0.905325,87.60264099999999,351.411,-3.11906903343798,0.712039,0.1616273577849247,3.63047,88.92166999999999,7.06489
1687242669320,-3.438349818056516,1.10916,0.0472376062536677,352.289,84.95719999999994,0.615894,-3.084849042982373,0.681876,-0.0221719771270279,0.982682,87.66494399999999,351.52,-3.145977283832707,0.712233,0.1810992091916028,3.52072,88.90983,6.86118
1687242669375,-3.465803087572554,1.10907,0.0669958533575176,352.33,84.99620000000004,0.683495,-3.1120452413336985,0.682138,-0.0025610375761868,0.919742,87.616535,351.416,-3.17268387048556,0.71243,0.1994043196285403,3.65214,88.64376999999999,5.11913
1687242669431,-3.4876501504028936,1.10918,0.0904902587227204,352.212,85.09619999999995,0.782933,-3.133749450457175,0.681853,0.0213289622389713,0.98498,87.594596,351.547,-3.1944892731236805,0.712457,0.2234457521765999,3.45992,88.64466999999999,5.6324
1687242669488,-3.468783958555208,1.10921,0.117497823582079,352.238,85.23320000000001,0.820592,-3.114937560545589,0.681886,0.0487543545720984,0.958096,87.548384,351.506,-3.1749228363977555,0.712097,0.2497653257565079,3.99993,88.48165,4.55349
1687242669543,-3.4457410454676296,1.10919,0.1414633107790506,352.253,85.38120000000004,0.84505,-3.09207848554716,0.681941,0.0731867243002038,0.947142,87.520478,351.549,-3.1519434531051003,0.712178,0.2743435821678311,4.00051,88.55073,4.86613
1687242669599,-3.420091506178295,1.1092,0.1626762157643216,352.2,85.64319999999998,0.744464,-3.066638253228513,0.681656,0.0948460081541746,1.06299,87.59994599999999,351.536,-3.126417022878253,0.712006,0.2958296080331778,4.17946,88.52284,4.68256
1687242669654,-3.3908464129071976,1.10896,0.1792487461523484,352.379,85.88220000000001,0.779815,-3.037872746492557,0.681856,0.1119864389642924,0.977588,87.562317,351.522,-3.0975050497446284,0.712039,0.3124717439964893,4.25872,88.45922999999999,4.04894
1687242669711,-3.3592209948010656,1.1085,0.1912797664213287,352.562,86.13319999999999,0.686265,-3.006639109257802,0.681379,0.1246343300700146,1.14743,87.607992,351.607,-3.066463926656191,0.711982,0.325019220992308,4.25768,88.46175,4.07378
1687242669766,-3.32700918938923,1.10808,0.2013197446216568,352.713,86.37620000000004,0.671345,-2.975014629215482,0.681524,0.1351272016990299,1.07253,87.56392299999999,351.542,-3.0347813824225023,0.711954,0.335298274381501,4.17632,88.38996,3.81985
1687242669822,-3.294493375581639,1.10795,0.2102069133843547,352.757,86.49419999999998,0.726526,-2.942812888861305,0.681366,0.1444255106571119,1.09557,87.522415,351.631,-3.002520570934807,0.711946,0.3442971184648734,4.2158,88.37473,3.72126
1687242669877,-3.2622019220252456,1.10793,0.2184413545132214,352.803,86.54920000000004,0.746567,-2.910432880473299,0.6812,0.1527613396058735,1.13319,87.524526,351.579,-2.9701673726240445,0.711952,0.3525641181338321,4.25389,88.39425999999999,3.73761
1687242669934,-3.2298374407822243,1.10813,0.2265219935483392,352.721,86.50120000000004,0.749993,-2.877854569535134,0.681262,0.1607629633489611,1.08523,87.540509,351.6,-2.937644809262146,0.711995,0.3603666165451801,4.20274,88.35168,3.57031
1687242669990,-3.197173913596143,1.10821,0.2336047809987988,352.642,86.36119999999994,0.825171,-2.844858295270638,0.680852,0.1676045169462913,1.21933,87.575858,351.65,-2.9048034896083914,0.712012,0.3670325304300018,4.17506,88.35472999999999,3.40888
1687242670045,-3.1644722746222778,1.10821,0.2393504051993167,352.728,86.27919999999995,0.81606,-2.8120728137463447,0.680997,0.1732314627256969,1.1339,87.510516,351.623,-2.8719301992197024,0.711947,0.3724304325163409,4.14872,88.32691,3.2566
1687242670101,-3.1317381466628142,1.10825,0.2442304702269624,352.724,86.24419999999998,0.864507,-2.778948806704405,0.680729,0.1780783367433028,1.20637,87.53512699999999,351.668,-2.839017758982633,0.712096,0.3769637680561216,4.00942,88.37289,3.02349
1687242670156,-3.0989608674276945,1.10847,0.2475367788012978,352.555,86.21519999999998,0.934287,-2.745712616170669,0.680651,0.1812561687828071,1.20995,87.50245199999999,351.621,-2.805802588749172,0.712034,0.3794573681196292,3.8677,88.44095,2.31663
1687242670212,-3.065971405832406,1.10868,0.2489452024814861,352.462,86.0942,0.938942,-2.7123249972673973,0.680679,0.182612818302457,1.16288,87.46747599999999,351.666,-2.772411815358168,0.712102,0.38042594047014,3.7287,88.45196999999999,2.06274
1687242670268,-3.0330458662190014,1.10889,0.2494591406617622,352.342,86.00620000000004,0.985692,-2.678991225490321,0.680505,0.1830415469489672,1.24227,87.470221,351.683,-2.739054427288332,0.712117,0.3807351428822234,3.71733,88.40019,1.95851
1687242670324,-2.999803895933862,1.10914,0.2497550917467827,352.254,85.94420000000002,1.02057,-2.645579004250111,0.680644,0.1832399041571442,1.16471,87.433741,351.638,-2.7057292222667257,0.712196,0.3802262561878464,3.39338,88.54941,1.31465
1687242670378,-2.9666238143199,1.10931,0.2495545961085003,352.148,85.80920000000003,1.07369,-2.612184822894247,0.680497,0.182768615977204,1.23882,87.45060699999999,351.66,-2.672413709922884,0.712242,0.3798315723586145,3.37537,88.41655,1.35672
1687242670434,-2.933362388094816,1.10948,0.2488901426350535,352.088,85.72019999999998,1.08994,-2.5787928804617173,0.680415,0.1817883012937391,1.25939,87.452868,351.637,-2.6391486244514,0.712269,0.3786528071739304,3.05548,88.38064999999999,0.9783
1687242670491,-2.899920713084366,1.10943,0.2467136417611634,352.129,85.68619999999999,1.07411,-2.545341055138628,0.680461,0.1794805415182335,1.22916,87.42689299999999,351.619,-2.6057003109929084,0.712298,0.3763131482321811,3.07038,88.33761,0.952454
1687242670546,-2.866558471954748,1.1093,0.2438172301257237,352.207,85.68619999999999,1.09934,-2.51193190280033,0.680103,0.1766063683382316,1.35371,87.433593,351.719,-2.5727536111727005,0.712553,0.3733309271067452,2.45756,88.24714399999999,0.994663
1687242670602,-2.8329469673511336,1.10925,0.2409350669950892,352.268,85.64819999999997,1.13351,-2.478466111835324,0.680325,0.1735821144270243,1.27245,87.3862862,351.646,-2.53913213589329,0.712386,0.3701674024008661,2.58721,88.167671,0.914903
1687242670658,-2.799627958733556,1.10916,0.2384961386021975,352.362,85.5992,1.12846,-2.445180606328683,0.68037,0.1709136978852935,1.27304,87.38623,351.636,-2.5056431197129982,0.712414,0.368155623023565,2.67522,88.20975899999999,1.47871
1687242670713,-2.766152761110801,1.10921,0.2374247263407281,352.339,85.5652,1.18853,-2.411816000336952,0.680328,0.1696150243496322,1.30935,87.4078272,351.672,-2.472246925583697,0.712294,0.3668451139665878,2.7537,88.23407999999999,1.31578
1687242670769,-2.732645850604899,1.10901,0.236754092251145,352.552,85.56320000000005,1.11488,-2.378487810038913,0.680591,0.1687482165174088,1.23161,87.3910722,351.653,-2.438560606692748,0.712142,0.3665184475519026,3.11351,88.42786,1.82481
1687242670825,-2.699442876960429,1.10872,0.2372291447723563,352.693,85.50519999999995,1.11449,-2.345041048438268,0.680701,0.1689320427030602,1.23105,87.453942,351.636,-2.404917826556154,0.711855,0.3674120186026745,3.53775,88.42567,2.51266
1687242670880,-2.6661430383738898,1.10849,0.2381704831558081,352.852,85.50019999999995,1.08324,-2.311536601343085,0.680754,0.1697240475477779,1.20062,87.454408,351.583,-2.3714331176870656,0.711839,0.3681338234300799,3.60203,88.46082,2.17866
1687242670935,-2.633209826200932,1.10822,0.2389524992648393,352.991,85.5412,1.07381,-2.2782781581499174,0.680777,0.1705963941272703,1.17876,87.46123399999999,351.625,-2.338072786414209,0.711444,0.3703579148335745,4.23063,88.78705,3.99128
1687242670992,-2.605629830024027,1.10819,0.2401537027315402,353.045,85.56420000000003,1.0789,-2.2504904576963343,0.680736,0.1718216085570832,1.20573,87.483154,351.593,-2.3103997442314554,0.711553,0.3713165747831581,4.21611,88.6711,3.40312
1687242671046,-2.602778006786821,1.10828,0.2401355247476219,353.071,85.60919999999999,1.01734,-2.2478817217792404,0.680964,0.1717910574207325,1.13699,87.48676599999999,351.586,-2.307765712355386,0.711439,0.3716223748835519,4.34195,88.61285,3.56476
1687242671102,-2.60942518408156,1.10807,0.2391294656828377,353.151,85.64319999999998,1.04939,-2.254511616479589,0.680877,0.1705206573989795,1.16851,87.546979,351.538,-2.314688459151117,0.711389,0.3720310152008708,4.47435,88.63568,5.06102
1687242671157,-2.6426498682460595,1.10803,0.2361873728053913,353.155,85.72220000000004,1.01363,-2.2878276504773742,0.681038,0.1676480479753815,1.12162,87.54835,351.491,-2.348270039721341,0.711333,0.3693563022852407,4.11826,88.77017,5.21067
1687242671213,-2.6758785368949405,1.10811,0.2366938242825393,353.168,85.74620000000004,0.93119,-2.321210660182904,0.680879,0.1683848127101437,1.1703,87.57268499999999,351.562,-2.382097941995513,0.711674,0.3703369255084054,4.4488,88.43961999999999,4.82015
1687242671269,-2.7081278467647114,1.10807,0.2435273087268717,353.226,85.87720000000002,0.867843,-2.3537795209029224,0.680955,0.1755668226373405,1.13451,87.52053,351.517,-2.414358151491034,0.711464,0.3771487664719982,4.13515,88.74208999999999,5.16706
1687242671325,-2.740759017290538,1.10786,0.2507428091299411,353.291,85.92819999999995,0.890938,-2.386539136479754,0.681008,0.1828786308436882,1.12169,87.53271799999999,351.543,-2.447127258367014,0.711524,0.3845777589999956,4.21238,88.84604999999999,5.23639
1687242671380,-2.772916946826304,1.10765,0.2580837426050204,353.376,85.9402,0.867447,-2.418949445684276,0.680914,0.1901490829538633,1.17705,87.51408699999999,351.507,-2.47961716934986,0.711555,0.3919661170340576,4.143,88.88065999999999,5.34475
1687242671435,-2.804950827992248,1.10753,0.2653062077069001,353.442,85.95920000000001,0.794653,-2.4517131046324465,0.681053,0.197638357090575,1.07698,87.431968,351.559,-2.512243126228763,0.711559,0.3990373742570932,4.12578,88.85199,5.15659
1687242671491,-2.837113619011766,1.1069,0.2722882528673875,353.803,86.17520000000002,0.665555,-2.4842737365649983,0.680807,0.2048920518406377,1.15307,87.48908999999999,351.582,-2.544935368511471,0.711665,0.4064079412696122,4.10988,88.89343,5.22407
1687242671547,-2.869656471597068,1.10673,0.2769596169457269,353.782,86.4932,0.651189,-2.517210678205905,0.680812,0.210229582747296,1.13574,87.479376,351.555,-2.5779615300750653,0.711707,0.4114915212845698,4.0576,88.84141,4.95376
1687242671603,-2.902433096952806,1.10683,0.2796950260660837,353.703,86.72919999999999,0.603332,-2.5504689301106,0.680806,0.2137239860069186,1.09901,87.46617099999999,351.587,-2.611175658395612,0.711777,0.4148987929235147,4.02865,88.89465,4.90676
1687242671658,-2.935616020954195,1.10661,0.2814390689984388,353.797,86.8972,0.564962,-2.5838162146829866,0.680801,0.216083372942954,1.09701,87.46364799999999,351.604,-2.644514015629928,0.711829,0.4172813227339386,3.98683,88.91421,4.89844
1687242671714,-2.968846546940469,1.1065,0.2783843132191591,353.845,86.94719999999995,0.515037,-2.61695520531536,0.680862,0.2132544977320297,1.10992,87.493062,351.572,-2.678111355226185,0.712129,0.4126959874929236,3.44396,89.24525,3.16113
1687242671770,-3.001333679410552,1.10666,0.2703594839523142,353.738,86.93020000000001,0.454304,-2.6493437643301405,0.680882,0.2053159262150282,1.09877,87.510796,351.528,-2.710868569894424,0.712204,0.4048269494151693,3.06149,89.28264999999999,3.21637
1687242671826,-3.0315055399366337,1.10683,0.2556341997786629,353.637,86.86919999999998,0.45672,-2.6792554831923265,0.680922,0.1907348110915986,1.0616,87.488697,351.532,-2.7407736557385,0.712246,0.3895482811302739,3.01773,89.20770999999999,2.56297
1687242671881,-3.058683423438941,1.10703,0.2355826415070188,353.554,86.88819999999998,0.442825,-2.7060453690227364,0.680841,0.1707436942840798,1.09488,87.504544,351.553,-2.7675081905689387,0.712285,0.3683108892661154,2.88049,89.27711,1.24211
1687242671937,-3.0813374304745635,1.10705,0.2109224866890688,353.54,86.9162,0.45895,-2.7284185103683902,0.681057,0.1460031850971891,1.03193,87.511657,351.5,-2.7900282031197423,0.712241,0.3436069506835109,2.70973,89.1105,1.13835
1687242671993,-3.0969473292616554,1.10718,0.1815366317200321,353.439,86.84519999999998,0.495298,-2.743806424018777,0.680996,0.116436832217995,1.04907,87.50884599999999,351.518,-2.80532614972045,0.712313,0.3137440812112365,2.72379,89.18343999999999,0.866503
1687242672049,-3.102620152899579,1.10731,0.1493831468438536,353.373,86.6902,0.569323,-2.749204417836798,0.681015,0.0838080804743695,1.01975,87.490591,351.525,-2.81045595966766,0.712167,0.2806686840809373,2.78284,89.05933999999999,0.355453
1687242672104,-3.101758758456796,1.10769,0.1165090727243857,353.185,86.51419999999996,0.772238,-2.747949760484661,0.680994,0.0503966618689088,1.04042,87.50832,351.546,-2.8090381960534314,0.712084,0.2472160491283965,2.89121,89.05041,0.308538
1687242672160,-3.0920025140927105,1.10813,0.085577641989181,352.998,86.24919999999997,0.840043,-2.73786729750905,0.680856,0.0189187128310114,1.08905,87.45553,351.569,-2.798722770091863,0.711966,0.2150174074464589,2.93882,88.97269999999999,359.629
1687242672216,-3.0745543333333467,1.10825,0.0582448363140032,353.014,85.99220000000003,0.907356,-2.7201570575962704,0.680803,-0.0089095280897947,1.06827,87.4154441,351.608,-2.780786483412251,0.711916,0.1867017056459865,3.07915,88.81092,359.294
1687242672273,-3.051119127542568,1.10818,0.0348672609473295,353.039,85.83119999999997,0.985543,-2.696360480334812,0.680589,-0.0327141989037384,1.14003,87.430323,351.609,-2.7566197524521576,0.711831,0.1627313662490622,3.43036,88.77664999999999,359.259
1687242672329,-3.02381956847214,1.10813,0.0165459423461634,353.053,85.7192,1.00472,-2.669022550253506,0.680588,-0.0513718108648214,1.14239,87.39486529999999,351.615,-2.728996217775027,0.711636,0.1451151522065693,3.60833,88.76221,0.778878
1687242672384,-2.993130630257045,1.1078,0.0035155451598376,353.312,85.61419999999998,1.01465,-2.638670988255128,0.680649,-0.0646115868592775,1.13544,87.36720779999999,351.639,-2.6984203890030933,0.71168,0.1314045502843236,3.78986,88.71351999999999,0.132407
1687242672439,-2.9598561821686453,1.10771,-0.0023650589702114,353.465,85.58619999999996,0.965642,-2.605791515516957,0.680599,-0.0708675654727576,1.1783,87.3732119,351.653,-2.665491442126125,0.711623,0.1255458204085258,3.86017,88.79911999999999,0.406637
1687242672495,-2.9260957396257696,1.10727,-0.0061010622284931,353.727,85.62220000000002,0.955478,-2.572509388780864,0.680701,-0.0750227891755341,1.19414,87.3877019,351.595,-2.632197279904125,0.711561,0.1221170546584754,3.99998,88.78265999999999,0.947635
1687242672551,-2.892204524903136,1.10638,-0.0087317515582222,354.25,85.61019999999996,0.863884,-2.5393106499035003,0.680778,-0.0779802143677217,1.19799,87.4068066,351.569,-2.59945842359616,0.711613,0.1212630219124006,4.02497,88.82227999999999,3.01599
1687242672607,-2.8582164525513183,1.10529,-0.0084623500105763,354.765,85.64319999999998,0.764481,-2.5059238045269208,0.680882,-0.0777820311789894,1.17624,87.3783438,351.531,-2.565580930814488,0.711361,0.1229982356421034,4.6086,88.64013,4.44219
1687242672663,-2.844548425459829,1.10456,-0.0077564202031023,355.138,85.72820000000002,0.779345,-2.4928751072621687,0.680867,-0.0767970430906605,1.17208,87.4076874,351.566,-2.55302873057407,0.711807,0.1247946897770587,4.01243,88.304182,5.46221
1687242672716,-2.858665040402468,1.10451,0.0143832597087283,355.3,85.7242,0.731171,-2.507826471465915,0.681109,-0.0547186028553529,1.13537,87.427296,351.516,-2.5678158776175195,0.711564,0.1480268733825593,4.23141,88.49304,6.95593
1687242672773,-2.8818272989889366,1.10331,0.0376825461160752,356.008,85.74419999999998,0.605781,-2.5317948681210867,0.681225,-0.0317730380208392,1.11622,87.506491,351.408,-2.591944977721454,0.711689,0.170577489610852,4.37102,88.75997,5.59702
1687242672828,-2.9062253174993,1.10288,0.0593052660448834,356.137,85.81619999999998,0.480566,-2.557054951143272,0.681168,-0.0100900023199784,1.15476,87.520484,351.394,-2.6176759990987244,0.711716,0.1928468403769372,3.95718,88.76962999999999,6.38451
1687242672884,-2.9311747752828663,1.10216,0.0799613370578019,356.503,85.8972,0.507269,-2.583373931211692,0.681408,0.0113512330648316,1.04148,87.3761206,351.373,-2.643421849677168,0.711623,0.2133152173199792,4.38045,89.17054999999999,6.03381
1687242672939,-2.957357665610129,1.10189,0.0994515937906417,356.721,86.07619999999997,0.304783,-2.6102616732486306,0.681512,0.0310933583168766,1.01498,87.31020000000001,351.367,-2.6703740581648545,0.71174,0.2328520026423273,4.22751,89.24803,5.78362
1687242672995,-2.985865769364496,1.10146,0.116002898112839,356.946,86.24120000000005,0.0783794,-2.6387498217042333,0.681537,0.0474707656705804,1.09246,87.468961,351.298,-2.6994455921646434,0.711699,0.2489674373508273,3.99369,88.96937,5.28041
1687242673051,-3.017277126036684,1.1007,0.1261808640648037,357.294,86.33420000000001,359.985,-2.670143003452286,0.681557,0.0577095582633588,1.14531,87.482542,351.169,-2.730750935635033,0.711747,0.258912416742784,4.13011,89.17047,4.76379
1687242673107,-3.05016461048851,1.10043,0.1285774384945633,357.359,86.40919999999994,0.0134866,-2.703287652871564,0.681427,0.0605269752142776,1.19751,87.485378,351.229,-2.76416243646033,0.711762,0.261506608298406,4.03403,89.14007,4.80699
1687242673162,-3.0831505704120703,1.09993,0.1265652634240821,357.696,86.5122,0.00740205,-2.736685610146882,0.681364,0.0589797491584682,1.20732,87.438037,351.234,-2.797483413614424,0.711832,0.2588284450423348,3.93227,89.0206,3.81762
1687242673218,-3.116048063513756,1.09965,0.1222015988391013,357.917,86.67819999999995,359.849,-2.7698873238175232,0.68139,0.0550263246200748,1.21745,87.3532298,351.209,-2.830599777327618,0.711869,0.2549336766610254,3.95107,89.1216,3.98466
1687242673273,-3.1490322431423428,1.0995,0.1150856085029503,357.946,86.89620000000002,359.758,-2.802652314510605,0.681357,0.048317651893354,1.27068,87.3755138,351.171,-2.863252746194704,0.711959,0.247885071366726,3.94955,89.00796,3.43966
1687242673330,-3.1805027284531584,1.09949,0.1027736717816433,357.997,87.03620000000001,359.755,-2.833846363404531,0.681422,0.0365972289279196,1.23093,87.29819999999995,351.158,-2.893896321883181,0.711997,0.2359749874140466,4.08047,88.62554,3.2617
1687242673387,-3.198222328691754,1.09958,0.0761544133844403,358.048,87.0942,359.664,-2.8515622287223508,0.681374,0.0103664353535664,1.23262,87.27419999999995,351.186,-2.9112944403251304,0.711989,0.2096928992700538,4.02754,88.73813,3.35914
1687242673443,-3.184303933183036,1.09878,0.0535332451067182,358.564,87.11119999999994,359.659,-2.8376681405992987,0.681316,-0.0123021807490064,1.235,87.28719999999998,351.147,-2.896679824563869,0.711953,0.1871153831816205,4.23106,88.71101,3.37998
1687242673497,-3.1513719611297373,1.09919,0.0467936162216071,358.22,87.24519999999995,359.684,-2.805435801374976,0.681321,-0.0192050032610883,1.21308,87.30520000000001,351.119,-2.863543093622164,0.712025,0.1804605320016102,4.95707,88.89228,3.33465
1687242673553,-3.117648684086439,1.09878,0.0473164410299491,358.529,87.10820000000001,359.915,-2.77197592448257,0.681227,-0.0192420918968346,1.25375,87.3521055,351.097,-2.830018764936983,0.712043,0.1804366723646248,4.92467,88.71305,3.1862
1687242673609,-3.083710158028357,1.09875,0.0497237254763103,358.469,86.7432,359.967,-2.738605458591205,0.681297,-0.0178388654363931,1.21733,87.3901788,351.142,-2.797124956890338,0.711954,0.1824414630685747,4.58008,88.62521,3.82464
1687242673665,-3.0498073061860778,1.09836,0.0536886080260456,358.686,86.41020000000003,0.112225,-2.705345705095444,0.681277,-0.0149281553821755,1.1943,87.41965499999999,351.111,-2.763795620841782,0.711949,0.1857048135463779,4.69229,88.592,3.98066
1687242673721,-3.0159118580568225,1.098,0.0578028307496679,358.77,86.24720000000002,0.164757,-2.67221331923553,0.68109,-0.0110870212579239,1.22797,87.31020000000001,351.244,-2.730787209519799,0.711564,0.1895211219995383,4.69767,88.46718,4.23846
1687242673776,-2.9962471651513747,1.09789,0.0606446399506394,358.856,86.18020000000001,0.224991,-2.6528511956250904,0.681037,-0.0083256417642671,1.19515,87.25919999999996,351.264,-2.71270542383526,0.711748,0.193093605558959,4.00244,88.77163999999999,5.87595
1687242673831,-3.0224307757879414,1.09809,0.0656678607269901,358.736,86.20519999999999,0.279613,-2.6787399652723263,0.681043,-0.003298536517497,1.19643,87.2482,351.286,-2.7389749629781805,0.711911,0.19829929700664,4.21933,88.93132999999999,6.11236
1687242673886,-3.054077967999273,1.099,0.0779607065468376,358.328,86.24919999999997,0.379013,-2.709513583235497,0.680843,0.0089105361888156,1.24396,87.2772,351.291,-2.769399434332576,0.711758,0.2103637416189317,4.46783,88.85289999999999,5.64474
1687242673942,-3.086351774341328,1.09986,0.0898395587038086,357.955,86.15620000000001,0.487438,-2.740703909778049,0.680901,0.0206954417414433,1.21358,87.25819999999999,351.285,-2.800798336364135,0.71177,0.2220919296664554,4.3279,88.79975999999999,5.60942
1687242673997,-3.119061836170349,1.10098,0.1007554546818117,357.389,85.99620000000004,0.542445,-2.7723480190352645,0.680911,0.0315581859822949,1.22646,87.22519999999997,351.331,-2.832422223604996,0.711807,0.2328434980553671,4.33764,88.83627,5.73333
1687242674053,-3.1523825540044905,1.10223,0.1114021605175444,356.844,85.88120000000004,0.647975,-2.804152732362569,0.680938,0.0422060592291912,1.20216,87.18020000000001,351.334,-2.864191189438864,0.711844,0.2433265629083238,4.37984,88.86187,5.71759
1687242674109,-3.18595494093052,1.10354,0.1217556067964728,356.042,85.80520000000001,0.759215,-2.835979390846482,0.681064,0.0527216136349514,1.14278,87.1372,351.323,-2.896037494614573,0.711946,0.2537913428372139,4.32534,88.86241,5.77094
1687242674165,-3.219834490785141,1.10482,0.1320235175348899,355.363,85.76919999999996,0.839085,-2.8679338439863096,0.68121,0.0632912046093659,1.10509,87.12720000000002,351.344,-2.927913145081096,0.711993,0.2641531921964425,4.38783,88.91193,5.80502
1687242674220,-3.253468486284957,1.10589,0.1421543453627629,354.886,85.78520000000003,0.865897,-2.899969011016504,0.68153,0.073788093004804,1.0078,87.1132,351.321,-2.9598685873762647,0.712409,0.2744654073490297,4.06879,88.72496,5.78091
1687242674276,-3.2868700920812524,1.10684,0.1521845871062657,354.289,85.86220000000003,0.891782,-2.931929119506961,0.681718,0.0841300672107868,0.944653,87.12819999999999,351.211,-2.992599436604416,0.713269,0.2841851517218642,2.65158,88.50385999999999,5.26158
1687242674332,-3.29644283306314,1.10776,0.1566040150632041,353.733,85.91219999999998,0.922202,-2.939434894915116,0.68089,0.088200919216314,1.71353,87.23619999999994,351.037,-3.000632367043769,0.713045,0.2888670164711886,3.22382,88.61495,4.93994
1687242674388,-3.297493093358805,1.10821,0.1561787772075867,353.559,86.00519999999995,0.935251,-2.9393685321682588,0.68084,0.0881947163275059,1.98321,87.40603709999999,351.39,-3.0007355349513234,0.713099,0.2888681924179783,3.22721,88.51462,4.92962
1687242674444,-3.298090067109547,1.10877,0.1556853256891729,353.285,86.10820000000001,0.960157,-2.9377981083220384,0.681043,0.0886713894159239,3.79021,87.61672899999999,351.822,-3.00081003858007,0.713057,0.2887275538411098,3.22882,88.41778,4.79371
1687242674500,-3.2979190551429585,1.1091,0.1554068494492824,353.08,86.20820000000003,0.949764,-2.937362578759772,0.679616,0.088520594852388,3.81852,87.450942,352.322,-3.000928798104009,0.713136,0.2887410139850038,3.20374,88.38345,4.90352
1687242674555,-3.2974142715251022,1.10875,0.1551196847739759,353.271,86.31420000000003,0.904962,-2.937942381028867,0.680418,0.0886738442202564,3.18571,86.98320000000001,351.928,-3.000892186025149,0.713099,0.288664642814517,3.24262,88.36152,4.85282
1687242674612,-3.2966288635873364,1.10842,0.1548556707158379,353.379,86.4212,0.866753,-2.9377377424006217,0.680253,0.0889001632027341,3.33137,87.08619999999996,352.039,-3.00088258784239,0.713084,0.2886520779871115,3.20995,88.35351999999999,4.85308
1687242674669,-3.2956774306573857,1.10823,0.154605697297641,353.461,86.52919999999995,0.749622,-2.93787704804844,0.680097,0.0892455256015068,3.19311,86.8972,352.098,-3.0008207158392506,0.71312,0.2886990232235842,3.21611,88.32197,4.84446
1687242674723,-3.294697387017957,1.10782,0.1544416861281536,353.635,86.64020000000005,0.785518,-2.937878299586195,0.680091,0.0895502004998054,3.15535,86.71519999999998,352.102,-3.000655084595788,0.713124,0.2887107829510008,3.09939,88.316463,4.76922
1687242674778,-3.293673261723697,1.1073,0.1543539301867309,353.869,86.75019999999995,0.785116,-2.937724896446216,0.679803,0.0896948337139873,3.12805,86.70820000000003,352.084,-3.000490248406632,0.713202,0.2884401964939405,2.9856,88.30724,4.47069
1687242674834,-3.292829336694324,1.10689,0.1544073504721821,354.138,86.86720000000003,0.867657,-2.9376615818650604,0.679688,0.0896895893061935,3.06001,86.68219999999997,352.116,-3.000070794812589,0.712471,0.2879913238143919,3.80228,88.40473,4.04403
1687242674891,-3.300138902544636,1.10649,0.1540753884755555,354.337,86.90620000000001,0.906655,-2.9454510372187093,0.679573,0.0891045751143833,2.99457,86.78620000000001,352.071,-3.007990106868972,0.71279,0.2888326970337556,3.83832,88.63824,5.34914
1687242674946,-3.3323681052852248,1.10635,0.153328350562819,354.378,86.92719999999997,0.892987,-2.978144629939096,0.679413,0.088491843869625,2.70338,86.68420000000003,352.257,-3.040779631912314,0.712583,0.2880666110387863,3.55284,88.78625,5.57184
1687242675002,-3.365761212918664,1.10625,0.1536952305013291,354.448,86.92420000000004,0.868847,-3.0138642216251363,0.680383,0.0882544688607893,0.766398,87.13819999999998,351.431,-3.07410211147539,0.712628,0.2882891564142952,3.73321,88.79441,5.24653
1687242675056,-3.399338803300695,1.106,0.1541506944259433,354.564,86.9402,0.873202,-3.0464362141522554,0.681202,0.0891397366990615,1.60623,86.98320000000001,351.472,-3.10762453216994,0.712756,0.2886054484107658,3.62941,88.62411,5.11987
1687242675113,-3.4333132294955084,1.10585,0.1553326802108615,354.612,86.97220000000004,0.894441,-3.079925260494349,0.680794,0.0900662549504766,1.65352,86.79420000000005,351.42,-3.141337224507113,0.712782,0.2897543497300728,3.6326,88.67757999999999,4.97583
1687242675168,-3.466884375834033,1.10582,0.1567909481222615,354.549,86.97619999999995,0.93664,-3.113389571294685,0.68097,0.0914770878307301,1.5222,86.8682,351.482,-3.174477211701729,0.712805,0.2911658525153256,3.6601,88.72108999999999,4.91358
1687242675223,-3.5006934852757894,1.10589,0.1572605403602051,354.523,86.86119999999994,1.02511,-3.1470155160531768,0.681118,0.0919260644337181,1.48729,86.82219999999995,351.461,-3.2076444962423896,0.712626,0.290798988591875,3.9481,88.51728,4.12008
1687242675278,-3.505281689016478,1.10596,0.1572984439985325,354.473,86.81020000000001,1.00196,-3.151592904231915,0.681087,0.0920258917033965,1.41611,86.8252,351.56,-3.2116727234269065,0.712492,0.2904164731903893,4.14628,88.54768999999999,3.85496
1687242675335,-3.478399195072452,1.10586,0.1591350129149233,354.549,86.86419999999998,1.02002,-3.124606695101577,0.681102,0.0939287040536382,1.40777,86.76319999999998,351.512,-3.1839723160272486,0.712149,0.2917117249081836,4.69922,88.43332,3.11494
1687242675392,-3.4450962900805964,1.10573,0.1625078097189698,354.625,86.97619999999995,1.02691,-3.091188608691256,0.681106,0.0973751486902407,1.40583,86.80920000000003,351.489,-3.150498799396997,0.712165,0.2952571704575015,4.6809,88.41664999999999,3.22568
1687242675447,-3.412085501851524,1.10553,0.1661119554139717,354.732,87.06119999999999,1.00274,-3.058294734491969,0.68103,0.1011885250965141,1.41065,86.85019999999997,351.557,-3.117373389602656,0.711994,0.2992355567671823,4.79889,88.42808,3.46429
1687242675503,-3.378810855418984,1.10542,0.1704087833711027,354.839,87.14020000000005,0.938419,-3.02520012442274,0.681018,0.1057149647298439,1.42321,86.85720000000003,351.516,-3.0843045245982026,0.712013,0.3038842260271973,4.79156,88.47352,3.53967
1687242675558,-3.3455002310940625,1.10517,0.1746987052989163,355.002,87.1762,0.949455,-2.992042231067469,0.681083,0.1100896349161101,1.38666,86.88019999999995,351.589,-3.051033927273648,0.711945,0.3081609603910709,4.77577,88.43433999999999,3.32048
1687242675614,-3.3120757511487056,1.10508,0.1788569673012046,355.085,87.16719999999998,0.994002,-2.9587108237531647,0.681114,0.1140227773818211,1.38552,86.89520000000005,351.461,-3.017737451615772,0.711882,0.3122201069415539,4.75953,88.37713,3.2602
1687242675670,-3.278860108888074,1.10513,0.1830379559288211,355.123,87.09019999999998,1.00861,-2.9253689157809224,0.680927,0.1177434979582202,1.41413,86.93719999999996,351.578,-2.984414108558429,0.711824,0.3158028081572287,4.76532,88.41544999999999,2.80763
1687242675726,-3.245130316472074,1.10474,0.1863133497189747,355.401,87.00620000000004,1.00694,-2.8916861292089773,0.680878,0.1204876818505701,1.39274,86.95219999999995,351.51,-2.9506986126130665,0.711702,0.3182760253783981,4.70699,88.310661,2.33379
1687242675781,-3.211787447918718,1.10434,0.1861690009240169,355.687,86.98320000000001,1.12454,-2.858408792200946,0.680767,0.1200174914330909,1.41214,86.97019999999998,351.607,-2.917451453083693,0.711832,0.3170606079352537,4.46834,88.29406499999999,1.21899
1687242675837,-3.178868300209749,1.10406,0.1811405779272102,355.825,86.89020000000005,1.22438,-2.8256413453930564,0.680733,0.1144275085560293,1.40429,87.00919999999996,351.579,-2.8848381155389475,0.711942,0.3107424201591333,4.27674,88.37612,0.423187
1687242675892,-3.147671160095304,1.10422,0.1703625231726064,355.83,86.73320000000001,1.32302,-2.794423637558643,0.680839,0.1029429325752792,1.35535,87.00819999999999,351.582,-2.8534928130032795,0.711809,0.299055690765818,4.10479,88.33496,359.785
1687242675949,-3.11857768438509,1.10433,0.1550468309260524,355.869,86.61620000000005,1.36456,-2.764957010937078,0.68063,0.0870234023999251,1.41246,87.05420000000004,351.634,-2.8240557553313543,0.711825,0.2831690135540622,4.1777,88.237276,359.862
1687242676004,-3.091899469595468,1.1045,0.1358826736617369,355.821,86.57820000000004,1.43737,-2.7379317137991763,0.680786,0.067562003472963,1.37096,87.03419999999994,351.594,-2.797071243594815,0.711847,0.2636379307621404,4.03524,88.32493,359.783
1687242676059,-3.066476077747552,1.10516,0.1145462457437276,355.537,86.5172,1.48083,-2.7122741739030007,0.680698,0.046093192181389,1.40351,87.04420000000005,351.629,-2.771508479442391,0.711862,0.2420765853774099,3.98376,88.30212,359.643
1687242676115,-3.0414209472532923,1.10546,0.0925125024847149,355.452,86.48919999999998,1.40994,-2.686991852436232,0.680759,0.023998678527363,1.38247,87.03719999999998,351.632,-2.7463444183275487,0.711864,0.2197496861619519,3.72292,88.45769,359.329
1687242676171,-3.017365711901444,1.10564,0.069565122969689,355.406,86.57820000000004,1.37557,-2.6625382913712574,0.680822,0.0011798000207481,1.36848,87.03020000000004,351.614,-2.721925255030091,0.711955,0.1969385072390845,3.76354,88.41780999999999,359.391
1687242676227,-2.995436102784955,1.10601,0.0445047222624546,355.149,86.62419999999997,1.35731,-2.640196675114613,0.680702,-0.0235739247804199,1.3954,87.05520000000001,351.634,-2.699720435415665,0.711948,0.1723055163547665,3.67703,88.47287,359.577
1687242676283,-2.974751616122826,1.10641,0.0182370649136349,354.97,86.62519999999995,1.31902,-2.619242584355966,0.680912,-0.0495595536320263,1.31812,86.99419999999998,351.626,-2.6787040817481524,0.711985,0.146230201494331,3.65924,88.46714999999999,359.563
1687242676339,-2.955043376112413,1.10676,-0.0092100336415476,354.747,86.62019999999995,1.31206,-2.599163910571922,0.68073,-0.0767742119820951,1.38663,86.99419999999998,351.667,-2.6585722595126224,0.712018,0.1190563736733381,3.7009,88.48543,359.671
1687242676394,-2.9370001109460184,1.10709,-0.0368509598249903,354.605,86.60919999999999,1.26424,-2.5808600961566714,0.680938,-0.1043545054736908,1.3375,86.99620000000004,351.618,-2.640311508972684,0.712048,0.0915619599968511,3.60025,88.47395,359.666
1687242676450,-2.9191848112736296,1.10749,-0.0652917571247577,354.352,86.46119999999996,1.27304,-2.562943386607772,0.680869,-0.1329941172411056,1.37638,87.01120000000003,351.655,-2.6224446277747115,0.712071,0.0629175123795822,3.6161,88.48965,359.593
1687242676505,-2.901685569617112,1.10747,-0.0931116513006202,354.319,86.2912,1.2653,-2.545469649455928,0.680926,-0.16109673371648,1.3644,86.99919999999997,351.6,-2.604829967462305,0.712034,0.0349908797182847,3.74226,88.5067,359.826
1687242676561,-2.882688649665085,1.10793,-0.1205729253341804,354.08,86.23720000000003,1.31037,-2.5266909844201875,0.681089,-0.188621805727414,1.30541,86.93219999999997,351.612,-2.58589664238032,0.712033,0.0071987491555393,3.69146,88.50298,359.585
1687242676616,-2.863383875634536,1.10842,-0.1473828206361148,353.846,86.12720000000002,1.35468,-2.5071674283042,0.680858,-0.2156186227819376,1.37075,86.93920000000003,351.696,-2.566278460946293,0.712006,-0.0192960927510077,3.83904,88.61663999999999,0.383353
1687242676672,-2.844155049149548,1.10933,-0.1743242051841035,353.337,86.06420000000003,1.45928,-2.487521571770307,0.681045,-0.2427946288873564,1.31649,86.93719999999996,351.628,-2.546576697218278,0.711963,-0.0459342954112486,3.94894,88.7898,1.17112
1687242676728,-2.825350838482786,1.11011,-0.2011524937449814,352.966,85.99120000000005,1.64441,-2.4678541958857627,0.680889,-0.2698628182754736,1.36832,86.9452,351.672,-2.5272039438085288,0.712009,-0.0725043196085449,4.03592,88.91910999999999,1.61407
1687242676782,-2.8140669492595416,1.11142,-0.2315335446841481,352.269,85.93520000000001,1.91373,-2.455596885111773,0.680865,-0.300503775057293,1.40859,86.93520000000001,351.707,-2.515238342776872,0.71204,-0.1005071329833016,4.2214,88.78205,4.95251
1687242676838,-2.814423637617561,1.11216,-0.2343568800723414,351.737,85.75919999999996,2.20895,-2.4551925027788686,0.68104,-0.3037576650596944,1.31648,86.91219999999998,351.702,-2.514259282572984,0.711785,-0.1027785691218493,4.63555,88.75983,6.59836
1687242676893,-2.8308567970712417,1.11284,-0.2126182159744478,351.31,85.42020000000002,2.34097,-2.470833277655798,0.681023,-0.2829066612262195,1.3442,86.93420000000003,351.708,-2.5305468417967845,0.712213,-0.0820328317058205,4.19196,88.6946,5.31163
1687242676950,-2.8529925129190263,1.11335,-0.185847618040837,351.047,85.09320000000002,2.57732,-2.492220987720335,0.681203,-0.2570722523390773,1.31014,86.93719999999996,351.667,-2.551972384023093,0.712157,-0.0560532333991751,4.25752,88.57391,5.7732
1687242677005,-2.8769483199775103,1.11423,-0.1606104368974601,350.474,84.78020000000004,2.91454,-2.515294252887811,0.681146,-0.2322707199683561,1.33735,86.87419999999997,351.745,-2.5749285421233523,0.712484,-0.0308664020603682,4.283,88.85118,6.6953
1687242677061,-2.902279831531019,1.11509,-0.1369423685983756,349.956,84.4642,3.22124,-2.5396922329073246,0.681191,-0.2091373739944425,1.2942,86.84220000000005,351.779,-2.599216546185153,0.712431,-0.0083072407072214,4.32219,88.75412,6.26008
1687242677116,-2.928466182719532,1.11589,-0.1143301588795552,349.409,84.16319999999996,3.47147,-2.564853100816498,0.681288,-0.1872662316829448,1.26908,86.85019999999997,351.723,-2.624449602555528,0.712467,0.0135234809898656,4.31944,88.70682,6.21836
1687242677173,-2.954923070567624,1.11663,-0.0923908909670013,348.93,83.8872,3.56927,-2.590432727428952,0.681158,-0.1656733518418457,1.34135,86.88919999999996,351.713,-2.650272690859498,0.712584,0.0350991548795451,4.33133,88.77136999999999,6.24359
1687242677228,-2.981794661805274,1.11705,-0.0719087068260494,348.725,83.84119999999996,3.5057,-2.617046646833231,0.681251,-0.1449792840623385,1.30098,86.80619999999999,351.712,-2.6768223714820043,0.712605,0.055190968112439,4.32805,88.76552,6.09607
1687242677284,-3.008375138539136,1.11705,-0.051779984811638,348.721,83.88019999999995,3.40763,-2.643806677445844,0.681113,-0.1244195884354803,1.36785,86.7912,351.797,-2.703666260660755,0.712625,0.0754677318908154,4.31322,88.76462,6.09964
1687242677339,-3.0349716084169924,1.11701,-0.0324778081098724,348.71,84.08019999999999,3.23762,-2.6707537522012204,0.681058,-0.1046636935786236,1.37936,86.80719999999997,351.756,-2.7305937929399087,0.712627,0.0951911051913886,4.32415,88.75995999999999,5.95078
1687242677394,-3.062343024029996,1.11714,-0.0142774753584259,348.654,84.40719999999999,3.06772,-2.6982933332056787,0.681129,-0.0855444005051191,1.38122,86.78219999999999,351.787,-2.758152705850544,0.712631,0.1138894333763292,4.28191,88.88870999999999,5.63963
1687242677451,-3.091214652810899,1.11756,0.0014517702110682,348.488,84.72119999999995,2.88025,-2.7271501164020022,0.681007,-0.0687809687733608,1.43471,86.79420000000005,351.78,-2.7870918542449994,0.712635,0.1302738980064328,4.25619,88.90151,5.42993
1687242677507,-3.1221682706899907,1.11847,0.0134431872735338,348.199,84.99220000000003,2.62256,-2.7579001298458654,0.681033,-0.0559082843267515,1.41016,86.7772,351.77,-2.8178756780445635,0.712588,0.1427141278081977,4.3198,88.94503999999999,5.19399
1687242677562,-3.1551413316654124,1.11859,0.0173265487337762,348.248,85.22019999999998,2.48604,-2.7904229113987293,0.680731,-0.0512506651806442,1.55403,86.82420000000002,351.802,-2.850826399989424,0.712712,0.1467831873303945,4.14231,89.00281,4.61897
1687242677618,-3.188845175028727,1.1184,0.0145085299223964,348.285,85.35419999999999,2.33596,-2.823784891910715,0.680828,-0.0534505479942201,1.50116,86.80020000000002,351.704,-2.884139604546552,0.712646,0.1447602795326474,4.19982,88.92040999999999,4.68241
1687242677673,-3.222418172921563,1.11832,0.0102536691180469,348.266,85.52819999999997,2.25082,-2.85706603257019,0.680689,-0.0567697541583657,1.537,86.76419999999996,351.76,-2.917330069267827,0.71265,0.1413004605517615,4.30879,88.96414,4.70086
1687242677730,-3.25653972025548,1.11815,0.0059208764059927,348.324,85.7912,2.03278,-2.8906395554640425,0.680548,-0.0600126720722928,1.59629,86.7432,351.777,-2.9508577233011533,0.712721,0.1378262348609785,4.29915,88.89797,4.64692
1687242677785,-3.290853585864463,1.11912,0.0017033247905627,347.955,86.1372,1.81312,-2.923880216496056,0.680635,-0.0631297737395335,1.52835,86.71119999999996,351.726,-2.98402615908105,0.712826,0.1345563440810473,4.28966,88.83597999999999,4.52566
1687242677841,-3.3173349722859,1.11948,-0.0018037452977671,347.629,86.43119999999999,1.64769,-2.948856638403673,0.680479,-0.0654890879547597,1.58552,86.7482,351.747,-3.0091987353247944,0.712916,0.1322385007763327,4.16218,88.78344,4.51334
1687242677896,-3.3190358141543097,1.12044,-0.0029453552466785,347.197,86.7482,1.44342,-2.949052507471135,0.68052,-0.0654916711961244,1.56672,86.73519999999996,351.713,-3.0091042747399697,0.712914,0.1311238797419934,4.39922,88.35909,3.20681
1687242677952,-3.3151024910536555,1.12114,-0.0035351882835224,346.744,87.02419999999995,1.27245,-2.943767674123796,0.680482,-0.0650388048527618,1.60285,86.75720000000001,351.697,-3.003764599210975,0.712853,0.1319234906240459,4.23853,88.49556,3.57701
1687242678009,-3.28535598730449,1.1216,-0.0017288526294506,346.499,87.35605079999999,1.12426,-2.91275094796701,0.680346,-0.0622432449131847,1.63532,86.78819999999996,351.713,-2.97265973461644,0.712901,0.1337132722302956,4.32637,88.297502,2.17454
1687242678065,-3.2530190411024766,1.12176,-0.0007452522575701,346.352,87.80897999999999,1.09146,-2.87911617696284,0.68032,-0.0603190006105435,1.64702,86.83219999999994,351.667,-2.9392135717586503,0.712793,0.1359454319874351,4.19894,88.302593,2.46387
1687242678120,-3.2206237633888457,1.12245,-0.002433461833609,346.176,88.168658,1.10144,-2.8457729540961303,0.680139,-0.0612120229148314,1.71244,86.82219999999995,351.717,-2.9058247760110283,0.712842,0.1347419013861158,4.23849,88.259558,2.19875
1687242678176,-3.1881854914147265,1.12324,-0.0042201338241931,345.678,88.42689,1.07019,-2.8123820086453675,0.680115,-0.062475534186516,1.69589,86.79319999999996,351.705,-2.872363859640022,0.712841,0.1330744206721212,4.20219,88.21548999999999,1.72363
1687242678232,-3.155701550620683,1.12397,-0.0070325943559911,345.256,88.50019999999999,1.1658,-2.778869832023212,0.680229,-0.0650081360872407,1.65673,86.78819999999996,351.659,-2.8387795706767696,0.712884,0.130348680219415,4.26659,88.181102,1.60297
1687242678288,-3.123310065420614,1.12479,-0.0094764210978979,344.743,88.40186,1.31854,-2.7454716479218635,0.679937,-0.0678474406023073,1.77304,86.82320000000004,351.703,-2.805576550701388,0.71283,0.1275938399804393,4.27138,88.176124,1.64204
1687242678343,-3.0902520105233635,1.12507,-0.0114868451627465,344.671,88.11925199999999,1.53117,-2.711947608650912,0.679974,-0.0703939664854384,1.74002,86.79520000000002,351.636,-2.771913319482296,0.712734,0.1252175106060062,4.35814,88.22466,1.79474
1687242678399,-3.056639229484588,1.12455,-0.0125414204530294,345.068,87.858657,1.69315,-2.6786992247038035,0.67999,-0.0723807654748323,1.70559,86.78120000000001,351.708,-2.738586229203112,0.712664,0.123602299511048,4.40041,88.278641,2.19768
1687242678454,-3.0226083705270024,1.12435,-0.0129138116484353,345.051,87.721582,1.86021,-2.645209168453637,0.679771,-0.0736851118690162,1.78307,86.83119999999997,351.719,-2.7052134160798604,0.712693,0.1238611802434171,4.41622,88.50461999999999,3.90071
1687242678510,-2.988850273225073,1.12421,-0.0119405526674423,345.115,87.54355699999999,2.03589,-2.612112287069148,0.679815,-0.0736634475126679,1.73512,86.80719999999997,351.715,-2.671854250714753,0.712626,0.1234339207715818,4.53546,88.45545999999999,3.17481
1687242678566,-2.9550523695106,1.12386,-0.0079018053003988,345.514,87.2672,2.23411,-2.578899169159028,0.67986,-0.0704340393189201,1.64757,86.74419999999998,351.812,-2.6384622672393143,0.71267,0.1267131493381036,4.49753,88.41318,3.35876
1687242678621,-2.9218828068540192,1.12362,-0.0012707434284168,345.587,87.00720000000001,2.40061,-2.546051397649596,0.679834,-0.0646466715064273,1.66487,86.75720000000001,351.804,-2.605228061088567,0.712634,0.1333341036356067,4.67819,88.3728,4.18008
1687242678677,-2.8896493764173674,1.12376,0.0084507663598418,345.5,86.83820000000003,2.57627,-2.5138676194643943,0.679863,-0.055722696858163,1.66751,86.77120000000002,351.806,-2.573235239551512,0.712613,0.1421244006173411,4.67355,88.42405,4.00484
1687242678733,-2.8577019557580896,1.12383,0.0188402080095364,345.491,86.63819999999998,2.81287,-2.481886486870721,0.679878,-0.0458223336887548,1.63586,86.7142,351.83,-2.541248712169748,0.712639,0.151888166618911,4.62554,88.41784,4.00672
1687242678789,-2.826026755617857,1.12397,0.029076246779161,345.426,86.47019999999998,2.90837,-2.449892422109924,0.679847,-0.0358196764851392,1.63596,86.68420000000003,351.876,-2.509232733639124,0.712592,0.1619573215419759,4.60055,88.4908,4.21626
1687242678844,-2.795047262921885,1.12405,0.0403911012060758,345.348,86.26919999999996,2.83817,-2.418212024645181,0.679849,-0.0249375130739765,1.64489,86.72119999999995,351.907,-2.4776177428339574,0.712578,0.1731032143957175,4.61733,88.52909,4.33941
1687242678900,-2.765008399179978,1.12393,0.0540424044130793,345.392,86.14620000000002,2.88466,-2.387566944944496,0.679818,-0.0115289317395418,1.65991,86.74720000000002,351.884,-2.447161495816333,0.712496,0.1869741697214276,4.64871,88.59915,4.79437
1687242678955,-2.739190068969522,1.12399,0.0742777382886076,345.325,86.20820000000003,2.97789,-2.361451134357325,0.680053,0.0086881258023989,1.57387,86.75019999999995,351.901,-2.421004206418353,0.712376,0.2079302761103695,4.66241,88.70653,5.70815
1687242679011,-2.720875129067912,1.12408,0.1020121916048371,345.265,86.10820000000001,3.05225,-2.343094693158583,0.680035,0.036070745160011,1.57134,86.7722,351.929,-2.402534035102792,0.712319,0.2359199792105808,4.95795,88.73816,6.24296
1687242679066,-2.713931583045569,1.12389,0.1345160733914745,345.445,86.05819999999994,3.14682,-2.336256335161681,0.680337,0.0682212704102665,1.52041,86.79420000000005,351.883,-2.395714224759661,0.712375,0.2684452470718904,4.81922,88.65554999999999,6.42831
1687242679121,-2.718093393472028,1.1238,0.1673783553869181,345.498,86.08719999999994,3.09331,-2.3404349172516983,0.68041,0.1011060726122258,1.52688,86.84519999999998,351.869,-2.399940982182304,0.712393,0.3014181924943852,4.89573,88.70796999999999,6.36816
1687242679177,-2.730430210003697,1.12379,0.1978241859443539,345.545,86.22619999999995,3.05552,-2.3530063602728406,0.680502,0.1318484438187094,1.49661,86.86220000000003,351.84,-2.4126253062463547,0.712431,0.3323050421772997,4.95298,88.76751999999999,6.4859
1687242679233,-2.7510486649387613,1.12374,0.2233189727828756,345.606,86.39020000000005,3.00628,-2.3737701943510943,0.680626,0.15776057776795,1.46541,86.87819999999999,351.853,-2.433931922844688,0.712412,0.3578791192882776,4.44453,88.79329999999999,5.88684
1687242679289,-2.7774448468267723,1.12393,0.2429285115005329,345.588,86.5272,2.97127,-2.4004579870571,0.680626,0.1776842311126601,1.49891,86.92719999999997,351.843,-2.460666032037024,0.712466,0.3778298359493776,4.45795,88.67275,5.76034
1687242679345,-2.805314627683412,1.12394,0.2604019784883025,345.711,86.57320000000004,2.93358,-2.4287893230532904,0.680804,0.1952015283417501,1.47259,86.93319999999994,351.772,-2.489255294142739,0.712552,0.3953181377990861,4.18841,88.69337,5.5825
1687242679401,-2.83668499524477,1.12343,0.2696793958136859,346.024,86.43920000000003,2.96624,-2.460747775039936,0.680729,0.2042895326561377,1.49444,86.96019999999999,351.772,-2.5214011681859736,0.712628,0.4042611173476438,4.1825,88.63928999999999,5.36926
1687242679458,-2.8686544131688985,1.12253,0.2731794030365765,346.456,86.45320000000004,2.91022,-2.49378605630504,0.680653,0.2077423656782433,1.48814,86.9452,351.789,-2.554654693171792,0.712779,0.4074361790596884,3.99564,88.7777,5.26962
1687242679512,-2.900972030494243,1.12172,0.2750156047572239,346.842,86.62019999999995,2.92732,-2.527309460443796,0.680624,0.2097104249838197,1.47514,86.93719999999996,351.828,-2.588119878113615,0.712748,0.4092298705496896,4.00445,88.75668999999999,5.18985
1687242679567,-2.933034110529702,1.12067,0.2768683251612246,347.471,86.72619999999995,2.95396,-2.5605275154348965,0.680453,0.2113431376790282,1.51675,86.95920000000001,351.847,-2.621425176690237,0.712769,0.4110367933674096,4.07588,88.90437999999999,5.40195
1687242679623,-2.965183095736874,1.12019,0.2787283903509157,347.698,86.68020000000001,3.03945,-2.5938241006800413,0.680515,0.2129240621543037,1.47408,86.9642,351.819,-2.6546036585981554,0.712653,0.4128320763315213,4.19816,88.94792,5.60559
1687242679678,-2.997602828246725,1.11978,0.2813059395195761,347.897,86.53419999999994,2.95231,-2.627088046446368,0.680331,0.2150523943985365,1.51131,86.98220000000003,351.877,-2.6878734822190533,0.71263,0.4150218008458345,4.26402,88.94010999999999,5.64364
1687242679734,-3.03000708405994,1.11894,0.2847442534799016,348.38,86.45519999999999,3.01991,-2.6602501655393658,0.6804,0.218202796702871,1.479,86.9742,351.799,-2.721018827095009,0.712597,0.4183912274082835,4.3251,89.02503,5.83744
1687242679790,-3.062324506084687,1.11851,0.2898389784887836,348.605,86.54920000000004,2.99967,-2.6931288239212376,0.680304,0.2233044092614694,1.48458,86.97220000000004,351.841,-2.7539570222211114,0.71255,0.423331879176357,4.35597,88.97818,5.72794
1687242679846,-3.0945592575515906,1.11791,0.2952042881982669,348.904,86.64819999999997,2.95618,-2.7259320182849742,0.680132,0.2289245908513949,1.51897,86.96119999999996,351.864,-2.786828531656554,0.712535,0.4287220137906934,4.37132,88.94771999999999,5.57925
1687242679901,-3.1269274816654047,1.11758,0.3006290701513441,349.036,86.69619999999998,2.94829,-2.758873396097528,0.680211,0.2344953251515633,1.47789,86.94820000000004,351.85,-2.8197737754485166,0.712541,0.4342042704428188,4.2603,88.9782,5.39188
1687242679956,-3.1597827091892947,1.1171,0.3040617815249242,349.335,86.7482,2.89256,-2.792087405060122,0.680153,0.2379235207592429,1.49018,86.95320000000004,351.851,-2.8532056960963823,0.712713,0.4372833919216635,4.10565,88.86967,4.93088
1687242680013,-3.1929276903819708,1.11671,0.303599210316122,349.534,86.7622,2.92128,-2.8254405771400246,0.680193,0.2373746376458416,1.48861,86.99620000000004,351.828,-2.886949468957095,0.712843,0.4365244098077148,3.62899,88.90522999999999,4.6133
1687242680069,-3.2260055239404006,1.11605,0.2997594008145512,349.852,86.74620000000004,2.82916,-2.8585896422200614,0.680202,0.233518869058157,1.48254,87.01019999999994,351.807,-2.920257368691236,0.712903,0.4325544873210358,3.62819,88.89214,4.28953
1687242680124,-3.257703543618054,1.11524,0.290507175657957,350.242,86.77819999999997,2.67941,-2.890399618214111,0.680026,0.2244704805904069,1.51928,87.04219999999998,351.852,-2.952490501680885,0.712986,0.4228795213504376,3.3259,89.06478,3.75678
1687242680180,-3.2865385480020417,1.11466,0.2741776619492265,350.5,86.89120000000003,2.61765,-2.9196420336438376,0.680047,0.208484447471245,1.48696,87.01520000000005,351.835,-2.9816798882240128,0.712932,0.4067658287733962,3.38864,88.9057,3.64784
1687242680235,-3.3123314123292245,1.11432,0.253092660117098,350.62,87.03020000000004,2.615,-2.945867667865958,0.680009,0.1877884900165792,1.48139,87.0222,351.852,-3.007893067105493,0.712906,0.3856541989664028,3.31047,88.9618,3.13461
1687242680291,-3.336186133428198,1.11427,0.2301047506876025,350.688,87.06020000000001,2.57541,-2.9703016562908777,0.680005,0.1649039203543143,1.48834,87.00519999999995,351.832,-3.032223198037044,0.712859,0.3625826823034367,3.32313,88.91141999999999,2.84061
1687242680347,-3.354720322852421,1.11388,0.2032646387275711,350.978,87.07820000000004,2.38427,-2.989596291099387,0.68001,0.1380085005293967,1.4841,87.02520000000004,351.855,-3.051518853657019,0.71282,0.3350248898357084,3.07496,88.91721,2.08744
1687242680403,-3.363083994834203,1.11295,0.1712325338683095,351.417,87.1522,2.26798,-2.9990779950941944,0.679997,0.1059231250942965,1.49966,87.06719999999996,351.813,-3.060728994918801,0.712733,0.3026986522573975,3.41569,88.87639999999999,1.73019
1687242680458,-3.3608546680413154,1.11274,0.1377860340999635,351.503,87.426052,2.16351,-2.998144843043959,0.679922,0.0729182643356736,1.49755,87.06020000000001,351.833,-3.0598433144216632,0.712766,0.2688475450443381,3.13289,88.87213,0.767805
1687242680515,-3.347178663264008,1.1125,0.1065180454735655,351.865,87.710049,2.01228,-2.985727525728187,0.679868,0.0421978279744978,1.4913,87.02020000000005,351.865,-3.0469374880318982,0.712543,0.2375290025265091,3.43928,88.63498,0.107962
1687242680571,-3.324278156831807,1.11287,0.0805080826184321,351.588,87.808224,1.88676,-2.964210388157259,0.679931,0.0166679609974871,1.48531,87.01919999999996,351.871,-3.025064229595191,0.712585,0.2120476450223545,3.62732,88.74381,0.18388
1687242680626,-3.297803793992625,1.11312,0.0581824834103391,351.346,87.92089999999999,1.68938,-2.9387302086937805,0.679811,-0.005200196251495,1.51719,87.05619999999999,351.863,-2.999397810773101,0.712445,0.190542195453611,3.84899,88.77619,0.640651
1687242680683,-3.2683279709819724,1.11305,0.0399006981882802,351.372,88.22457,1.52311,-2.909996478358719,0.67965,-0.0228880213947646,1.54736,87.05520000000001,351.85,-2.9706190830114445,0.712499,0.1733044675016233,4.09111,88.82043,1.13721
1687242680738,-3.2362878600942344,1.11345,0.027403502621535,351.009,88.4724,1.53289,-2.8789146793052955,0.679671,-0.0344602335535173,1.53899,87.0222,351.881,-2.939039391451788,0.712253,0.1623662364563404,4.30727,88.75631999999999,1.85303
1687242680794,-3.202165147759922,1.1139,0.0219993645580661,350.789,88.80646,1.38004,-2.845806955681627,0.679596,-0.0393367469514652,1.5587,87.00120000000004,351.9,-2.9059988150220217,0.712281,0.1575982011868377,4.36333,88.7849,2.10371
1687242680849,-3.167730843428859,1.1142,0.0198879285443934,350.267,88.92506999999999,1.27888,-2.812325456289396,0.679666,-0.0411967020683739,1.53362,87.0122,351.814,-2.872127201631676,0.712047,0.1576050353773964,4.84022,88.5334,3.86374
1687242680907,-3.132564072284352,1.11345,0.0208391431117867,350.674,88.97574,1.35164,-2.778164029663549,0.679678,-0.0402210224156736,1.56668,87.03620000000001,351.826,-2.838113290375314,0.712103,0.1588662279470827,4.83709,88.72408999999999,4.09636
1687242680961,-3.0994926924119097,1.11073,0.0236932858489009,351.896,89.03555999999999,1.19826,-2.745800619966582,0.679743,-0.0373798068065448,1.58475,87.04420000000005,351.804,-2.8057105465504453,0.712185,0.1618722636593002,4.80227,88.68075999999999,4.05681
1687242681016,-3.064975753787968,1.1104,0.0275962034943407,352.672,89.57032,1.01195,-2.7130808649340667,0.680001,-0.0323241249431027,1.52195,87.03719999999998,351.769,-2.772654165924837,0.712155,0.1680983709881501,5.03834,88.67727,5.25505
1687242681072,-3.0319699684032484,1.10862,0.0345604489751514,353.252,90.20277,0.993567,-2.680588588652586,0.68,-0.0241722574363547,1.59355,87.12120000000004,351.811,-2.740328452961782,0.712198,0.1761728633635259,5.00698,88.65522999999999,4.88094
1687242681129,-3.0003481925241,1.10766,0.0395574536228222,353.849,92.29771,1.02374,-2.649253792827185,0.680708,-0.0154001939306989,1.40714,87.0272,351.597,-2.7084167407146564,0.712255,0.1850029737669807,4.94155,88.57240999999999,4.70494
1687242681183,-2.9684479700992497,1.1068,0.0437951489580043,354.606,95.00206,0.992867,-2.6169076663287654,0.68046,-0.0072651876965412,1.45863,87.00519999999995,351.73,-2.6761492899470074,0.71224,0.193385771383934,4.87136,88.56764,5.07545
1687242681239,-2.9363889401079035,1.10734,0.0510306962228412,354.208,95.72387,0.538043,-2.5846001665924296,0.680305,0.0023222548286813,1.55198,87.05719999999997,351.674,-2.644055751759885,0.71233,0.2028604831881525,4.98126,88.58887,4.91128
